Time,Current_Generated_Packets_Number,Current_Arrived_Packets_Number,Current_Lost_Packets_Number,Current_Generated_Packets_Byte,Current_Arrived_Packets_Byte,Current_Lost_Packets_Byte,Current_Latency,Current_Covered_Users_Number,Current_Operational_Satellite_Number,Current_Hop_Count,Current_Load_Deviation,Total_Generated_Packets_Number,Total_Arrived_Packets_Number,Total_Lost_Packets_Number,Total_Generated_Packets_Byte,Total_Arrived_Packets_Byte,Total_Lost_Packets_Byte,Total_Latency,Total_Covered_Users_Number,Total_Operational_Satellite_Number,Total_Hop_Count,Total_Load_Deviation
0,0.0,0.0,0.0,0.0,0.0,0.0,0.0,0.0,1320.0,0.0,0.0,0.0,0.0,0.0,0.0,0.0,0.0,0.0,0.0,1320.0,0.0,0.0
1,490.0,0.0,0.0,614650.0,0.0,0.0,0.0,498.0,1320.0,0.0,0.6803329060453208,980.0,0.0,0.0,1229300.0,0.0,0.0,0.0,996.0,1320.0,0.0,1.3606658120906416
2,1326.5,240.5,5.5,1655250.0,301850.0,7100.0,125.05671492658597,996.0,1320.0,10.656964656964657,1.4985747359889787,2653.0,481.0,11.0,3310500.0,603700.0,14200.0,125.05671492658597,996.0,1320.0,5126.0,1.6364836598873156
3,980.0,311.0,8.0,1219300.0,389700.0,9750.0,122.08518989862917,996.0,1320.0,10.0016077170418,1.5795535631931075,2940.0,622.0,16.0,3667900.0,779400.0,19500.0,122.08518989862918,996.0,1320.0,6221.0,1.5226234664988991
4,633.5,168.5,4.5,788250.0,210000.0,5350.0,105.83344614883829,996.0,1320.0,7.905044510385757,1.5056608100351268,3920.0,818.0,20.0,4887000.0,1023700.0,24900.0,117.11966123076164,996.0,1320.0,7790.0,1.4886981535713544
5,579.5,204.0,4.0,721150.0,254500.0,5150.0,103.59125463968758,996.0,1320.0,8.132352941176471,1.4840015045400148,4099.0,1030.0,24.0,5110200.0,1288400.0,29800.0,114.78587579263305,996.0,1320.0,9539.0,1.479304855508675
6,490.0,216.0,9.0,611350.0,269050.0,11200.0,133.32537644820758,995.5,1320.0,9.041666666666666,1.4643398196717556,4900.0,1250.0,38.0,6109700.0,1561800.0,47300.0,122.78159589524178,995.0,1320.0,11696.0,1.4493747838348363
7,527.5,259.5,9.5,659800.0,322100.0,11800.0,134.33505801879033,995.0,1320.0,9.830443159922929,1.439626929140608,5154.0,1549.0,43.0,6429800.0,1932600.0,53400.0,121.39232053991479,995.0,1320.0,14641.0,1.4298790744463796
8,490.0,308.0,8.5,611850.0,381900.0,10400.0,130.74973346085042,995.0,1320.0,10.48538961038961,1.4311070048026777,5880.0,1866.0,55.0,7333400.0,2325600.0,68100.0,125.40722373440386,995.0,1320.0,18155.0,1.4323349351589756
9,363.0,352.0,13.0,451800.0,441000.0,15800.0,148.5585714802058,995.0,1320.0,11.515625,1.4266677084180321,5880.0,2253.0,69.0,7333400.0,2814600.0,85000.0,129.9329592937531,995.0,1320.0,22748.0,1.4210004816770887
10,154.5,361.5,11.0,192950.0,452300.0,13550.0,154.2611894037282,995.0,1320.0,12.831258644536653,1.418521836183257,6189.0,2589.0,77.0,7719300.0,3230200.0,95200.0,133.47031616637943,995.0,1320.0,27432.0,1.4160431906894253
11,490.0,317.5,21.0,615250.0,394900.0,26150.0,193.40141208791744,994.5,1320.0,14.11968503937008,1.4177029710123716,6860.0,2888.0,111.0,8563900.0,3604400.0,137300.0,144.26044930430658,994.0,1320.0,31714.0,1.4193627513353182
12,335.5,316.5,25.0,422300.0,395450.0,31150.0,201.9238606871188,994.0,1320.0,14.074249605055293,1.4233720117307844,6860.0,3222.0,127.0,8563900.0,4021100.0,157500.0,147.4308330095162,994.0,1320.0,36341.0,1.4273812721262509
13,490.0,354.5,22.0,612500.0,441900.0,27600.0,187.1186028823689,994.0,1320.0,14.031029619181947,1.4198208506616528,7840.0,3597.0,155.0,9788900.0,4488200.0,192500.0,152.86177916685463,994.0,1320.0,41662.0,1.4122604291970546
14,490.0,430.5,25.5,612500.0,536150.0,31750.0,190.72485503494153,994.0,1320.0,14.596980255516842,1.411037541860689,7840.0,4083.0,178.0,9788900.0,5093400.0,221000.0,156.69723716046425,994.0,1320.0,48909.0,1.4098146545243235
15,490.0,427.5,19.5,614550.0,530300.0,24250.0,184.0256975525097,994.0,1320.0,14.975438596491228,1.4038115381099332,8820.0,4452.0,194.0,11018000.0,5548800.0,241000.0,158.85845222685825,994.0,1320.0,54466.0,1.397808421695543
16,490.0,378.5,12.5,614550.0,471450.0,15550.0,176.23334013380403,994.0,1320.0,15.266842800528401,1.4021734849262941,8820.0,4840.0,203.0,11018000.0,6036300.0,252100.0,159.72663087951068,994.0,1320.0,60466.0,1.4065385481570454
17,490.0,409.0,9.0,610750.0,513750.0,10850.0,174.22691940365186,994.0,1320.0,15.907090464547677,1.4081796692148085,9800.0,5270.0,212.0,12239500.0,6576300.0,262700.0,161.20212945411095,994.0,1320.0,67478.0,1.4098207902725715
18,490.0,424.0,14.5,610750.0,530800.0,17900.0,183.6470001990003,994.0,1320.0,15.733490566037736,1.413793768621488,9800.0,5688.0,232.0,12239500.0,7097900.0,287900.0,163.27023964525247,994.0,1320.0,73808.0,1.4177667469704047
19,237.0,453.0,17.5,295850.0,566650.0,22050.0,186.8942931370238,994.0,1320.0,15.684326710816777,1.4190624288609177,10274.0,6176.0,247.0,12831200.0,7709600.0,306800.0,164.9661534344347,994.0,1320.0,81688.0,1.4203581107514305
20,490.0,384.5,13.5,611050.0,480200.0,16600.0,185.00033981186743,994.0,1320.0,15.934980494148245,1.4170437253300445,10780.0,6457.0,259.0,13461600.0,8058300.0,321100.0,165.84575479305266,994.0,1320.0,86062.0,1.4137293399086583
21,253.0,360.0,13.5,315200.0,448400.0,16600.0,183.3903682818178,994.0,1320.0,15.531944444444445,1.4091374983967808,10780.0,6896.0,274.0,13461600.0,8606400.0,340000.0,166.8856636842252,994.0,1320.0,92871.0,1.4045456568849033
22,490.0,387.0,18.5,615000.0,481700.0,23400.0,192.12867450096206,994.0,1320.0,15.555555555555555,1.402447583015074,11760.0,7232.0,296.0,14691600.0,9023000.0,367900.0,168.65694109650283,994.0,1320.0,98103.0,1.4003495091452445
23,490.0,367.5,17.0,615000.0,460450.0,21950.0,189.63823659906024,994.0,1320.0,15.47891156462585,1.4001906717896895,11760.0,7631.0,308.0,14691600.0,9527300.0,383900.0,169.08955946096145,994.0,1320.0,104248.0,1.4000318344341343
24,490.0,353.0,7.5,610700.0,444450.0,10000.0,173.50311697624463,994.0,1320.0,15.825779036827196,1.401641645665077,12740.0,7938.0,311.0,15913000.0,9911900.0,387900.0,169.08051884038613,994.0,1320.0,109276.0,1.4032514568960197
25,490.0,367.0,9.5,610700.0,458300.0,12250.0,183.186504110505,994.0,1320.0,16.53814713896458,1.3991718899656076,12740.0,8365.0,327.0,15913000.0,10443900.0,408400.0,170.31079730278174,994.0,1320.0,116387.0,1.3950923230351955
26,350.0,392.5,12.5,435350.0,492100.0,15900.0,186.39969847228315,994.0,1320.0,16.286624203821656,1.394737688489325,13440.0,8723.0,336.0,16783700.0,10896100.0,419700.0,170.6290932417365,994.0,1320.0,122061.0,1.3943830539434545
27,490.0,357.0,11.5,610050.0,449450.0,14000.0,182.7621699218151,994.0,1320.0,15.84873949579832,1.3936133636114327,13720.0,9079.0,350.0,17133100.0,11342800.0,436400.0,171.28403535774262,994.0,1320.0,127703.0,1.3928436732794112
28,140.0,379.5,12.5,174700.0,475500.0,15000.0,182.53074076109567,994.0,1320.0,15.740447957839262,1.3990329703511288,13720.0,9482.0,361.0,17133100.0,11847100.0,449700.0,171.57706557285286,994.0,1320.0,134008.0,1.4052222674228465
29,490.0,358.0,11.5,609600.0,447000.0,14100.0,180.7200458321765,994.0,1320.0,15.562849162011172,1.407619455473076,14700.0,9795.0,373.0,18352300.0,12236800.0,464600.0,171.96983509619747,994.0,1320.0,138846.0,1.410016643523306
30,490.0,323.0,18.5,609600.0,401850.0,23400.0,201.5313856792165,994.0,1320.0,15.756965944272446,1.4171423268919776,14700.0,10128.0,398.0,18352300.0,12650800.0,496500.0,173.52070994228527,994.0,1320.0,144187.0,1.4242680102606495
31,265.5,353.5,19.0,330600.0,440950.0,23850.0,195.35100883125642,994.0,1320.0,15.398868458274398,1.4242015758163467,15231.0,10502.0,411.0,19013500.0,13118700.0,512300.0,173.56600245921572,994.0,1320.0,149733.0,1.4241351413720436
32,490.0,400.0,19.5,614100.0,498400.0,25100.0,190.93240436607027,994.0,1320.0,15.535,1.4244524883655185,15680.0,10929.0,437.0,19580500.0,13648700.0,546700.0,174.8011970917283,994.0,1320.0,156632.0,1.4247698353589935
33,224.5,387.5,22.0,283500.0,480050.0,28100.0,198.6772201176958,994.0,1320.0,15.748387096774193,1.4253846984129697,15680.0,11277.0,455.0,19580500.0,14078800.0,568500.0,175.31899319074418,994.0,1320.0,161938.0,1.4259995614669458
34,313.5,339.5,18.0,394600.0,423350.0,21950.0,193.6639123117368,994.0,1320.0,15.458026509572901,1.4216942726563566,16307.0,11608.0,473.0,20369700.0,14495400.0,590600.0,175.91756505649144,994.0,1320.0,167128.0,1.4173889838457674
35,490.0,394.0,20.0,615750.0,494850.0,24250.0,197.56811117647248,994.0,1320.0,16.017766497461928,1.4148488802605739,16660.0,12065.0,495.0,20812000.0,15068500.0,617000.0,176.78573440827464,994.0,1320.0,174560.0,1.4123087766753806
36,185.5,406.0,19.5,232300.0,507200.0,23700.0,192.3139182844273,994.0,1320.0,15.501231527093596,1.4127593873021875,16678.0,12421.0,512.0,20834300.0,15511100.0,638000.0,177.008090769335,994.0,1320.0,179747.0,1.4132099979289947
37,490.0,345.5,16.5,616450.0,430550.0,19800.0,191.73710756941574,994.0,1320.0,15.51808972503618,1.4133423269124628,17640.0,12756.0,528.0,22044900.0,15929600.0,656600.0,177.60060900693935,994.0,1320.0,185283.0,1.4134746558959308
38,481.0,362.0,20.0,605300.0,453050.0,24200.0,201.4598497080958,994.0,1320.0,16.21685082872928,1.4121112513532479,17640.0,13145.0,552.0,22044900.0,16417200.0,686400.0,178.37197657127783,994.0,1320.0,191488.0,1.4107478468105648
39,490.0,368.0,22.0,614850.0,461950.0,27200.0,205.85107265252904,994.0,1320.0,16.23641304347826,1.4108010801013617,18620.0,13492.0,572.0,23274600.0,16853500.0,711000.0,179.16740093267575,994.0,1320.0,197233.0,1.4108543133921585
40,490.0,350.0,29.5,614850.0,439100.0,37000.0,226.6078871031744,994.0,1320.0,16.535714285714285,1.4167154488648421,18620.0,13845.0,611.0,23274600.0,17295400.0,760400.0,180.9045620785901,994.0,1320.0,203063.0,1.4225765843375258
41,207.0,368.0,26.0,259050.0,461200.0,33150.0,213.28184814112353,994.0,1320.0,16.25,1.4287663814273053,19034.0,14233.0,624.0,23792700.0,17781300.0,777300.0,180.94359882012594,994.0,1320.0,209243.0,1.4349561785170848
42,490.0,350.5,12.5,612800.0,436600.0,16250.0,184.92062090098548,993.0,1320.0,16.0527817403709,1.428810606417682,19600.0,14546.0,636.0,24500200.0,18168600.0,792900.0,181.09660915440753,992.0,1320.0,214316.0,1.4226650343182792
43,309.0,314.5,20.0,386500.0,392600.0,25650.0,207.65473081508264,992.0,1320.0,16.114467408585057,1.4186526979522744,19652.0,14862.0,664.0,24565700.0,18566500.0,828600.0,182.09455510665336,992.0,1320.0,219379.0,1.41464036158627
44,490.0,329.0,28.0,612500.0,412700.0,35600.0,222.82213436461572,992.0,1320.0,15.846504559270517,1.4140491479005803,20580.0,15204.0,692.0,25725200.0,18994000.0,864100.0,182.9707929113332,992.0,1320.0,224743.0,1.4134579342148907
45,464.0,341.0,26.0,579750.0,426850.0,32800.0,213.0639208686172,992.0,1320.0,15.337243401759531,1.4142377307408065,20580.0,15544.0,716.0,25725200.0,19420200.0,894200.0,183.49255722653547,992.0,1320.0,229839.0,1.4150175272667225
46,0.0,319.5,25.5,0.0,399250.0,32150.0,214.7879349186963,992.0,1320.0,15.347417840375586,1.4127798143242591,20580.0,15843.0,743.0,25725200.0,19792500.0,928400.0,184.29442898905415,992.0,1320.0,234550.0,1.410542101381796
47,490.0,343.0,20.0,616650.0,429450.0,25150.0,199.17265639437457,992.0,1320.0,15.543731778425656,1.406813431404955,21560.0,16230.0,756.0,26958500.0,20279100.0,944500.0,184.16274161343392,992.0,1320.0,240502.0,1.4030847614281141
48,490.0,357.5,22.5,616650.0,448150.0,28000.0,199.1832233780497,992.0,1320.0,15.227972027972028,1.403596137063346,21560.0,16558.0,788.0,26958500.0,20688800.0,984400.0,184.946768648667,992.0,1320.0,245438.0,1.404107512698578
49,0.0,350.5,21.0,0.0,435850.0,25850.0,196.45623699013947,992.0,1320.0,15.186875891583453,1.4040570027554007,21560.0,16931.0,798.0,26958500.0,21150800.0,996200.0,184.67794647918458,992.0,1320.0,251148.0,1.4040064928122236
50,490.0,341.5,24.0,616100.0,425850.0,29750.0,207.43441116694265,992.0,1320.0,15.374816983894583,1.403138063226732,22540.0,17241.0,836.0,28190700.0,21540500.0,1043900.0,185.8561267656586,992.0,1320.0,255939.0,1.4022696336412408
51,490.0,344.0,26.5,616100.0,432050.0,33250.0,208.62511280537467,992.0,1320.0,14.837209302325581,1.406789381926592,22540.0,17619.0,851.0,28190700.0,22014900.0,1062700.0,185.63868552887072,992.0,1320.0,261356.0,1.4113091302119432
52,490.0,343.0,10.5,608900.0,430350.0,13050.0,174.41773858062558,992.0,1320.0,15.042274052478135,1.410606910255349,23520.0,17927.0,857.0,29408500.0,22401200.0,1070000.0,185.42560395652185,992.0,1320.0,266258.0,1.4099046902987549
53,490.0,305.5,21.5,608900.0,383550.0,26950.0,214.20678619919022,992.0,1320.0,16.27823240589198,1.4148651516704625,23520.0,18230.0,894.0,29408500.0,22782000.0,1116600.0,186.615653623327,992.0,1320.0,271302.0,1.41982561304217
54,0.0,332.0,25.0,0.0,414200.0,31600.0,216.95932565212271,992.0,1320.0,16.072289156626507,1.4162519429034237,23520.0,18591.0,907.0,29408500.0,23229600.0,1133200.0,186.58034173940518,992.0,1320.0,276930.0,1.4126782727646772
55,262.5,336.5,12.0,329350.0,419250.0,15100.0,185.57871865894975,992.0,1320.0,15.826151560178307,1.4148612287413416,24045.0,18903.0,918.0,30067200.0,23620500.0,1146800.0,186.57919009120607,992.0,1320.0,281953.0,1.417044184718006
56,490.0,268.5,18.5,613600.0,336900.0,23650.0,212.3190128641377,992.0,1320.0,16.068901303538176,1.4117369230918193,24500.0,19128.0,944.0,30635700.0,23903400.0,1180500.0,187.3163918203933,992.0,1320.0,285559.0,1.4064296614656326
57,227.5,326.5,27.5,284250.0,413800.0,34950.0,219.0994293718154,992.0,1320.0,15.531393568147013,1.4113888180310852,24500.0,19556.0,973.0,30635700.0,24448100.0,1216700.0,187.70074152628186,992.0,1320.0,292095.0,1.4163479745965375
58,490.0,335.0,24.5,606950.0,424950.0,30250.0,215.35092389266376,991.0,1320.0,16.071641791044776,1.413083198585892,25480.0,19816.0,993.0,31849600.0,24776400.0,1241000.0,188.25536123583532,990.0,1320.0,296592.0,1.4098184225752464
59,490.0,328.5,29.0,606950.0,412650.0,36100.0,231.56334465371842,990.0,1320.0,16.59360730593607,1.411672223027157,25480.0,20213.0,1031.0,31849600.0,25273400.0,1288900.0,189.17700594146336,990.0,1320.0,302997.0,1.4135260234790679
60,250.0,340.5,26.5,312350.0,424850.0,33750.0,220.17269910098767,990.0,1320.0,16.13215859030837,1.4101628614565413,25980.0,20497.0,1046.0,32474300.0,25626100.0,1308500.0,189.34282936901178,990.0,1320.0,307578.0,1.4067996994340148
61,490.0,346.5,21.5,613050.0,432550.0,27500.0,208.09438306988682,989.5,1320.0,16.18037518037518,1.406238056915546,26460.0,20906.0,1074.0,33075700.0,26138500.0,1343900.0,189.81045405640967,989.0,1320.0,314210.0,1.405676414397077
62,240.0,369.5,23.5,300700.0,459800.0,30250.0,206.74105680704704,989.0,1320.0,16.098782138024358,1.4023700653525804,26460.0,21236.0,1093.0,33075700.0,26545700.0,1369000.0,189.9552619350158,989.0,1320.0,319475.0,1.3990637163080837
63,250.0,367.5,17.5,312700.0,456400.0,22900.0,193.52457758804002,989.0,1320.0,15.730612244897959,1.3990637163080837,26960.0,21641.0,1109.0,33701100.0,27051300.0,1389700.0,189.9361628528653,989.0,1320.0,325772.0,1.3990637163080837
64,490.0,352.0,16.0,615500.0,442000.0,20350.0,195.97372370266626,988.5,1320.0,16.00284090909091,1.3935579283089055,27440.0,21940.0,1125.0,34306700.0,27429700.0,1409700.0,190.14730996714206,988.0,1320.0,330741.0,1.3880521403097272
65,240.0,326.5,19.0,302800.0,409800.0,23550.0,209.52912282958638,988.0,1320.0,16.531393568147013,1.3934859949377525,27440.0,22294.0,1147.0,34306700.0,27870900.0,1436800.0,190.51372931094787,988.0,1320.0,336567.0,1.3989198495657778
66,490.0,347.0,23.5,615500.0,433750.0,29300.0,213.80199253253173,988.0,1320.0,16.187319884726225,1.3958361847323946,28420.0,22634.0,1172.0,35537700.0,28297200.0,1468300.0,190.88359996886217,988.0,1320.0,341975.0,1.3927525198990114
67,490.0,347.5,21.5,615500.0,431950.0,26900.0,205.47562048002288,988.0,1320.0,15.870503597122303,1.391405565082521,28420.0,22989.0,1190.0,35537700.0,28734800.0,1490600.0,190.9704014513497,988.0,1320.0,347597.0,1.3900586102660304
68,225.5,319.5,24.0,279500.0,399200.0,29500.0,218.88096363928037,988.0,1320.0,16.18622848200313,1.384956662819052,28871.0,23273.0,1220.0,36096700.0,29095600.0,1527300.0,191.66889327068645,988.0,1320.0,352318.0,1.3798547153720737
69,490.0,307.0,24.0,607100.0,388350.0,29900.0,224.1095393683304,988.0,1320.0,16.54397394136808,1.3845239856918758,29400.0,23603.0,1238.0,36751900.0,29511500.0,1550400.0,191.85354260110358,988.0,1320.0,357755.0,1.3891932560116782
70,264.5,344.0,18.0,327600.0,434300.0,22300.0,203.62625119315481,988.0,1320.0,16.510174418604652,1.390602226889428,29400.0,23961.0,1256.0,36751900.0,29964200.0,1571900.0,192.01219846701719,988.0,1320.0,363677.0,1.3920111977671779
71,490.0,348.5,19.0,611600.0,434450.0,23200.0,203.99949575443847,988.0,1320.0,16.441893830703012,1.3947807439612994,30380.0,24300.0,1276.0,37975100.0,30380400.0,1596800.0,192.20259153634427,988.0,1320.0,369215.0,1.3975502901554209
72,490.0,367.5,17.0,611600.0,453000.0,21250.0,196.07940111439777,988.0,1320.0,16.268027210884355,1.3901790567768,30380.0,24696.0,1290.0,37975100.0,30870200.0,1614400.0,192.13255861616796,988.0,1320.0,375634.0,1.382807823398179
73,93.0,361.0,13.0,116250.0,450700.0,16950.0,189.12182740016178,988.0,1320.0,16.209141274238227,1.3833462370618266,30566.0,25022.0,1302.0,38207600.0,31281800.0,1630700.0,192.11505120911917,988.0,1320.0,380918.0,1.3838846507254738
74,490.0,322.0,14.0,610000.0,402000.0,18450.0,194.43288345653406,988.0,1320.0,16.253105590062113,1.3859612582646812,31360.0,25340.0,1318.0,39195100.0,31674200.0,1651300.0,192.19054564793035,988.0,1320.0,386101.0,1.3880378658038885
75,397.0,363.0,24.0,493750.0,450950.0,30950.0,206.5679589654237,988.0,1320.0,15.69146005509642,1.3918523784020633,31360.0,25748.0,1350.0,39195100.0,32183700.0,1692600.0,192.52786952055894,988.0,1320.0,392310.0,1.395666891000238
76,414.0,368.0,27.0,517150.0,460150.0,35000.0,214.29540074459464,988.0,1320.0,15.841032608695652,1.3959632662582446,32188.0,26076.0,1372.0,40229400.0,32594500.0,1721300.0,192.8267608740444,988.0,1320.0,397760.0,1.3962596415162511
77,490.0,337.0,21.5,612100.0,423950.0,27000.0,204.70132888686655,988.0,1320.0,15.574183976261127,1.3945155307809896,32340.0,26422.0,1393.0,40419300.0,33031600.0,1746600.0,192.8416703605962,988.0,1320.0,402807.0,1.3927714200457282
78,511.5,334.0,21.5,640750.0,417900.0,26200.0,197.78615381792693,988.0,1320.0,14.803892215568862,1.3930559791928667,33211.0,26744.0,1415.0,41510900.0,33430300.0,1773700.0,192.9519829480919,988.0,1320.0,407649.0,1.393340538340005
79,490.0,330.5,23.5,615550.0,408550.0,28800.0,208.85960117033477,988.0,1320.0,15.494704992435704,1.3970614883426746,33320.0,27083.0,1440.0,41650400.0,33848700.0,1804200.0,193.23926861510316,988.0,1320.0,413049.0,1.4007824383453442
80,95.0,382.5,23.0,120400.0,475150.0,28600.0,204.46663851919226,988.0,1320.0,15.908496732026144,1.3998772118597276,33401.0,27509.0,1461.0,41751700.0,34380600.0,1830900.0,193.27432970916058,988.0,1320.0,419819.0,1.3989719853741112
81,490.0,394.0,16.0,608400.0,490600.0,20400.0,192.91435516617486,988.0,1320.0,16.305837563451778,1.3974081143585457,34300.0,27871.0,1472.0,42867200.0,34829900.0,1845000.0,193.23018879953807,988.0,1320.0,425898.0,1.39584424334298
82,449.5,338.5,13.0,557750.0,424650.0,16100.0,193.44752266941953,988.0,1320.0,16.48301329394387,1.3943650359047477,34300.0,28186.0,1487.0,42867200.0,35229900.0,1863100.0,193.27843292255514,988.0,1320.0,430978.0,1.392885828466515
83,350.0,333.5,11.5,438250.0,421450.0,14300.0,189.5280281362813,988.0,1320.0,16.350824587706146,1.3934324153792592,35000.0,28538.0,1495.0,43743700.0,35672800.0,1873600.0,193.1451326660298,988.0,1320.0,436804.0,1.3939790022920033
84,490.0,384.0,10.0,611950.0,481450.0,12850.0,184.98536243839743,988.0,1320.0,16.647135416666668,1.3932422995921514,35280.0,28954.0,1507.0,44091100.0,36192800.0,1888800.0,193.06389828674156,988.0,1320.0,443763.0,1.3925055968922995
85,140.0,425.5,11.0,173700.0,529350.0,13800.0,186.53163065221344,988.0,1320.0,16.964747356051703,1.3947176791646783,35280.0,29389.0,1517.0,44091100.0,36731500.0,1901200.0,192.9583214559716,988.0,1320.0,451241.0,1.396929761437057
86,350.0,417.5,12.5,435500.0,519500.0,15000.0,187.19578800244807,988.0,1320.0,16.453892215568864,1.3977038849749452,35980.0,29789.0,1532.0,44962100.0,37231800.0,1918800.0,192.902773966174,988.0,1320.0,457502.0,1.3984780085128337
87,490.0,398.0,16.0,611350.0,495800.0,19100.0,191.09774111413657,987.5,1320.0,15.99748743718593,1.3906833549825535,36260.0,30185.0,1549.0,45313800.0,37723100.0,1939400.0,192.90977540054067,987.0,1320.0,463975.0,1.3828887014522733
88,140.0,381.5,14.5,175850.0,472550.0,17150.0,190.62060447756951,987.0,1320.0,16.384010484927916,1.3804870366638007,36260.0,30552.0,1561.0,45313800.0,38176900.0,1953100.0,192.84648902752048,987.0,1320.0,470003.0,1.378085371875328
89,490.0,332.5,13.5,610850.0,414450.0,16650.0,194.87266543916388,984.5,1320.0,16.571428571428573,1.3761911343236783,37240.0,30851.0,1576.0,46535500.0,38553100.0,1972700.0,192.94765281346548,982.0,1320.0,475001.0,1.3742968967720288
90,490.0,340.5,19.5,610850.0,429550.0,25000.0,206.63881599608462,982.0,1320.0,16.293685756240823,1.3779631004202142,37240.0,31233.0,1600.0,46535500.0,39036000.0,2003100.0,193.14894312606054,982.0,1320.0,481099.0,1.3816293040683998
91,490.0,354.5,19.5,609550.0,443300.0,25100.0,202.51374728237664,980.5,1320.0,15.909732016925247,1.384213957733825,38220.0,31560.0,1615.0,47754600.0,39439700.0,2022900.0,193.16334048981062,979.0,1320.0,486281.0,1.3867986113992505
92,490.0,362.0,18.5,609550.0,448650.0,23400.0,200.3864861824217,979.0,1320.0,16.03867403314917,1.3934899219860606,38220.0,31957.0,1637.0,47754600.0,39933300.0,2049900.0,193.31289413713094,979.0,1320.0,492711.0,1.4001812325728709
93,208.0,382.0,16.0,261400.0,476950.0,19650.0,190.32033558779855,979.0,1320.0,15.81020942408377,1.395123703112794,38636.0,32324.0,1647.0,48277400.0,40393600.0,2062200.0,193.09672390796143,979.0,1320.0,498360.0,1.3900661736527173
94,490.0,366.5,12.5,614300.0,457400.0,15350.0,178.6355805161646,976.0,1320.0,15.345156889495225,1.3888237927801608,39200.0,32693.0,1662.0,48983200.0,40852100.0,2080600.0,192.99381040580366,973.0,1320.0,504029.0,1.3875814119076042
95,282.0,344.0,17.5,352900.0,427050.0,22200.0,191.07478673250665,973.0,1320.0,15.280523255813954,1.381792949343713,39200.0,33012.0,1682.0,48983200.0,41247700.0,2106600.0,193.05458807531434,973.0,1320.0,508873.0,1.376004486779822
96,450.5,346.0,18.5,562750.0,431450.0,23150.0,194.38627538761907,971.5,1320.0,15.284682080924856,1.3746973074246631,40101.0,33385.0,1699.0,50108700.0,41715000.0,2126900.0,193.02274402146134,970.0,1320.0,514606.0,1.3733901280695042
97,490.0,370.0,17.5,611950.0,461450.0,21450.0,190.27356039105544,970.0,1320.0,15.32027027027027,1.3736418757247129,40180.0,33752.0,1717.0,50207100.0,42170600.0,2149500.0,192.9938224361559,970.0,1320.0,520210.0,1.3738936233799213
98,372.0,339.0,11.0,464400.0,424100.0,14100.0,183.38228418362422,970.0,1320.0,16.0,1.3800249457563756,40845.0,34063.0,1721.0,51037500.0,42563200.0,2155100.0,192.83415912635496,970.0,1320.0,525454.0,1.3861562681328299
99,490.0,340.0,12.5,612450.0,425900.0,15100.0,189.77125503169327,969.0,1320.0,16.294117647058822,1.3856715230174197,41160.0,34432.0,1742.0,51432000.0,43022400.0,2179700.0,192.93101738224604,968.0,1320.0,531290.0,1.3851867779020095
100,157.0,384.5,15.0,196500.0,475800.0,17750.0,187.55946066381244,968.0,1320.0,16.00520156046814,1.3922341839019918,41160.0,34832.0,1751.0,51432000.0,43514800.0,2190600.0,192.71895577858237,968.0,1320.0,537762.0,1.3992815899019742
101,244.5,343.0,10.5,305750.0,425350.0,12750.0,187.91241358864212,968.0,1320.0,16.830903790087465,1.4019512864548251,41649.0,35118.0,1763.0,52043500.0,43873100.0,2205200.0,192.8348119409055,968.0,1320.0,542836.0,1.4046209830076761
102,490.0,310.0,17.0,612450.0,388550.0,21100.0,203.82556836067232,967.5,1320.0,16.338709677419356,1.4044655681743825,42140.0,35452.0,1785.0,52656900.0,44291900.0,2232800.0,192.91402317468538,967.0,1320.0,547892.0,1.4043101533410889
103,245.5,335.0,18.5,306700.0,419200.0,23000.0,197.5131140328177,967.0,1320.0,15.640298507462687,1.4043691121384536,42140.0,35788.0,1800.0,52656900.0,44711500.0,2251200.0,192.92280703452553,967.0,1320.0,553315.0,1.4044280709358181
104,398.5,179.5,7.5,526950.0,225050.0,9200.0,193.28620494224901,967.0,1320.0,16.26740947075209,1.4066047171225984,42937.0,35811.0,1800.0,53710800.0,44742000.0,2251200.0,192.91772411273735,967.0,1320.0,553732.0,1.4087813633093786
105,398.5,11.5,0.0,526950.0,15250.0,0.0,184.61090393121987,967.0,1320.0,18.130434782608695,1.4087813633093786,42937.0,35811.0,1800.0,53710800.0,44742000.0,2251200.0,192.91772411273735,967.0,1320.0,553732.0,1.4087813633093786
106,0.0,54.0,1.5,0.0,72250.0,1900.0,180.98832815029766,967.0,1320.0,15.444444444444445,1.4087813633093786,42937.0,35919.0,1803.0,53710800.0,44886500.0,2255000.0,192.88262091163895,967.0,1320.0,555400.0,1.4087813633093786
107,0.0,138.5,6.5,0.0,191050.0,8450.0,183.8768514423204,967.0,1320.0,14.577617328519855,1.4087813633093786,42937.0,36088.0,1813.0,53710800.0,45124100.0,2268100.0,192.84854775658766,967.0,1320.0,557770.0,1.4087813633093786
108,105.0,150.5,8.5,131300.0,216150.0,10800.0,189.63463005809328,966.5,1320.0,14.627906976744185,1.4065869436805039,43147.0,36220.0,1820.0,53973400.0,45318800.0,2276600.0,192.85546893762645,966.0,1320.0,559803.0,1.4043925240516288
109,105.0,242.0,15.5,131300.0,318950.0,19200.0,196.53278944068086,966.0,1320.0,14.807851239669422,1.402409493164956,43147.0,36572.0,1844.0,53973400.0,45762000.0,2306500.0,192.89793823105944,966.0,1320.0,564937.0,1.4004264622782832
110,328.0,352.5,18.0,457350.0,442750.0,22100.0,190.11281192212257,966.0,1320.0,15.056737588652481,1.3998255461937354,43803.0,36925.0,1856.0,54888100.0,46204300.0,2320800.0,192.8030641814704,966.0,1320.0,570418.0,1.3992246301091877
111,499.0,291.0,16.0,670900.0,381650.0,20200.0,199.634206678377,966.0,1320.0,15.826460481099657,1.3989592857815782,44145.0,37154.0,1876.0,55315200.0,46525300.0,2346900.0,193.0039097613349,966.0,1320.0,574148.0,1.3986939414539687
112,171.0,182.5,36.0,213550.0,271050.0,44800.0,297.30961714887667,938.0,1320.0,16.35890410958904,1.3956988079292043,44145.0,37290.0,1928.0,55315200.0,46746400.0,2410400.0,193.96756424895878,910.0,1320.0,576389.0,1.3927036744044397
113,0.0,267.5,97.0,0.0,359650.0,118400.0,383.0511819226886,910.0,1320.0,16.252336448598133,1.3863561967674949,44145.0,37689.0,2070.0,55315200.0,47244600.0,2583700.0,196.48851604936098,910.0,1320.0,582843.0,1.3800087191305503
114,492.0,377.0,92.0,615150.0,472250.0,112450.0,326.6276188036108,911.5,1320.0,16.513262599469495,1.3867105569286675,45129.0,38044.0,2112.0,56545500.0,47690900.0,2635300.0,197.06635723561732,913.0,1320.0,588840.0,1.3934123947267845
115,492.0,328.0,44.0,615150.0,415850.0,53750.0,263.4880844404249,913.0,1320.0,16.736280487804876,1.4003242179060602,45129.0,38345.0,2158.0,56545500.0,48076300.0,2691200.0,197.7192317712321,913.0,1320.0,593822.0,1.407236041085336
116,446.5,336.0,34.5,583150.0,423650.0,42400.0,239.33324004702155,914.5,1320.0,16.376488095238095,1.4072400503226614,46022.0,38716.0,2181.0,57711800.0,48538200.0,2720100.0,197.83217771543872,916.0,1320.0,599845.0,1.407244059559987
117,446.5,253.0,23.5,583150.0,331100.0,30300.0,226.16544334181725,916.0,1320.0,15.727272727272727,1.407244059559987,46022.0,38851.0,2205.0,57711800.0,48738500.0,2751800.0,198.10238539064312,916.0,1320.0,601780.0,1.407244059559987
118,55.5,127.5,36.5,68850.0,187600.0,46250.0,330.33672141242425,912.5,1320.0,14.258823529411766,1.409320028165496,46133.0,38971.0,2254.0,57849500.0,48913400.0,2812600.0,198.8864285421848,909.0,1320.0,603481.0,1.411395996771005
119,55.5,242.0,37.0,68850.0,318750.0,45900.0,267.231701110437,909.0,1320.0,15.702479338842975,1.4106402418515072,46133.0,39335.0,2279.0,57849500.0,49376000.0,2843600.0,199.0293368534116,909.0,1320.0,609380.0,1.4098844869320095
120,491.0,343.0,20.0,612900.0,432200.0,25050.0,202.81163387578593,913.0,1320.0,15.83527696793003,1.4115845291647675,47115.0,39657.0,2294.0,59075300.0,49777800.0,2862700.0,198.95435777086104,917.0,1320.0,614344.0,1.4132845713975253
121,491.0,330.5,44.0,612900.0,413500.0,54650.0,255.8932710922498,917.0,1320.0,15.717095310136157,1.4117464760551446,47115.0,39996.0,2367.0,59075300.0,50203000.0,2952900.0,200.0347209561638,917.0,1320.0,619769.0,1.4102083807127639
122,126.5,348.0,45.0,199550.0,434950.0,55350.0,256.3840586811932,917.0,1320.0,16.038793103448278,1.4017057541369937,47368.0,40354.0,2384.0,59474400.0,50649200.0,2973400.0,200.012915057452,917.0,1320.0,625534.0,1.3932031275612236
123,126.5,317.0,47.0,199550.0,422200.0,57350.0,263.77760961277005,903.0,1320.0,15.698738170347003,1.3932031275612236,47368.0,40630.0,2461.0,59474400.0,51047400.0,3067600.0,201.11162385797658,889.0,1320.0,629722.0,1.3932031275612236
124,370.5,253.0,81.0,460100.0,357700.0,99800.0,359.05729729237606,891.0,1320.0,15.713438735177865,1.3959101714285325,48109.0,40860.0,2546.0,60394600.0,51364600.0,3173000.0,202.46054090026058,893.0,1320.0,633485.0,1.3986172152958414
125,370.5,353.5,72.0,460100.0,453650.0,90350.0,301.35691874463737,893.0,1320.0,16.226308345120227,1.401883262292639,48109.0,41337.0,2605.0,60394600.0,51954700.0,3248300.0,203.05301810376773,893.0,1320.0,641194.0,1.4051493092894367
126,330.5,377.0,51.5,417050.0,469150.0,64750.0,258.89573941118334,893.0,1320.0,16.283819628647215,1.408282635885362,48770.0,41614.0,2649.0,61228700.0,52302900.0,3302500.0,203.55321345123676,893.0,1320.0,645763.0,1.411415962481287
127,494.0,279.5,46.5,622400.0,351350.0,58250.0,278.9478818377558,894.0,1320.0,16.47942754919499,1.4087333073484403,49097.0,41896.0,2698.0,61639400.0,52657400.0,3364800.0,204.16266180369533,895.0,1320.0,650406.0,1.4060506522155938
128,163.5,283.5,36.0,205350.0,357100.0,45250.0,250.6359616158165,895.0,1320.0,15.825396825396826,1.4143022127335652,49097.0,42181.0,2721.0,61639400.0,53017100.0,3393000.0,204.2232476607859,895.0,1320.0,654736.0,1.4225537732515368
129,500.5,297.5,21.5,660250.0,376250.0,26550.0,208.09964828297933,897.5,1320.0,15.45546218487395,1.4224543838375157,50098.0,42491.0,2741.0,62959900.0,53409900.0,3417900.0,204.21819322777088,900.0,1320.0,659602.0,1.4223549944234946
130,500.5,237.5,51.5,660250.0,328500.0,64100.0,302.3950858707247,893.0,1320.0,15.654736842105264,1.4223549944234946,50098.0,42656.0,2824.0,62959900.0,53674100.0,3521200.0,205.47090206899486,886.0,1320.0,662172.0,1.4223549944234946
131,0.0,200.5,62.5,0.0,281500.0,77650.0,346.21523477049465,886.0,1320.0,14.650872817955113,1.4282579996156568,50098.0,42892.0,2866.0,62959900.0,53972900.0,3573200.0,205.8504858072427,886.0,1320.0,665477.0,1.4341610048078193
132,224.5,265.5,36.0,280050.0,333300.0,43600.0,246.2556406410334,886.5,1320.0,14.75517890772128,1.4319497845330562,50547.0,43187.0,2896.0,63520000.0,54340700.0,3608400.0,206.0045738646451,887.0,1320.0,670007.0,1.429738564258293
133,490.5,307.5,52.0,613000.0,383500.0,63500.0,274.40601216457003,888.0,1320.0,15.517073170731708,1.4299290784847574,51079.0,43507.0,2970.0,64185900.0,54739900.0,3700200.0,206.911040994775,889.0,1320.0,675020.0,1.430119592711222
134,266.0,293.0,63.5,332950.0,364850.0,79350.0,299.68067086472223,889.0,1320.0,15.290102389078498,1.4248019900957825,51079.0,43773.0,3023.0,64185900.0,55070400.0,3767100.0,207.43185519555053,889.0,1320.0,678967.0,1.419484387480343
135,496.5,294.0,46.0,634950.0,367150.0,58100.0,261.87036985577606,890.0,1320.0,15.246598639455783,1.417055746821136,52072.0,44095.0,3062.0,65455800.0,55474200.0,3816400.0,207.7035499250602,891.0,1320.0,683985.0,1.4146271061619293
136,496.5,247.5,65.0,634950.0,320850.0,79950.0,326.761541205475,882.5,1320.0,15.325252525252525,1.414931751875634,52072.0,44268.0,3153.0,65455800.0,55712100.0,3927000.0,209.0045983632651,874.0,1320.0,686553.0,1.4152363975893385
137,17.0,263.0,69.0,21350.0,338450.0,83650.0,326.3717540377528,874.0,1320.0,15.1787072243346,1.4156072304192806,52106.0,44621.0,3200.0,65498500.0,56151100.0,3983700.0,209.3512713765318,874.0,1320.0,691969.0,1.4159780632492227
138,494.5,324.5,33.5,621900.0,405850.0,40350.0,235.6329879532729,877.5,1320.0,15.89984591679507,1.4204142308035417,53061.0,44917.0,3220.0,66699600.0,56523800.0,4007700.0,209.40067470675223,881.0,1320.0,696872.0,1.4248503983578609
139,477.5,303.0,48.5,600550.0,389700.0,59700.0,269.59969941557694,881.0,1320.0,15.465346534653465,1.4248503983578609,53061.0,45227.0,3297.0,66699600.0,56930500.0,4103100.0,210.22413109360855,881.0,1320.0,701341.0,1.4248503983578609
140,0.0,320.0,46.5,0.0,410050.0,57750.0,255.81476855005357,881.0,1320.0,14.8796875,1.4231226721215158,53061.0,45557.0,3313.0,66699600.0,57343900.0,4123200.0,210.09683862709448,881.0,1320.0,706395.0,1.4213949458851707
141,379.5,251.5,32.0,531150.0,327050.0,39650.0,251.2846949787879,882.0,1320.0,15.934393638170974,1.4187191236753178,53820.0,45730.0,3361.0,67761900.0,57584600.0,4182400.0,210.69837972824428,883.0,1320.0,709356.0,1.4160433014654652
142,379.5,136.0,45.0,531150.0,222850.0,55750.0,363.6323753635913,882.5,1320.0,15.919117647058824,1.4160433014654652,53820.0,45829.0,3403.0,67761900.0,57789600.0,4234700.0,211.22577639721575,882.0,1320.0,710725.0,1.4160433014654652
143,122.5,180.0,43.5,151300.0,267000.0,54300.0,315.84232061431163,883.5,1320.0,15.316666666666666,1.4126915638940685,54065.0,46090.0,3448.0,68064500.0,58118600.0,4291000.0,211.6471330403695,885.0,1320.0,714870.0,1.4093398263226715
144,126.0,295.0,34.0,155850.0,368200.0,42150.0,244.5852927156626,885.0,1320.0,16.108474576271185,1.4034559153344843,54072.0,46419.0,3471.0,68073600.0,58526000.0,4319000.0,211.6657555861822,885.0,1320.0,720229.0,1.3975720043462971
145,490.0,311.5,78.0,614350.0,389800.0,98050.0,328.58511864065827,886.0,1320.0,16.330658105939005,1.3965207444017111,55045.0,46713.0,3604.0,69293200.0,58898200.0,4487100.0,213.45754881997934,887.0,1320.0,725044.0,1.395469484457125
146,486.5,300.5,88.0,609800.0,376950.0,111550.0,346.19055517607933,887.0,1320.0,15.725457570715474,1.3982404998891789,55045.0,47020.0,3647.0,69293200.0,59279900.0,4542100.0,213.7287506180836,887.0,1320.0,729680.0,1.4010115153212326
147,97.5,260.5,29.5,146350.0,340000.0,37700.0,229.61258458429342,884.5,1320.0,14.54510556621881,1.4044953439257442,55240.0,47234.0,3663.0,69585900.0,59578200.0,4562500.0,213.64164455731753,882.0,1320.0,732622.0,1.407979172530256
148,498.5,218.5,33.0,648500.0,296550.0,41550.0,255.33725812023442,885.0,1320.0,14.65903890160183,1.4096004351604012,56042.0,47457.0,3713.0,70590200.0,59873000.0,4625200.0,214.1377613523728,888.0,1320.0,736086.0,1.4112216977905465
149,401.0,334.5,68.5,502150.0,429550.0,85900.0,293.2921013593738,888.0,1320.0,15.24813153961136,1.4052404031226553,56042.0,47903.0,3800.0,70590200.0,60437300.0,4734300.0,214.88331850626557,888.0,1320.0,742823.0,1.3992591084547639
150,385.5,360.5,74.0,482050.0,455500.0,93700.0,295.59999419759924,889.5,1320.0,15.497919556171983,1.3962251961725958,56813.0,48178.0,3861.0,71554300.0,60784000.0,4812600.0,215.4981003354914,891.0,1320.0,747260.0,1.3931912838904275
151,491.5,271.5,56.5,615800.0,343250.0,71550.0,298.27705325264566,891.0,1320.0,15.602209944751381,1.4024740222279726,57025.0,48446.0,3913.0,71821800.0,61123800.0,4877400.0,215.92814919427744,891.0,1320.0,751295.0,1.4117567605655177
152,106.0,276.5,36.5,133750.0,345900.0,45350.0,247.50985956383255,891.0,1320.0,15.146473779385172,1.4153993540607934,57025.0,48731.0,3934.0,71821800.0,61475800.0,4903300.0,215.8786065782891,891.0,1320.0,755636.0,1.4190419475560692
153,500.0,216.0,20.0,649700.0,276000.0,25050.0,215.91692489814236,891.5,1320.0,14.837962962962964,1.4201281761712203,58025.0,48878.0,3953.0,73121200.0,61675800.0,4927500.0,215.92804891474904,892.0,1320.0,757705.0,1.4212144047863717
154,500.0,182.0,56.0,649700.0,243300.0,69550.0,348.77415171364004,872.5,1320.0,15.384615384615385,1.4212144047863717,58025.0,49095.0,4046.0,73121200.0,61962400.0,5042400.0,217.0689921465778,853.0,1320.0,761236.0,1.4212144047863717
155,0.0,183.5,102.5,0.0,243800.0,126900.0,456.1142737182873,853.0,1320.0,15.39509536784741,1.4130424472360843,58025.0,49245.0,4158.0,73121200.0,62163400.0,5181300.0,218.50068566900683,853.0,1320.0,763355.0,1.4048704896857969
156,226.5,235.5,83.0,283000.0,301950.0,103800.0,370.6284423905762,854.5,1320.0,15.019108280254777,1.406475283434312,58478.0,49566.0,4212.0,73687200.0,62566300.0,5250000.0,218.88790266399093,856.0,1320.0,768310.0,1.408080077182827
157,491.0,301.5,65.5,617300.0,378700.0,82600.0,301.9061102489495,857.5,1320.0,15.341625207296849,1.4102715167722213,59007.0,49848.0,4289.0,74355800.0,62920800.0,5346500.0,219.63151267533695,859.0,1320.0,772606.0,1.4124629563616153
158,264.5,295.5,85.5,334300.0,371900.0,106550.0,342.9431824643589,859.0,1320.0,15.642978003384094,1.4167408307008018,59007.0,50157.0,4383.0,74355800.0,63310100.0,5463100.0,220.62112824536032,859.0,1320.0,777555.0,1.4210187050399883
159,301.0,300.5,62.0,410750.0,381500.0,77600.0,299.2932418285327,860.5,1320.0,15.768718801996672,1.4206831253459038,59609.0,50449.0,4413.0,75177300.0,63683800.0,5501700.0,220.68424049488542,862.0,1320.0,782083.0,1.4203475456518195
160,424.0,259.5,44.0,569050.0,353550.0,55250.0,273.50914039265456,863.5,1320.0,15.460500963391137,1.4203475456518195,59855.0,50676.0,4471.0,75493900.0,64017200.0,5573600.0,221.20326369014253,865.0,1320.0,785579.0,1.4203475456518195
161,197.5,207.0,51.0,252850.0,288000.0,63350.0,314.80093045456863,865.5,1320.0,15.18840579710145,1.4237440864753874,60004.0,50863.0,4515.0,75683000.0,64259800.0,5628400.0,221.56119907083996,866.0,1320.0,788371.0,1.4271406272989553
162,74.5,299.5,39.5,94550.0,377450.0,48650.0,251.7907908584583,866.0,1320.0,15.607679465776293,1.426846678362093,60004.0,51275.0,4550.0,75683000.0,64772100.0,5670900.0,221.57475215266183,866.0,1320.0,794928.0,1.4265527294252307
163,490.0,318.5,61.5,609500.0,396600.0,75100.0,294.534076684319,868.5,1320.0,16.04552590266876,1.4248212879001378,60984.0,51500.0,4638.0,76902000.0,65053000.0,5778600.0,222.54911077033495,871.0,1320.0,798592.0,1.423089846375045
164,490.0,243.5,74.5,609500.0,305450.0,90750.0,356.711020161154,871.0,1320.0,16.37987679671458,1.4252815139464934,60984.0,51762.0,4699.0,76902000.0,65383000.0,5852400.0,223.0969828331918,871.0,1320.0,802905.0,1.427473181517942
165,345.5,229.5,51.5,459850.0,304700.0,62400.0,309.28378777326304,871.0,1320.0,16.00217864923747,1.424504051772889,61675.0,51959.0,4741.0,77821700.0,65662400.0,5903400.0,223.4088089797823,871.0,1320.0,805937.0,1.4215349220278362
166,499.0,183.5,42.5,650600.0,260950.0,51550.0,315.10378754049486,873.0,1320.0,16.00817438692098,1.4221922636981983,61982.0,52129.0,4784.0,78203200.0,65904900.0,5955500.0,223.827695951947,875.0,1320.0,808780.0,1.4228496053685606
167,153.5,248.0,48.5,190750.0,326550.0,60150.0,300.9277327116665,875.0,1320.0,16.471774193548388,1.419825708552064,61982.0,52455.0,4838.0,78203200.0,66315500.0,6023700.0,224.21115345071266,875.0,1320.0,814107.0,1.4168018117355676
168,480.5,329.0,36.5,597900.0,412900.0,46750.0,244.40918035977276,876.0,1320.0,16.174772036474163,1.4206047092586376,62943.0,52787.0,4857.0,79399000.0,66730700.0,6049000.0,224.08869562410953,877.0,1320.0,819423.0,1.4244076067817073
169,490.5,311.5,74.5,610200.0,389950.0,94450.0,317.86818687370857,877.0,1320.0,15.686998394863563,1.4203783080413743,62963.0,53078.0,4987.0,79423600.0,67095400.0,6212600.0,225.4563653649906,877.0,1320.0,823880.0,1.4163490093010414
170,10.0,320.0,71.5,12300.0,400950.0,89450.0,307.802023510146,877.0,1320.0,15.66875,1.4226111092196383,62963.0,53427.0,5000.0,79423600.0,67532600.0,6227900.0,225.21056626156764,877.0,1320.0,829451.0,1.4288732091382352
171,222.5,282.0,50.0,322850.0,377050.0,62700.0,276.63565858156335,858.0,1320.0,15.335106382978724,1.4242937244665967,63408.0,53642.0,5087.0,80069300.0,67849500.0,6338000.0,226.03500710409398,839.0,1320.0,832529.0,1.4197142397949583
172,497.0,290.0,102.5,665650.0,402450.0,129100.0,368.71457978860167,841.0,1320.0,15.079310344827586,1.4242912563353416,63957.0,54007.0,5205.0,80754900.0,68337500.0,6486100.0,227.1130632320928,843.0,1320.0,838197.0,1.4288682728757247
173,274.5,384.0,95.5,342800.0,495850.0,120150.0,322.28935373571596,843.0,1320.0,15.774739583333334,1.4310910087018174,63957.0,54410.0,5278.0,80754900.0,68841200.0,6578300.0,227.5815142482393,843.0,1320.0,844644.0,1.43331374452791
174,355.5,353.5,81.5,443350.0,442950.0,101400.0,314.5144062571665,846.0,1320.0,15.92927864214993,1.4339040998638113,64668.0,54714.0,5368.0,81641600.0,69223400.0,6688900.0,228.37865306651585,849.0,1320.0,849459.0,1.4344944551997125
175,491.0,298.5,79.0,611050.0,374650.0,97600.0,333.13624257249944,850.5,1320.0,15.93969849246231,1.4308520579641766,64939.0,55007.0,5436.0,81977000.0,69590500.0,6773500.0,228.90000968832047,852.0,1320.0,854160.0,1.4272096607286406
176,228.5,277.0,39.0,338100.0,347600.0,48200.0,260.2660818336459,853.0,1320.0,15.998194945848375,1.4266825915003454,65125.0,55268.0,5446.0,82317800.0,69918600.0,6785300.0,228.71058400469852,854.0,1320.0,858322.0,1.4261555222720501
177,447.0,229.5,35.0,611450.0,310300.0,43350.0,265.813711549752,850.0,1320.0,15.867102396514161,1.4261555222720501,65833.0,55466.0,5506.0,83199900.0,70211100.0,6860200.0,229.22027716002364,846.0,1320.0,861443.0,1.4261555222720501
178,408.0,168.5,74.0,508600.0,268100.0,92750.0,410.62721536667766,837.0,1320.0,15.626112759643917,1.4244438486135564,65941.0,55605.0,5594.0,83335000.0,70454800.0,6970800.0,230.15226714021657,828.0,1320.0,863588.0,1.4227321749550628
179,54.0,245.0,94.0,67550.0,337850.0,118900.0,389.38009856731713,828.0,1320.0,16.00204081632653,1.4216283009200585,65941.0,55956.0,5694.0,83335000.0,70886800.0,7098000.0,230.98164551224014,828.0,1320.0,869284.0,1.4205244268850543
180,491.0,339.0,68.0,622350.0,420050.0,85300.0,301.0601849728646,834.0,1320.0,16.529498525073745,1.416046032690487,66923.0,56283.0,5730.0,84579700.0,71294900.0,7141400.0,231.08302432202964,840.0,1320.0,874795.0,1.4115676384959197
181,491.0,297.5,105.0,622350.0,377700.0,131950.0,380.125650886083,840.0,1320.0,16.416806722689074,1.4057631971479427,66923.0,56551.0,5904.0,84579700.0,71642200.0,7361900.0,232.9040043998543,840.0,1320.0,879052.0,1.3999587557999658
182,388.0,297.5,93.0,522000.0,377250.0,118000.0,352.17806772530656,841.5,1320.0,15.305882352941177,1.4030944704311339,67699.0,56878.0,5916.0,85623700.0,72049400.0,7377400.0,232.58914320118924,843.0,1320.0,883902.0,1.4062301850623018
183,388.0,269.5,67.0,522000.0,359100.0,85200.0,315.5549826642056,832.0,1320.0,15.01669758812616,1.4062301850623018,67699.0,57090.0,6038.0,85623700.0,72360400.0,7532300.0,233.78513651827873,821.0,1320.0,887146.0,1.4062301850623018
184,112.0,169.0,94.0,140050.0,244850.0,117550.0,448.9285457826481,830.0,1320.0,14.81360946745562,1.4091009619541524,67923.0,57216.0,6104.0,85903800.0,72539100.0,7612500.0,234.38627721505287,839.0,1320.0,888909.0,1.411971738846003
185,112.0,227.5,66.5,140050.0,293100.0,81700.0,339.23584457153885,839.0,1320.0,14.967032967032967,1.404665619904577,67923.0,57545.0,6171.0,85903800.0,72946600.0,7695700.0,234.7582832370827,839.0,1320.0,893956.0,1.3973595009631512
186,492.0,320.5,57.5,611550.0,402350.0,71500.0,280.184128976637,844.5,1320.0,15.380655226209049,1.39745248710132,68907.0,57857.0,6219.0,87126900.0,73343800.0,7755500.0,234.92662267874846,850.0,1320.0,898768.0,1.3975454732394892
187,492.0,280.5,79.5,611550.0,353200.0,100600.0,336.5689806550185,850.0,1320.0,15.213903743315509,1.4024230839059943,68907.0,58106.0,6330.0,87126900.0,73653000.0,7896900.0,235.8959035446891,850.0,1320.0,902491.0,1.4073006945724997
188,367.5,249.0,67.5,497350.0,318350.0,85600.0,331.9877028294272,852.0,1320.0,15.465863453815262,1.412065392660784,69642.0,58355.0,6354.0,88121600.0,73980500.0,7926700.0,235.87609900716296,854.0,1320.0,906470.0,1.4168300907490685
189,367.5,246.5,54.5,497350.0,330600.0,66850.0,309.3864699510442,854.0,1320.0,16.087221095334687,1.4168300907490685,69642.0,58599.0,6439.0,88121600.0,74314200.0,8030600.0,236.57614157440432,854.0,1320.0,910422.0,1.4168300907490685
190,131.0,222.0,68.5,164850.0,307350.0,84250.0,349.27320064221226,855.0,1320.0,15.353603603603604,1.4138882379009357,69904.0,58799.0,6491.0,88451300.0,74595200.0,8095200.0,236.8851925291415,856.0,1320.0,913287.0,1.4109463850528028
191,131.0,268.0,45.0,164850.0,350200.0,56000.0,269.12648885779475,856.0,1320.0,15.078358208955224,1.4117224619184023,69904.0,59135.0,6529.0,88451300.0,75014600.0,8142600.0,236.88645647144708,856.0,1320.0,918504.0,1.4124985387840017
192,491.0,304.5,82.0,614000.0,378650.0,102700.0,333.80891107902573,860.0,1320.0,15.819376026272579,1.4116618287202227,70886.0,59410.0,6658.0,89679300.0,75355000.0,8304200.0,238.04947219977882,864.0,1320.0,922943.0,1.410825118656444
193,491.0,296.5,75.0,614000.0,368000.0,94250.0,324.84774900124114,864.0,1320.0,15.804384485666105,1.4088105564935223,70886.0,59728.0,6679.0,89679300.0,75750600.0,8331100.0,237.87061838735417,864.0,1320.0,927876.0,1.4067959943306003
194,30.5,250.0,13.5,59850.0,322900.0,17100.0,192.03544271908262,864.5,1320.0,15.246,1.4011683422076766,70947.0,59910.0,6685.0,89799000.0,76000800.0,8338400.0,237.68533985446265,865.0,1320.0,930566.0,1.3955406900847531
195,499.5,179.0,20.0,651000.0,247150.0,24450.0,235.220442635632,861.0,1320.0,15.162011173184357,1.3973949399116798,71885.0,60086.0,6719.0,90981300.0,76244900.0,8380000.0,237.8548295998502,857.0,1320.0,933304.0,1.3992491897386068
196,469.0,196.0,87.5,591150.0,262850.0,109050.0,406.334027806392,857.0,1320.0,14.341836734693878,1.3992491897386068,71885.0,60302.0,6860.0,90981300.0,76526500.0,8556500.0,239.1091182718523,857.0,1320.0,936188.0,1.3992491897386068
197,0.0,263.0,80.5,0.0,333950.0,101050.0,346.08543606307614,857.0,1320.0,14.752851711026617,1.401414729783652,71885.0,60612.0,6880.0,90981300.0,76912800.0,8582100.0,238.95650723038767,857.0,1320.0,941064.0,1.403580269828697
198,491.0,322.5,73.0,617350.0,406450.0,91650.0,314.8786858809374,860.5,1320.0,16.026356589147287,1.4030725605070535,72867.0,60947.0,7006.0,92216000.0,77339400.0,8739800.0,239.99110623380852,864.0,1320.0,946525.0,1.4025648511854099
199,491.0,335.0,84.5,617350.0,419650.0,106500.0,325.7580302739982,864.0,1320.0,15.764179104477613,1.3960488923834324,72867.0,61282.0,7049.0,92216000.0,77752100.0,8795100.0,240.02229695735792,864.0,1320.0,951626.0,1.3895329335814552
200,172.0,207.0,34.5,263300.0,270850.0,43300.0,267.3344705002367,856.0,1320.0,14.96376811594203,1.3892159938804798,73211.0,61361.0,7075.0,92742600.0,77881100.0,8826400.0,240.18408719325518,848.0,1320.0,952720.0,1.3888990541795045
201,172.0,146.0,49.0,263300.0,222600.0,60200.0,359.42762663052685,847.5,1320.0,14.95890410958904,1.3888990541795045,73211.0,61574.0,7147.0,92742600.0,78197300.0,8915500.0,240.69993666825482,847.0,1320.0,955994.0,1.3888990541795045
202,331.5,254.0,86.0,417200.0,352200.0,106500.0,363.45380724849576,850.5,1320.0,15.094488188976378,1.392389074624546,73874.0,61869.0,7247.0,93577000.0,78585500.0,9039400.0,241.39688031840083,854.0,1320.0,960388.0,1.3958790950695874
203,331.5,268.5,72.5,417200.0,348050.0,89800.0,327.82816819452944,854.0,1320.0,14.964618249534452,1.3970790610031458,73874.0,62111.0,7292.0,93577000.0,78893400.0,9095100.0,241.55611657259493,854.0,1320.0,964030.0,1.3982790269367045
204,324.0,283.0,59.0,408150.0,356800.0,72800.0,300.4749088599564,858.0,1320.0,15.664310954063604,1.3991156742671698,74522.0,62435.0,7365.0,94393300.0,79299100.0,9185000.0,241.9758111425043,862.0,1320.0,969254.0,1.3999523215976353
205,490.0,312.0,71.0,616550.0,392450.0,87550.0,316.76223708071376,863.0,1320.0,16.025641025641026,1.400796864767706,74854.0,62735.0,7434.0,94810100.0,79678300.0,9270200.0,242.3771043066261,864.0,1320.0,974030.0,1.401641407937777
206,166.0,311.5,52.0,208400.0,391800.0,64950.0,279.5188099962619,864.0,1320.0,15.841091492776886,1.4037141191032927,74854.0,63058.0,7469.0,94810100.0,80082700.0,9314900.0,242.36280846504312,864.0,1320.0,979123.0,1.4057868302688084
207,500.5,260.0,42.5,663850.0,328650.0,53300.0,273.32442533418435,872.0,1320.0,15.711538461538462,1.4082524719404064,75855.0,63255.0,7520.0,96137800.0,80335600.0,9377900.0,242.65233923587192,880.0,1320.0,982200.0,1.4107181136120042
208,500.5,201.0,56.5,663850.0,284050.0,71300.0,334.31915811547384,880.0,1320.0,15.154228855721392,1.4107181136120042,75855.0,63460.0,7582.0,96137800.0,80650800.0,9457500.0,243.02942145552748,880.0,1320.0,985215.0,1.4107181136120042
209,0.0,263.0,60.5,0.0,360900.0,75600.0,308.5279124512243,880.0,1320.0,15.245247148288973,1.4155524962537436,75855.0,63781.0,7641.0,96137800.0,81057400.0,9529100.0,243.24909507959424,880.0,1320.0,990219.0,1.420386878895483
210,337.5,293.0,64.5,427900.0,370450.0,80200.0,305.55168105119776,885.5,1320.0,15.564846416382252,1.4240903044024134,76530.0,64046.0,7711.0,96993600.0,81391700.0,9617900.0,243.65240479667742,891.0,1320.0,994336.0,1.4277937299093437
211,493.5,302.0,73.0,624400.0,383100.0,91650.0,315.6830559473442,893.5,1320.0,15.294701986754967,1.4311661935298288,76842.0,64385.0,7787.0,97386600.0,81823600.0,9712400.0,244.00181733546654,896.0,1320.0,999457.0,1.4345386571503136
212,391.0,311.0,44.0,526800.0,393350.0,54700.0,252.19325032290277,899.5,1320.0,14.895498392282958,1.4340019008343194,77312.0,64668.0,7799.0,98047200.0,82178400.0,9727300.0,243.7360842690391,903.0,1320.0,1003601.0,1.433465144518325
213,405.5,255.5,28.5,543200.0,331700.0,35600.0,230.17468364938304,904.0,1320.0,14.684931506849315,1.433465144518325,77653.0,64896.0,7844.0,98473000.0,82487000.0,9783600.0,243.89384631630656,905.0,1320.0,1006961.0,1.433465144518325
214,268.0,172.0,48.5,334200.0,253350.0,62200.0,331.3551487736407,906.5,1320.0,14.392441860465116,1.431730057174267,77848.0,65012.0,7896.0,98715600.0,82685100.0,9851700.0,244.26606736343925,908.0,1320.0,1008552.0,1.429994969830209
215,97.5,213.0,39.0,121300.0,293100.0,50700.0,280.4770292297387,908.0,1320.0,15.004694835680752,1.4261252743015498,77848.0,65322.0,7922.0,98715600.0,83073200.0,9885000.0,244.14557921167503,908.0,1320.0,1013353.0,1.4222555787728905
216,491.0,295.5,17.5,619400.0,370750.0,22100.0,203.57797705785387,917.0,1320.0,15.82233502538071,1.4185840484052044,78830.0,65603.0,7931.0,99954400.0,83426600.0,9895900.0,243.91968685195744,926.0,1320.0,1017903.0,1.4149125180375182
217,491.0,291.0,57.0,619400.0,367850.0,71850.0,298.1670937706482,926.0,1320.0,16.259450171821307,1.4117612534823232,78830.0,65904.0,8036.0,99954400.0,83808900.0,10028700.0,244.65408575932304,926.0,1320.0,1022816.0,1.4086099889271282
218,407.0,315.0,62.5,531700.0,398800.0,78800.0,297.41981132088836,929.0,1320.0,16.071428571428573,1.403272239537436,79644.0,66233.0,8056.0,101017800.0,84224200.0,10053500.0,244.46340926004066,932.0,1320.0,1028028.0,1.3979344901477435
219,407.0,272.0,30.0,531700.0,352100.0,36700.0,236.69405517837012,925.0,1320.0,15.454044117647058,1.3979344901477435,79644.0,66448.0,8096.0,101017800.0,84513100.0,10102100.0,244.58958883843223,918.0,1320.0,1031223.0,1.3979344901477435
220,91.0,217.5,52.0,113850.0,294950.0,65000.0,316.8413061356239,919.0,1320.0,15.429885057471264,1.4011937807487724,79826.0,66668.0,8160.0,101245500.0,84814100.0,10183500.0,244.98476071158186,920.0,1320.0,1034740.0,1.4044530713498014
221,91.0,273.5,45.0,113850.0,355650.0,57650.0,275.8031369865942,920.0,1320.0,15.744058500914077,1.4059388752917934,79826.0,66995.0,8186.0,101245500.0,85224400.0,10217400.0,244.85405765595758,920.0,1320.0,1039835.0,1.4074246792337854
222,401.0,318.5,27.5,501850.0,404650.0,35400.0,221.59176119128918,927.0,1320.0,15.497645211930926,1.4073821261964472,80628.0,67305.0,8215.0,102249200.0,85623400.0,10254300.0,244.77040748504535,934.0,1320.0,1044612.0,1.407339573159109
223,492.5,304.0,36.5,615900.0,388800.0,44700.0,244.244000592834,934.5,1320.0,15.386513157894736,1.4069634233362263,80811.0,67603.0,8259.0,102477300.0,86002000.0,10306800.0,244.84858127964287,935.0,1320.0,1049190.0,1.4065872735133438
224,91.5,328.0,35.0,114050.0,414650.0,41950.0,235.1654927066188,935.0,1320.0,15.400914634146341,1.4077237048181348,80811.0,67961.0,8285.0,102477300.0,86452700.0,10338200.0,244.67895130204374,935.0,1320.0,1054715.0,1.4088601361229258
225,504.5,298.0,18.0,683550.0,384900.0,22300.0,199.33964877364798,938.0,1320.0,15.10738255033557,1.4101226188050147,81820.0,68199.0,8295.0,103844400.0,86771800.0,10351400.0,244.47258256936735,941.0,1320.0,1058194.0,1.4113851014871037
226,504.5,195.0,19.0,683550.0,264250.0,24350.0,227.47160813067094,941.0,1320.0,15.302564102564103,1.4113851014871037,81820.0,68351.0,8323.0,103844400.0,86981200.0,10386900.0,244.5828986260732,941.0,1320.0,1060683.0,1.4113851014871037
227,0.0,143.5,42.0,0.0,215900.0,54000.0,344.7330413577265,926.5,1320.0,15.954703832752614,1.413993132750725,81820.0,68486.0,8379.0,103844400.0,87203600.0,10459400.0,244.95650412287662,912.0,1320.0,1062773.0,1.416601164014346
228,289.0,254.0,62.0,362900.0,344300.0,78650.0,315.9657717494948,914.5,1320.0,15.206692913385826,1.4136378665816238,82398.0,68859.0,8447.0,104570200.0,87669800.0,10544200.0,245.16647526713604,917.0,1320.0,1068408.0,1.4106745691489015
229,492.0,353.5,69.0,624050.0,442300.0,87000.0,289.27749480418424,917.0,1320.0,15.233380480905234,1.408661630270107,82804.0,69193.0,8517.0,105092500.0,88088200.0,10633400.0,245.43844000147246,917.0,1320.0,1073543.0,1.4066486913913123
230,203.0,298.0,54.0,261150.0,376450.0,68750.0,283.2932785755686,917.0,1320.0,15.677852348993289,1.400605606592813,82804.0,69455.0,8555.0,105092500.0,88422700.0,10681700.0,245.51054999510828,917.0,1320.0,1077752.0,1.3945625217943138
231,498.0,279.0,24.0,657400.0,350000.0,30200.0,223.77785740600464,919.5,1320.0,16.030465949820787,1.395537792768693,83800.0,69751.0,8565.0,106407300.0,88788200.0,10693800.0,245.2708329600904,922.0,1320.0,1082488.0,1.3965130637430723
232,498.0,273.0,99.5,657400.0,355850.0,124700.0,377.11122283372407,894.5,1320.0,15.531135531135531,1.3965130637430723,83800.0,70001.0,8754.0,106407300.0,89134400.0,10931100.0,246.75545509655927,867.0,1320.0,1086232.0,1.3965130637430723
233,0.0,227.5,142.0,0.0,312950.0,178550.0,472.42969261619356,867.0,1320.0,14.676923076923076,1.3927423021519465,83800.0,70206.0,8849.0,106407300.0,89414100.0,11050900.0,247.39429633730694,867.0,1320.0,1089166.0,1.3889715405608207
234,134.5,313.5,64.5,167650.0,404750.0,81550.0,294.86362855387733,867.5,1320.0,15.11164274322169,1.397197361562501,84069.0,70628.0,8883.0,106742600.0,89943900.0,11094200.0,247.2128733045265,868.0,1320.0,1095707.0,1.4054231825641814
235,494.5,306.0,49.0,628900.0,386950.0,62050.0,271.45276353887823,873.0,1320.0,15.754901960784315,1.4025725479005557,84789.0,70818.0,8947.0,107665100.0,90188000.0,11175000.0,247.60844429334105,878.0,1320.0,1098808.0,1.39972191323693
236,360.0,197.0,73.0,461250.0,253250.0,92850.0,384.867432302424,878.0,1320.0,15.916243654822335,1.3964853678364029,84789.0,71022.0,9029.0,107665100.0,90450400.0,11279900.0,248.14144961036692,878.0,1320.0,1101978.0,1.3932488224358754
237,489.0,257.0,47.5,640500.0,324100.0,61100.0,284.6566901546304,883.0,1320.0,15.328793774319067,1.394267922875343,85767.0,71332.0,9042.0,108946100.0,90836200.0,11297200.0,247.88916171103207,888.0,1320.0,1106687.0,1.3952870233148102
238,489.0,297.0,42.0,640500.0,383700.0,52550.0,254.17408101636263,888.0,1320.0,15.074074074074074,1.3952870233148102,85767.0,71616.0,9113.0,108946100.0,91217800.0,11385000.0,248.19211447792682,888.0,1320.0,1110932.0,1.3952870233148102
239,9.0,241.0,62.5,11200.0,327850.0,77450.0,323.5636434598926,888.5,1320.0,15.17219917012448,1.391146705835316,85785.0,71814.0,9167.0,108968500.0,91491900.0,11452100.0,248.45638625038757,889.0,1320.0,1114000.0,1.3870063883558217
240,9.0,273.5,32.5,11200.0,353900.0,40150.0,241.4617071004016,889.0,1320.0,15.361974405850091,1.3911270097543924,85785.0,72163.0,9178.0,108968500.0,91925600.0,11465300.0,248.14147569410238,889.0,1320.0,1119335.0,1.3952476311529631
241,492.5,262.0,25.5,619800.0,331350.0,31050.0,224.27302702361663,893.5,1320.0,15.141221374045802,1.3948080867792654,86770.0,72338.0,9218.0,110208100.0,92154600.0,11514200.0,248.28588461279608,898.0,1320.0,1121934.0,1.3943685424055678
242,492.5,222.0,52.0,619800.0,285900.0,65100.0,310.5116587668907,898.0,1320.0,15.288288288288289,1.3961365842667506,86770.0,72607.0,9282.0,110208100.0,92497400.0,11595500.0,248.55885605439323,898.0,1320.0,1126123.0,1.3979046261279333
243,244.5,268.0,39.5,327600.0,339900.0,49600.0,259.41434867367013,898.5,1320.0,15.322761194029852,1.3967966702860104,87259.0,72874.0,9297.0,110863300.0,92834400.0,11613400.0,248.36917440356663,899.0,1320.0,1130147.0,1.3956887144440875
244,244.5,246.0,28.0,327600.0,319200.0,35550.0,240.4288282495127,899.0,1320.0,15.601626016260163,1.3956887144440875,87259.0,73099.0,9338.0,110863300.0,93135800.0,11666600.0,248.50481169036874,899.0,1320.0,1133799.0,1.3956887144440875
245,253.0,232.5,52.0,313650.0,309600.0,65700.0,310.0436080327117,903.5,1320.0,15.73978494623656,1.3927241008748839,87765.0,73339.0,9401.0,111490600.0,93453600.0,11744800.0,248.7933072623411,908.0,1320.0,1137466.0,1.3897594873056804
246,253.0,275.5,46.5,313650.0,354100.0,58400.0,274.2483731300558,908.0,1320.0,15.506352087114337,1.399063460307219,87765.0,73650.0,9431.0,111490600.0,93844000.0,11783400.0,248.70436217203368,908.0,1320.0,1142343.0,1.4083674333087575
247,477.0,250.5,33.5,615950.0,319450.0,42550.0,254.11531557194158,910.5,1320.0,15.796407185628743,1.4071043959565488,88719.0,73840.0,9468.0,112722500.0,94092500.0,11829900.0,248.82959310187496,913.0,1320.0,1145380.0,1.40584135860434
248,498.5,175.0,52.0,644450.0,233900.0,65500.0,346.7022453005593,914.0,1320.0,15.637142857142857,1.4067928770325175,88762.0,74000.0,9535.0,112779500.0,94311800.0,11914400.0,249.23696573868682,915.0,1320.0,1147816.0,1.4077443954606954
249,21.5,260.0,45.0,28500.0,335450.0,56650.0,274.48982506194034,915.0,1320.0,15.184615384615384,1.4052500120934535,88762.0,74360.0,9558.0,112779500.0,94763400.0,11943200.0,249.01611734572808,915.0,1320.0,1153276.0,1.4027556287262117
250,16.5,274.5,56.0,57500.0,351000.0,69600.0,293.4123683570308,886.0,1320.0,15.102003642987249,1.399146859723058,88795.0,74549.0,9647.0,112894500.0,95013800.0,12053600.0,249.58377486418868,857.0,1320.0,1156107.0,1.3955380907199046
251,500.5,180.5,100.0,669250.0,266450.0,124550.0,449.80408568709464,856.0,1320.0,14.698060941828254,1.392421765777553,89763.0,74721.0,9758.0,114118000.0,95296300.0,12192300.0,250.3494907312975,855.0,1320.0,1158582.0,1.3893054408352017
252,484.0,201.0,125.5,611750.0,294000.0,156800.0,475.1389022692751,855.0,1320.0,15.067164179104477,1.3853135986053433,89763.0,74951.0,9898.0,114118000.0,95601800.0,12367200.0,251.31965269652045,855.0,1320.0,1162164.0,1.381321756375485
253,380.5,294.0,96.0,476200.0,377000.0,121150.0,360.583920931034,856.5,1320.0,15.65986394557823,1.382590800371245,90524.0,75309.0,9950.0,115070400.0,96050300.0,12434600.0,251.35798080924556,858.0,1320.0,1167790.0,1.3838598443670052
254,490.5,322.0,93.5,613750.0,405650.0,117850.0,342.9936831838302,859.5,1320.0,15.830745341614907,1.3890496252121496,90744.0,75595.0,10085.0,115345500.0,96413100.0,12602900.0,252.2087880762464,861.0,1320.0,1172359.0,1.3942394060572942
255,166.0,275.0,89.5,251900.0,349350.0,111700.0,364.31912453432835,861.0,1320.0,16.354545454545455,1.393990582474299,90856.0,75859.0,10129.0,115574200.0,96749000.0,12658000.0,252.31565715682402,861.0,1320.0,1176785.0,1.3937417588913037
256,56.0,252.5,36.0,114350.0,338300.0,45250.0,260.45446018024325,861.0,1320.0,15.841584158415841,1.3937417588913037,90856.0,76100.0,10157.0,115574200.0,97089700.0,12693400.0,252.2639459510161,861.0,1320.0,1180359.0,1.3937417588913037
257,447.0,201.5,39.0,570950.0,301250.0,49050.0,284.5223070107555,869.0,1320.0,14.851116625310175,1.393162305271127,91750.0,76262.0,10207.0,116716100.0,97351500.0,12756100.0,252.49481267590863,877.0,1320.0,1182770.0,1.3925828516509504
258,447.0,189.0,74.5,570950.0,270550.0,95100.0,390.68174755269513,877.0,1320.0,15.285714285714286,1.3886483854020297,91750.0,76478.0,10306.0,116716100.0,97630800.0,12883600.0,253.10449468631376,877.0,1320.0,1186137.0,1.3847139191531093
259,48.5,267.0,58.0,60150.0,338500.0,74150.0,301.7594519383633,878.0,1320.0,15.279026217228465,1.3842284172958923,91847.0,76796.0,10323.0,116836400.0,98028500.0,12904400.0,252.86237905661326,879.0,1320.0,1190929.0,1.3837429154386756
260,490.5,328.0,36.5,610850.0,409450.0,45150.0,237.86929231463506,886.5,1320.0,15.626524390243903,1.3910218134900987,92731.0,77134.0,10379.0,117937800.0,98449700.0,12973900.0,252.9775825415019,894.0,1320.0,1196388.0,1.398300711541522
261,442.0,290.0,75.5,550700.0,361000.0,93850.0,334.88210797348415,894.0,1320.0,16.505172413793105,1.3977177383117674,92731.0,77376.0,10474.0,117937800.0,98750500.0,13092100.0,253.5448653609762,894.0,1320.0,1200502.0,1.3971347650820125
262,502.5,258.5,54.0,662600.0,326200.0,67450.0,302.58588389171206,891.5,1320.0,15.97872340425532,1.3944265130056985,93736.0,77651.0,10487.0,119263000.0,99102100.0,13108800.0,253.32936257217952,889.0,1320.0,1204649.0,1.3917182609293846
263,502.5,240.0,58.5,662600.0,316550.0,73250.0,318.22021463640374,889.0,1320.0,15.316666666666666,1.3917182609293846,93736.0,77856.0,10591.0,119263000.0,99383600.0,13238600.0,253.9814113548186,889.0,1320.0,1207854.0,1.3917182609293846
264,0.0,163.5,79.5,0.0,234100.0,98950.0,423.6463507951134,889.0,1320.0,14.477064220183486,1.3940972528155493,93736.0,77978.0,10646.0,119263000.0,99570300.0,13306700.0,254.26335399974258,889.0,1320.0,1209383.0,1.3964762447017143
265,183.5,209.0,41.0,233750.0,276450.0,51100.0,283.16580371282396,892.0,1320.0,14.57177033492823,1.3998933596022232,94103.0,78274.0,10673.0,119730500.0,99936500.0,13340800.0,254.14546631090474,895.0,1320.0,1213945.0,1.4033104745027318
266,490.5,269.0,50.5,614650.0,334800.0,63400.0,285.9307029371365,896.0,1320.0,15.477695167286246,1.406595581460003,94717.0,78516.0,10747.0,120492300.0,100239900.0,13433500.0,254.4900485537121,897.0,1320.0,1217710.0,1.409880688417274
267,307.0,266.5,80.5,380900.0,332000.0,100950.0,348.0154788876097,897.0,1320.0,15.461538461538462,1.4126215287947947,94717.0,78807.0,10835.0,120492300.0,100600500.0,13544100.0,254.88050840347225,897.0,1320.0,1222186.0,1.4153623691723156
268,311.0,309.5,58.5,422250.0,386050.0,73150.0,286.7149398741049,901.0,1320.0,15.497576736672052,1.4127163462283039,95339.0,79135.0,10864.0,121336800.0,101012000.0,13579800.0,254.7535794819646,905.0,1320.0,1227303.0,1.4100703232842922
269,311.0,286.0,37.0,422250.0,374800.0,45450.0,247.10691248133787,897.0,1320.0,15.153846153846153,1.4100703232842922,95339.0,79379.0,10909.0,121336800.0,101350100.0,13635000.0,254.82488924072962,889.0,1320.0,1230854.0,1.4100703232842922
270,190.0,188.0,53.0,240900.0,268650.0,66550.0,331.4900939005284,892.0,1320.0,14.497340425531915,1.4080003658463314,95719.0,79511.0,10970.0,121818600.0,101549300.0,13712900.0,255.16236143563216,895.0,1320.0,1232754.0,1.4059304084083704
271,190.0,241.5,65.0,240900.0,322000.0,82100.0,332.65991822135015,895.0,1320.0,15.538302277432713,1.402603753407056,95719.0,79862.0,11039.0,121818600.0,101994100.0,13799200.0,255.34977755620625,895.0,1320.0,1238359.0,1.3992770984057417
272,484.0,371.5,81.0,607100.0,464750.0,101100.0,313.469882262939,897.5,1320.0,16.559892328398384,1.4026034422951525,96687.0,80254.0,11132.0,123032800.0,102478800.0,13915100.0,255.73978364853937,900.0,1320.0,1245058.0,1.4059297861845634
273,490.5,349.5,78.0,620450.0,435900.0,97950.0,322.06853880916833,900.0,1320.0,17.241773962804007,1.4010385797797689,96700.0,80561.0,11195.0,123059500.0,102865900.0,13995100.0,255.97147576527507,900.0,1320.0,1250411.0,1.3961473733749745
274,6.5,322.0,40.5,13350.0,410900.0,50800.0,262.47318490783476,900.0,1320.0,17.142857142857142,1.3965380136824534,96700.0,80898.0,11213.0,123059500.0,103300600.0,14016700.0,255.7927818345649,900.0,1320.0,1256098.0,1.3969286539899322
275,502.5,222.5,27.0,665550.0,292000.0,33350.0,253.5124139067305,903.0,1320.0,16.55505617977528,1.4000046178601353,97705.0,81006.0,11249.0,124390600.0,103449900.0,14061800.0,255.95817489413093,906.0,1320.0,1257778.0,1.4030805817303384
276,502.5,144.0,69.5,665550.0,216150.0,86200.0,422.56331988634184,897.5,1320.0,14.84375,1.4030805817303384,97705.0,81186.0,11352.0,124390600.0,103732900.0,14189100.0,256.5623145643419,889.0,1320.0,1260373.0,1.4030805817303384
277,0.0,244.5,77.5,0.0,337250.0,96950.0,351.5352482631518,889.0,1320.0,15.024539877300613,1.4058118505704837,97705.0,81495.0,11404.0,124390600.0,104124400.0,14255700.0,256.62073999439747,889.0,1320.0,1265125.0,1.4085431194106293
278,299.5,302.5,63.0,373250.0,380250.0,79100.0,300.7312174363566,889.5,1320.0,16.004958677685952,1.4080493830676881,98304.0,81791.0,11478.0,125137100.0,104493400.0,14347300.0,256.90849033549233,890.0,1320.0,1270056.0,1.407555646724747
279,490.0,293.0,79.5,610600.0,368000.0,100000.0,339.5662888035973,891.0,1320.0,16.411262798634812,1.4048640594012163,98685.0,82082.0,11563.0,125611800.0,104861700.0,14455700.0,257.2788007952053,892.0,1320.0,1274751.0,1.4021724720776854
280,190.5,252.0,56.0,237350.0,318400.0,71650.0,305.73807499701724,892.0,1320.0,15.498015873015873,1.3956156178256631,98685.0,82295.0,11590.0,125611800.0,105130200.0,14490600.0,257.22887191030736,892.0,1320.0,1277867.0,1.3890587635736409
281,500.5,227.5,36.5,667900.0,297450.0,46700.0,272.6192356642141,893.5,1320.0,15.773626373626374,1.3869971245214672,99686.0,82537.0,11636.0,126947600.0,105456600.0,14549100.0,257.36481005062694,895.0,1320.0,1281928.0,1.3849354854692935
282,500.5,240.0,52.5,667900.0,328850.0,65250.0,313.23623452612304,885.5,1320.0,16.291666666666668,1.3849354854692935,99686.0,82775.0,11695.0,126947600.0,105787900.0,14621100.0,257.575694257404,876.0,1320.0,1285687.0,1.3849354854692935
283,0.0,173.5,72.5,0.0,246700.0,89250.0,404.2632834226252,876.0,1320.0,15.867435158501442,1.3882740528515123,99686.0,82884.0,11781.0,126947600.0,105950000.0,14727600.0,258.1282817550479,876.0,1320.0,1287434.0,1.3916126202337311
284,94.5,253.5,58.5,118900.0,328450.0,72650.0,313.2366592717121,877.0,1320.0,15.970414201183432,1.3930565375546107,99875.0,83282.0,11812.0,127185400.0,106444800.0,14766400.0,257.9409375132235,878.0,1320.0,1293784.0,1.3945004548754902
285,492.0,314.0,62.0,621050.0,394300.0,77150.0,298.7131032445871,881.0,1320.0,16.270700636942674,1.3982799172532698,100670.0,83512.0,11905.0,128189700.0,106738600.0,14881900.0,258.4481386543437,884.0,1320.0,1297652.0,1.4020593796310492
286,397.5,312.5,76.5,502150.0,397300.0,96450.0,326.4781071409418,884.0,1320.0,16.2752,1.4014143851032865,100670.0,83909.0,11965.0,128189700.0,107241700.0,14959300.0,258.49577348145806,884.0,1320.0,1304001.0,1.400769390575524
287,498.0,312.0,58.0,647050.0,399550.0,73800.0,292.5478987597855,886.5,1320.0,16.298076923076923,1.4022065884260786,101666.0,84136.0,12021.0,129483800.0,107537700.0,15029500.0,258.7105618006354,889.0,1320.0,1307822.0,1.4036437862766333
288,498.0,178.0,92.0,647050.0,246700.0,115350.0,448.04208948961707,873.5,1320.0,16.55056179775281,1.4036437862766333,101666.0,84265.0,12149.0,129483800.0,107735100.0,15190000.0,259.55739327364984,858.0,1320.0,1309893.0,1.4036437862766333
289,0.0,232.0,83.5,0.0,308150.0,104350.0,377.71676024841634,858.0,1320.0,15.900862068965518,1.3975679093823299,101666.0,84600.0,12188.0,129483800.0,108154000.0,15238200.0,259.4864111954005,858.0,1320.0,1315200.0,1.3914920324880264
290,384.0,306.0,74.0,483700.0,385000.0,93500.0,322.7666713419093,860.5,1320.0,16.26797385620915,1.393928413675455,102434.0,84877.0,12297.0,130451200.0,108505100.0,15377000.0,260.0517544333411,863.0,1320.0,1319849.0,1.3963647948628835
291,490.5,293.0,88.5,615900.0,366850.0,111850.0,351.6381597962979,863.5,1320.0,15.824232081911262,1.3933359980931301,102647.0,85186.0,12365.0,130715600.0,108887700.0,15461900.0,260.20718068195106,864.0,1320.0,1324473.0,1.3903072013233768
292,219.5,250.5,45.5,322600.0,319500.0,56400.0,280.15462366537065,862.0,1320.0,15.261477045908183,1.3846026206825193,102873.0,85378.0,12388.0,131096400.0,109144100.0,15489800.0,260.1734828316124,860.0,1320.0,1327495.0,1.3788980400416615
293,113.0,180.0,29.0,190400.0,266950.0,36350.0,266.7714594382411,860.0,1320.0,14.930555555555555,1.3788980400416615,102873.0,85546.0,12423.0,131096400.0,109421600.0,15534600.0,260.235188199841,860.0,1320.0,1329848.0,1.3788980400416615
294,391.0,209.0,78.0,497400.0,305800.0,97250.0,383.7375901818479,858.0,1320.0,15.198564593301436,1.378042187213445,103655.0,85796.0,12544.0,132091200.0,109755700.0,15684300.0,260.89471323245704,856.0,1320.0,1333848.0,1.3771863343852284
295,391.0,228.5,100.0,497400.0,303450.0,124150.0,413.06538841094897,856.0,1320.0,15.586433260393873,1.3787346520788941,103655.0,86003.0,12623.0,132091200.0,110028500.0,15782900.0,261.25327107391786,856.0,1320.0,1336971.0,1.3802829697725598
296,292.5,277.0,68.0,368750.0,355450.0,84700.0,319.0274693327173,858.5,1320.0,15.247292418772563,1.3820222586863045,104240.0,86350.0,12680.0,132828700.0,110466600.0,15853700.0,261.2997581855946,861.0,1320.0,1342295.0,1.3837615476000493
297,495.0,298.5,74.5,631150.0,377600.0,93300.0,323.9736824598422,862.5,1320.0,15.641541038525963,1.381788985298321,104645.0,86600.0,12772.0,133353500.0,110783700.0,15969500.0,261.7241222884844,864.0,1320.0,1346309.0,1.3798164229965924
298,202.5,243.0,78.0,262400.0,314650.0,98150.0,359.82526292211406,864.0,1320.0,15.765432098765432,1.381963370094931,104645.0,86836.0,12836.0,133353500.0,111095900.0,16050000.0,261.9343734641165,864.0,1320.0,1349957.0,1.3841103171932694
299,498.0,284.5,41.5,651400.0,361450.0,52100.0,261.4320884196685,867.0,1320.0,15.878734622144112,1.3867559977064485,105641.0,87169.0,12855.0,134656300.0,111506600.0,16073700.0,261.72221868452533,870.0,1320.0,1355344.0,1.389401678219628
300,498.0,288.0,91.5,651400.0,369200.0,114600.0,362.98026819978975,850.5,1320.0,16.62152777777778,1.389401678219628,105641.0,87412.0,13019.0,134656300.0,111834300.0,16279200.0,262.6980204864943,831.0,1320.0,1359531.0,1.389401678219628
301,0.0,241.5,141.5,0.0,330150.0,176550.0,468.449267703661,831.0,1320.0,15.906832298136646,1.3919263323511673,105641.0,87652.0,13138.0,134656300.0,112166900.0,16426800.0,263.29333605280226,831.0,1320.0,1363027.0,1.3944509864827068
302,3.0,295.5,68.5,3450.0,387000.0,85050.0,307.3832317970632,831.0,1320.0,14.808798646362098,1.3970929429742136,105647.0,88003.0,13156.0,134663200.0,112608300.0,16449300.0,263.0196016985869,831.0,1320.0,1368283.0,1.3997348994657202
303,490.5,293.5,76.0,618450.0,367750.0,95000.0,326.9710688567464,835.0,1320.0,15.528109028960818,1.4042582072823215,106622.0,88239.0,13290.0,135893200.0,112902400.0,16616800.0,263.7568277107733,839.0,1320.0,1372142.0,1.408781515098923
304,487.5,292.0,96.5,615000.0,363700.0,121200.0,365.60772229504005,839.0,1320.0,15.731164383561644,1.4103558726202758,106622.0,88587.0,13349.0,135893200.0,113335700.0,16691700.0,263.8015724420287,839.0,1320.0,1377470.0,1.4119302301416288
305,502.5,243.5,59.0,668300.0,316050.0,73700.0,316.65467300853794,842.5,1320.0,15.293634496919918,1.4111100422793206,107627.0,88726.0,13408.0,137229800.0,113534500.0,16764200.0,264.0701728887272,846.0,1320.0,1379590.0,1.4102898544170124
306,502.5,151.0,79.5,668300.0,227150.0,99250.0,444.99903052227774,841.5,1320.0,15.294701986754967,1.4102898544170124,107627.0,88889.0,13508.0,137229800.0,113790000.0,16890200.0,264.61733880407996,837.0,1320.0,1382089.0,1.4102898544170124
307,0.0,244.0,86.5,0.0,335100.0,109300.0,379.6738180801109,837.0,1320.0,16.108606557377048,1.4107588701056861,107627.0,89214.0,13581.0,137229800.0,114204700.0,16982800.0,264.81353598490426,837.0,1320.0,1387451.0,1.4112278857943596
308,111.0,283.0,55.0,138400.0,357700.0,69150.0,298.6262129300523,838.5,1320.0,16.646643109540637,1.4123789605214743,107849.0,89455.0,13618.0,137506600.0,114505400.0,17028500.0,264.84038459598673,840.0,1320.0,1391511.0,1.413530035248589
309,493.0,259.5,77.5,621300.0,329400.0,96450.0,350.46386170431094,845.0,1320.0,16.071290944123316,1.4103963964469508,108613.0,89733.0,13736.0,138472400.0,114863500.0,17175700.0,265.37146463536857,850.0,1320.0,1395792.0,1.4072627576453127
310,382.0,283.0,73.0,482900.0,360750.0,91250.0,322.5106149081358,850.0,1320.0,15.031802120141343,1.403137463997122,108613.0,90021.0,13764.0,138472400.0,115226900.0,17211000.0,265.2360217688176,850.0,1320.0,1400019.0,1.399012170348931
311,203.0,213.5,30.0,277650.0,282300.0,37100.0,250.85281497779013,851.0,1320.0,14.889929742388759,1.4000567751033144,109019.0,90160.0,13796.0,139027700.0,115428100.0,17249900.0,265.3034494906606,852.0,1320.0,1402150.0,1.4011013798576977
312,499.0,189.0,32.5,648550.0,262500.0,40400.0,275.92030383676126,853.0,1320.0,15.484126984126984,1.4038434974584102,109611.0,90399.0,13829.0,139769500.0,115751900.0,17291800.0,265.28143314537743,854.0,1320.0,1405872.0,1.4065856150591227
313,296.0,276.0,62.0,370900.0,359350.0,78650.0,310.5797598993833,854.0,1320.0,15.717391304347826,1.4091689232837257,109611.0,90712.0,13920.0,139769500.0,116146800.0,17407200.0,265.59596789646673,854.0,1320.0,1410826.0,1.4117522315083288
314,490.5,314.5,53.0,615900.0,396550.0,66600.0,281.11412489930433,856.0,1320.0,16.073131955484897,1.41142198661874,110592.0,91028.0,13935.0,141001300.0,116545000.0,17425000.0,265.39230105539497,858.0,1320.0,1415982.0,1.4110917417291513
315,490.5,301.0,83.5,615900.0,377150.0,105150.0,343.44779264303287,858.0,1320.0,16.3421926910299,1.4141559143751725,110592.0,91314.0,14087.0,141001300.0,116901100.0,17617500.0,266.1639706026095,858.0,1320.0,1420664.0,1.4172200870211937
316,222.0,313.5,86.0,319250.0,391300.0,108650.0,332.16557458264685,859.0,1320.0,15.256778309409889,1.420596517851671,111036.0,91655.0,14107.0,141639800.0,117327600.0,17642300.0,265.8967529903842,860.0,1320.0,1425548.0,1.4239729486821484
317,222.0,282.5,34.5,319250.0,372250.0,44250.0,239.7389270074309,856.5,1320.0,14.815929203539824,1.4239729486821484,111036.0,91879.0,14156.0,141639800.0,117645600.0,17706000.0,266.00597109641495,853.0,1320.0,1429035.0,1.4239729486821484
318,280.0,181.0,55.5,354500.0,269450.0,70950.0,351.50143806783814,855.5,1320.0,15.201657458563536,1.4228501778741889,111596.0,92017.0,14218.0,142348800.0,117866500.0,17784200.0,266.27789871487806,858.0,1320.0,1431051.0,1.4217274070662294
319,280.0,241.0,67.5,354500.0,326350.0,84050.0,335.95420310205077,858.0,1320.0,15.462655601659751,1.4183984206886184,111596.0,92361.0,14291.0,142348800.0,118298300.0,17874100.0,266.410633542009,858.0,1320.0,1436488.0,1.4150694343110075
320,213.0,351.0,54.5,267100.0,439800.0,67200.0,270.6089953317919,858.0,1320.0,16.14245014245014,1.412608420430646,112022.0,92719.0,14327.0,142883000.0,118746100.0,17918600.0,266.31071189198286,858.0,1320.0,1442383.0,1.4101474065502841
321,492.5,322.5,56.0,620900.0,405600.0,69450.0,285.87270800343583,859.5,1320.0,16.427906976744186,1.4144488632323235,112581.0,93006.0,14403.0,143590600.0,119109500.0,18013000.0,266.5477988667708,861.0,1320.0,1447084.0,1.4187503199143632
322,279.5,311.0,60.0,353800.0,391700.0,74400.0,292.76408105635994,861.0,1320.0,15.797427652733118,1.418997937362794,112581.0,93341.0,14447.0,143590600.0,119529500.0,18067400.0,266.4928137949774,861.0,1320.0,1452209.0,1.4192455548112246
323,498.0,258.5,42.5,647150.0,329200.0,53450.0,272.88056987605734,864.0,1320.0,15.60541586073501,1.4143813901490159,113577.0,93523.0,14488.0,144884900.0,119767900.0,18119900.0,266.5830946065343,867.0,1320.0,1455152.0,1.4095172254868074
324,498.0,175.5,56.0,647150.0,242150.0,71700.0,359.05167110159766,867.0,1320.0,15.826210826210826,1.4095172254868074,113577.0,93692.0,14559.0,144884900.0,120013800.0,18210800.0,266.8886969825043,867.0,1320.0,1457764.0,1.4095172254868074
325,0.0,257.5,51.5,0.0,341800.0,65300.0,298.5236280265421,867.0,1320.0,15.788349514563107,1.4005766037686231,113577.0,94038.0,14591.0,144884900.0,120451500.0,18250500.0,266.7648071294665,867.0,1320.0,1463283.0,1.3916359820504387
326,253.0,334.5,48.5,315000.0,417750.0,61650.0,264.4565409301578,869.0,1320.0,15.85949177877429,1.3951881534170845,114083.0,94361.0,14656.0,145514900.0,120849300.0,18334100.0,266.87160761537746,871.0,1320.0,1468374.0,1.3987403247837304
327,490.0,325.5,77.0,609900.0,403350.0,96750.0,316.57951114959513,873.0,1320.0,15.734254992319508,1.401684312948218,114557.0,94689.0,14745.0,146104700.0,121258200.0,18444000.0,267.1312456836286,875.0,1320.0,1473526.0,1.4046283011127052
328,237.0,320.5,51.0,294900.0,399200.0,63300.0,273.1565596163443,875.0,1320.0,15.909516380655226,1.4072303989455315,114557.0,95002.0,14758.0,146104700.0,121647700.0,18460700.0,266.9141524344073,875.0,1320.0,1478572.0,1.4098324967783575
329,357.0,252.0,39.5,491150.0,331500.0,49900.0,271.7822737838605,866.5,1320.0,15.807539682539682,1.4074356204688976,115271.0,95193.0,14824.0,147087000.0,121921200.0,18543800.0,267.15589232353403,858.0,1320.0,1481493.0,1.4050387441594379
330,502.5,170.0,70.0,674850.0,256300.0,88100.0,401.6446957576149,857.0,1320.0,15.576470588235294,1.4125462272932254,115562.0,95342.0,14898.0,147454400.0,122160300.0,18636900.0,267.5007876012721,856.0,1320.0,1483868.0,1.4200537104270132
331,145.5,229.0,78.5,183700.0,316300.0,98300.0,372.05285123752503,856.0,1320.0,16.087336244541486,1.4165128359838446,115562.0,95651.0,14981.0,147454400.0,122553800.0,18740400.0,267.73901140058325,856.0,1320.0,1488861.0,1.412971961540676
332,494.5,296.0,47.0,629250.0,374200.0,58850.0,269.4284059226819,859.0,1320.0,15.619932432432432,1.4143481389373742,116551.0,95934.0,14992.0,148712900.0,122908700.0,18754600.0,267.5127085771339,862.0,1320.0,1493115.0,1.4157243163340725
333,494.5,280.5,66.5,629250.0,359700.0,82250.0,317.47667297227883,862.0,1320.0,15.750445632798574,1.4127812814525504,116551.0,96212.0,15114.0,148712900.0,123273200.0,18904900.0,268.04907317528773,862.0,1320.0,1497697.0,1.4098382465710286
334,0.0,279.0,90.5,0.0,360150.0,112050.0,362.7613248152173,862.0,1320.0,15.903225806451612,1.4025135099600152,116551.0,96492.0,15173.0,148712900.0,123629000.0,18978700.0,268.14306479797267,862.0,1320.0,1501989.0,1.3951887733490018
335,497.5,192.0,50.5,659200.0,251550.0,63650.0,327.8556436482073,855.0,1320.0,15.309895833333334,1.400600287387281,117546.0,96596.0,15215.0,150031300.0,123776300.0,19032200.0,268.3084947588472,848.0,1320.0,1503576.0,1.4060118014255603
336,497.5,164.0,85.5,659200.0,244050.0,107150.0,442.3385790045361,840.5,1320.0,15.496951219512194,1.4060118014255603,117546.0,96820.0,15344.0,150031300.0,124117100.0,19193000.0,268.91803325121174,833.0,1320.0,1507072.0,1.4060118014255603
337,0.0,272.5,103.0,0.0,372700.0,129200.0,384.8460319501285,833.0,1320.0,15.477064220183486,1.412376964652915,117546.0,97141.0,15421.0,150031300.0,124521700.0,19290600.0,269.0860190603939,833.0,1320.0,1512011.0,1.4187421278802699
338,261.5,304.0,80.5,324150.0,382550.0,102700.0,331.8465659658279,834.5,1320.0,15.654605263157896,1.415877089130607,118069.0,97428.0,15505.0,150679600.0,124882200.0,19398400.0,269.3465354751637,836.0,1320.0,1516590.0,1.4130120503809442
339,491.0,305.0,91.5,608250.0,383300.0,112550.0,346.3580422767952,840.0,1320.0,15.2,1.4176126363551913,118528.0,97751.0,15604.0,151247800.0,125288300.0,19515700.0,269.6265926073095,844.0,1320.0,1521283.0,1.4222132223294381
340,382.5,287.0,58.0,500350.0,358000.0,68950.0,289.6684993307115,844.0,1320.0,14.914634146341463,1.4216020434704637,118834.0,98002.0,15621.0,151680300.0,125598200.0,19536300.0,269.4699449526493,844.0,1320.0,1525151.0,1.4209908646114895
341,270.0,245.0,51.5,365600.0,322750.0,63850.0,292.0057062013007,828.0,1320.0,14.555102040816326,1.4209908646114895,119068.0,98241.0,15707.0,151979000.0,125933800.0,19643400.0,269.7430563834291,812.0,1320.0,1528415.0,1.4209908646114895
342,346.5,240.5,141.0,436750.0,334500.0,175250.0,463.0731618005749,804.0,1320.0,14.796257796257796,1.4147371095548174,119527.0,98483.0,15903.0,152553800.0,126267200.0,19886800.0,270.7613552166238,796.0,1320.0,1532268.0,1.408483354498145
343,229.5,268.0,146.5,287400.0,350550.0,180750.0,452.9358524058023,796.0,1320.0,15.48134328358209,1.4136935225011027,119527.0,98777.0,16000.0,152553800.0,126634900.0,20004900.0,271.06620324998374,796.0,1320.0,1536713.0,1.4189036905040606
344,493.0,317.5,110.5,621600.0,396900.0,134900.0,366.82929704629674,799.5,1320.0,14.946456692913387,1.4197435600448296,120513.0,99118.0,16124.0,153797000.0,127061000.0,20156600.0,271.4749332368437,803.0,1320.0,1541759.0,1.4205834295855986
345,493.0,286.0,105.5,621600.0,360300.0,131300.0,376.8498955761161,803.0,1320.0,15.057692307692308,1.420140199641284,120513.0,99349.0,16211.0,153797000.0,127355500.0,20267500.0,271.78296191294106,803.0,1320.0,1545326.0,1.4196969696969695
346,168.0,195.5,64.0,253450.0,250250.0,80600.0,357.7152185232293,796.5,1320.0,15.112531969309464,1.4171453789540356,120849.0,99509.0,16252.0,154303900.0,127561500.0,20317800.0,271.8615807957247,790.0,1320.0,1547668.0,1.4145937882111017
347,168.0,200.5,57.5,253450.0,276850.0,71850.0,338.47847821487926,790.0,1320.0,15.169576059850375,1.4145937882111017,120849.0,99750.0,16326.0,154303900.0,127909200.0,20411200.0,272.0794477188939,790.0,1320.0,1551409.0,1.4145937882111017
348,333.5,200.5,123.0,416200.0,292100.0,154100.0,474.6041626168814,781.0,1320.0,15.608478802992519,1.4145926420873542,121516.0,99910.0,16498.0,155136300.0,128145700.0,20626000.0,272.988431617303,772.0,1320.0,1553927.0,1.4145914959636066
349,333.5,294.0,172.5,416200.0,383900.0,215500.0,468.22611651305067,772.0,1320.0,16.16496598639456,1.4247222449738,121516.0,100338.0,16673.0,155136300.0,128677000.0,20845100.0,273.65586944924,772.0,1320.0,1560914.0,1.4348529939839936
350,451.5,361.5,173.5,568500.0,454400.0,216900.0,429.81925515886815,776.5,1320.0,16.21161825726141,1.4362527459637815,122419.0,100633.0,16845.0,156273300.0,129054500.0,21059800.0,274.41686060987604,781.0,1320.0,1565648.0,1.4376524979435696
351,491.5,285.5,136.0,617900.0,360550.0,170300.0,424.3443275344367,781.0,1320.0,15.308231173380035,1.4334175112307066,122499.0,100909.0,16945.0,156372100.0,129398100.0,21185700.0,274.733731636063,781.0,1320.0,1569655.0,1.4291825245178433
352,161.5,262.5,72.0,237500.0,354600.0,90100.0,326.50039432670553,782.0,1320.0,14.255238095238095,1.4288560805936752,122742.0,101158.0,16989.0,156748300.0,129763700.0,21240000.0,274.71178036286665,783.0,1320.0,1573132.0,1.428529636669507
353,499.5,209.0,79.5,669150.0,297650.0,98900.0,379.3630342736479,786.5,1320.0,14.488038277511961,1.4304143795044297,123498.0,101327.0,17104.0,157710400.0,129993400.0,21383500.0,275.2434892807835,790.0,1320.0,1575711.0,1.4322991223393524
354,378.0,171.5,108.0,481050.0,229850.0,133650.0,480.5486682742411,790.0,1320.0,15.583090379008746,1.4307687031832428,123498.0,101501.0,17205.0,157710400.0,130223400.0,21507300.0,275.68108958348273,790.0,1320.0,1578477.0,1.4292382840271332
355,221.0,271.0,72.5,279550.0,345600.0,89700.0,331.93001034929466,794.0,1320.0,15.782287822878228,1.4289703788073922,123940.0,101869.0,17249.0,158269500.0,130684600.0,21562900.0,275.570422573603,798.0,1320.0,1584265.0,1.4287024735876512
356,494.0,314.0,74.5,624200.0,393100.0,94550.0,317.7292056735971,800.5,1320.0,15.901273885350319,1.4287466085875011,124486.0,102131.0,17355.0,158958800.0,131012300.0,21697500.0,275.9574666749659,803.0,1320.0,1588476.0,1.428790743587351
357,273.0,257.0,92.0,344650.0,325250.0,115050.0,376.29246905316677,803.0,1320.0,15.459143968871595,1.4351247460068572,124486.0,102383.0,17433.0,158958800.0,131335100.0,21793000.0,276.15718885225317,803.0,1320.0,1592211.0,1.4414587484263637
358,498.5,255.0,70.5,666550.0,330200.0,85950.0,333.5291244129452,809.0,1320.0,15.298039215686275,1.4409052817625638,125483.0,102641.0,17496.0,160291900.0,131672700.0,21869400.0,276.2694367523558,815.0,1320.0,1596278.0,1.4403518150987638
359,498.5,203.0,88.0,666550.0,297900.0,109500.0,407.6571229659803,815.0,1320.0,15.435960591133005,1.4403518150987638,125483.0,102789.0,17609.0,160291900.0,131930900.0,22012000.0,276.79285523918793,815.0,1320.0,1598478.0,1.4403518150987638
360,278.0,239.0,70.5,344750.0,333750.0,88100.0,343.73078553870624,820.0,1320.0,15.205020920502092,1.4366284987917401,126039.0,103119.0,17637.0,160981400.0,132340200.0,22045600.0,276.61524627650977,825.0,1320.0,1603546.0,1.4329051824847163
361,490.5,328.5,89.5,611850.0,409450.0,111900.0,333.34646494270754,826.5,1320.0,15.479452054794521,1.4352958510930445,126464.0,103446.0,17788.0,161515600.0,132749800.0,22235800.0,277.1828350939489,828.0,1320.0,1608648.0,1.4376865197013724
362,212.5,322.5,95.0,267100.0,404950.0,120250.0,350.22499261670885,828.0,1320.0,15.934883720930232,1.436906568518305,126464.0,103764.0,17827.0,161515600.0,133150100.0,22286100.0,277.1207453528724,828.0,1320.0,1613824.0,1.4361266173352376
363,417.5,300.0,45.5,559850.0,384100.0,58100.0,268.5209848192009,835.0,1320.0,15.806666666666667,1.4369473740404481,127299.0,104046.0,17879.0,162635300.0,133518000.0,22352000.0,277.1337447635007,842.0,1320.0,1618132.0,1.4377681307456587
364,417.5,213.5,107.5,559850.0,289450.0,133400.0,431.97134218150467,822.5,1320.0,14.754098360655737,1.4377681307456587,127299.0,104191.0,18042.0,162635300.0,133729000.0,22552900.0,277.9340615863277,803.0,1320.0,1620124.0,1.4377681307456587
365,84.5,226.0,124.0,108950.0,310200.0,152550.0,450.8879644009386,803.5,1320.0,14.984513274336283,1.433948848814972,127468.0,104498.0,18127.0,162853200.0,134138400.0,22657100.0,278.12561390720055,804.0,1320.0,1624905.0,1.4301295668842857
366,113.0,306.5,64.0,144700.0,396400.0,79650.0,299.73325238980595,804.0,1320.0,15.456769983686787,1.4203374907216677,127525.0,104804.0,18170.0,162924700.0,134521800.0,22712200.0,278.06541618474233,804.0,1320.0,1629599.0,1.4105454145590497
367,494.0,303.5,100.0,624250.0,387350.0,126950.0,363.73671363153846,817.0,1320.0,15.42339373970346,1.4094741860947169,128456.0,105105.0,18327.0,164101700.0,134913100.0,22911000.0,278.6853403758439,830.0,1320.0,1634267.0,1.408402957630384
368,465.5,295.5,115.5,588500.0,378500.0,144850.0,390.54417635723263,830.0,1320.0,15.238578680203046,1.411269401704504,128456.0,105395.0,18401.0,164101700.0,135278800.0,23001900.0,278.8122702096038,830.0,1320.0,1638605.0,1.414135845778624
369,332.5,222.5,68.5,460400.0,287300.0,85100.0,344.7433379627255,832.5,1320.0,14.292134831460674,1.4131376170626666,129121.0,105550.0,18464.0,165022500.0,135487700.0,23081200.0,278.9953517825845,835.0,1320.0,1640627.0,1.412139388346709
370,499.0,135.0,62.0,668900.0,212750.0,77500.0,405.3332661294751,837.5,1320.0,13.044444444444444,1.418369723350963,129454.0,105665.0,18525.0,165439500.0,135704300.0,23156900.0,279.2136654297698,840.0,1320.0,1642127.0,1.4246000583552167
371,221.0,194.5,60.5,281300.0,276650.0,75650.0,344.5408030574758,840.5,1320.0,14.2853470437018,1.4234902481995104,129563.0,105939.0,18585.0,165585100.0,136041000.0,23232500.0,279.2637994725896,841.0,1320.0,1646184.0,1.4223804380438043
372,489.5,278.0,53.5,614100.0,349950.0,66050.0,290.2000960222866,850.0,1320.0,15.508992805755396,1.4223804380438043,130433.0,106221.0,18632.0,166667700.0,136404200.0,23289000.0,279.2720060662212,859.0,1320.0,1650750.0,1.4223804380438043
373,436.5,289.5,78.0,543250.0,371000.0,95100.0,340.3742653703609,859.0,1320.0,16.260794473229705,1.4234130003889445,130436.0,106518.0,18741.0,166671600.0,136783000.0,23422700.0,279.62238602074154,859.0,1320.0,1655599.0,1.4244455627340844
374,62.0,292.0,60.0,112300.0,376350.0,74300.0,304.2866865994962,859.0,1320.0,16.351027397260275,1.4230901625443053,130557.0,106805.0,18752.0,166892300.0,137156900.0,23437600.0,279.4122637587073,859.0,1320.0,1660299.0,1.421734762354526
375,282.5,251.0,22.5,389200.0,348700.0,29400.0,221.98874826663572,841.0,1320.0,15.51394422310757,1.421734762354526,131001.0,107020.0,18786.0,167450000.0,137480400.0,23481500.0,279.37179701980784,823.0,1320.0,1663387.0,1.421734762354526
376,440.0,201.5,101.0,550750.0,283000.0,127250.0,430.0767155609744,824.0,1320.0,14.598014888337469,1.4213361077426137,131437.0,107208.0,18954.0,167993800.0,137722900.0,23692100.0,280.1347633492367,825.0,1320.0,1666182.0,1.4209374531307015
377,218.0,246.5,135.0,271900.0,314050.0,168350.0,451.73347332264154,825.0,1320.0,15.456389452332656,1.4129145898807791,131437.0,107513.0,19056.0,167993800.0,138108500.0,23818200.0,280.41085049276774,825.0,1320.0,1671007.0,1.4048917266308567
378,472.0,304.0,103.0,596900.0,385900.0,126250.0,374.3076381058669,828.0,1320.0,16.62171052631579,1.4043812758347824,132381.0,107817.0,19160.0,169187600.0,138495900.0,23944600.0,280.73714608285957,831.0,1320.0,1676296.0,1.403870825038708
379,494.0,263.5,95.5,625450.0,337200.0,117850.0,380.2786231401688,831.5,1320.0,15.910815939278937,1.407454243740129,132425.0,108040.0,19247.0,169244700.0,138782900.0,24053900.0,280.9741842248916,832.0,1320.0,1679392.0,1.41103766244155
380,83.5,227.5,53.5,133050.0,292400.0,66800.0,304.0965088115373,833.0,1320.0,14.457142857142857,1.4105035943022561,132548.0,108272.0,19267.0,169453700.0,139080700.0,24078200.0,280.8400790041899,834.0,1320.0,1682874.0,1.4099695261629623
381,497.0,206.0,21.5,656000.0,285300.0,26800.0,223.76298617641243,838.0,1320.0,14.679611650485437,1.4148651058152684,133419.0,108452.0,19290.0,170556700.0,139353500.0,24107500.0,280.7704055529434,842.0,1320.0,1685440.0,1.4197606854675742
382,435.5,223.5,62.5,551500.0,305250.0,79500.0,337.74712950497656,842.0,1320.0,15.35123042505593,1.4197606854675742,133419.0,108719.0,19392.0,170556700.0,139691200.0,24237200.0,281.0941620484751,842.0,1320.0,1689736.0,1.4197606854675742
383,0.0,287.5,64.5,0.0,358550.0,81700.0,307.5063837596628,842.0,1320.0,15.353043478260869,1.4181672452847023,133419.0,109027.0,19419.0,170556700.0,140070600.0,24270900.0,280.9169428422127,842.0,1320.0,1694268.0,1.4165738051018304
384,195.0,330.0,39.5,241100.0,411250.0,49550.0,240.8660471889076,845.0,1320.0,15.365151515151515,1.4169022027445375,133809.0,109379.0,19471.0,171038900.0,140513700.0,24336300.0,280.86343968230364,848.0,1320.0,1699877.0,1.4172306003872446
385,491.0,331.0,66.5,612650.0,417600.0,82350.0,297.604371073498,850.5,1320.0,15.996978851963746,1.4179228923256177,134401.0,109689.0,19552.0,171782000.0,140905800.0,24435600.0,281.01959219840694,853.0,1320.0,1704858.0,1.4186151842639907
386,296.0,309.5,58.0,371550.0,389050.0,71050.0,288.12555171906,853.0,1320.0,15.819063004846527,1.423988711537524,134401.0,109998.0,19587.0,171782000.0,141291800.0,24478400.0,280.90463003880313,853.0,1320.0,1709669.0,1.4293622388110576
387,505.5,205.5,44.5,671850.0,265050.0,54700.0,303.6813895293048,859.5,1320.0,15.620437956204379,1.4297369804751172,135412.0,110100.0,19641.0,173125700.0,141435900.0,24545000.0,281.10692695507953,866.0,1320.0,1711278.0,1.430111722139177
388,505.5,137.0,61.0,671850.0,206150.0,75900.0,410.9372175937988,857.5,1320.0,14.941605839416058,1.430111722139177,135412.0,110272.0,19709.0,173125700.0,141704100.0,24630200.0,281.3007872054029,849.0,1320.0,1713763.0,1.430111722139177
389,0.0,185.0,73.5,0.0,264900.0,92000.0,390.2481873900625,849.0,1320.0,15.018918918918919,1.4383106482047436,135412.0,110470.0,19788.0,173125700.0,141965700.0,24729000.0,281.5401136433815,849.0,1320.0,1716835.0,1.4465095742703102
390,323.5,223.0,64.5,409750.0,287150.0,81700.0,340.15985489325686,853.0,1320.0,15.405829596412556,1.444623604285587,136059.0,110718.0,19838.0,173945200.0,142278400.0,24793600.0,281.56001668486374,857.0,1320.0,1720634.0,1.4427376343008638
391,493.0,300.5,73.0,623300.0,379650.0,93500.0,314.542673929273,867.0,1320.0,15.116472545757071,1.445724783221228,136398.0,111071.0,19934.0,174372300.0,142725000.0,24916000.0,281.72829663283693,877.0,1320.0,1725920.0,1.4487119321415922
392,169.5,332.0,70.0,213550.0,418300.0,88650.0,300.678992623269,877.0,1320.0,15.542168674698795,1.4358095918911518,136398.0,111382.0,19978.0,174372300.0,143115000.0,24970900.0,281.6770359955714,877.0,1320.0,1730954.0,1.4229072516407113
393,365.0,265.5,37.5,474450.0,337550.0,47100.0,257.4125059029525,881.0,1320.0,15.536723163841808,1.420238671370107,137128.0,111602.0,20009.0,175321200.0,143400100.0,25010200.0,281.6163351008808,885.0,1320.0,1734170.0,1.4175700910995028
394,497.0,180.0,53.0,639950.0,243650.0,66800.0,343.8318874951111,871.5,1320.0,15.230555555555556,1.4147485370645736,137392.0,111742.0,20084.0,175652200.0,143602300.0,25104500.0,281.8967510805984,858.0,1320.0,1736437.0,1.4119269830296444
395,132.0,271.0,102.0,165500.0,352000.0,126850.0,383.4947514510481,858.0,1320.0,15.523985239852399,1.4144394836401766,137392.0,112144.0,20213.0,175652200.0,144104100.0,25263900.0,282.19054952548424,858.0,1320.0,1742584.0,1.4169519842507086
396,492.5,371.0,97.0,626100.0,463300.0,120850.0,329.66254908671067,864.0,1320.0,15.808625336927223,1.4156902114998913,138377.0,112484.0,20278.0,176904400.0,144528900.0,25346200.0,282.23350999454715,870.0,1320.0,1748167.0,1.414428438749074
397,492.5,328.0,84.5,626100.0,413900.0,107450.0,330.0297355262986,870.0,1320.0,16.0,1.4106979123358685,138377.0,112800.0,20382.0,176904400.0,144931900.0,25478800.0,282.48689083625163,870.0,1320.0,1753080.0,1.4069673859226628
398,482.0,287.5,73.5,634550.0,367950.0,93050.0,324.4179687875711,873.5,1320.0,15.540869565217392,1.409072847797065,139341.0,113059.0,20425.0,178173500.0,145264800.0,25532300.0,282.4616810056686,877.0,1320.0,1757103.0,1.4111783096714674
399,482.0,231.5,68.0,634550.0,315850.0,85400.0,345.4194942327668,869.0,1320.0,15.799136069114471,1.4111783096714674,139341.0,113263.0,20518.0,178173500.0,145563600.0,25649600.0,282.76866948519597,861.0,1320.0,1760395.0,1.4111783096714674
400,19.5,255.5,85.5,24250.0,346550.0,106900.0,359.266036940667,861.0,1320.0,15.039138943248533,1.411746040755156,139380.0,113570.0,20596.0,178222000.0,145957900.0,25746100.0,282.852097137532,861.0,1320.0,1764788.0,1.4123137718388448
401,38.5,302.0,46.0,47000.0,382600.0,56500.0,259.53086591757534,861.5,1320.0,15.278145695364238,1.4122564898805925,139418.0,113867.0,20610.0,178267500.0,146328800.0,25762600.0,282.64839976410514,862.0,1320.0,1769623.0,1.4121992079223402
402,474.0,301.0,57.0,595950.0,377750.0,71200.0,287.6874621800342,870.0,1320.0,15.850498338870432,1.4121992079223402,140328.0,114172.0,20710.0,179413900.0,146713400.0,25888500.0,282.8777649165564,878.0,1320.0,1774330.0,1.4121992079223402
403,474.5,314.5,68.5,597850.0,400000.0,85000.0,300.2544444279823,878.0,1320.0,15.255961844197138,1.411129420759096,140367.0,114496.0,20747.0,179463200.0,147128800.0,25932600.0,282.7481182723642,878.0,1320.0,1779219.0,1.410059633595852
404,46.0,253.5,28.0,94200.0,335050.0,33550.0,230.23569795935347,878.0,1320.0,14.80276134122288,1.4096924061192984,140420.0,114679.0,20766.0,179602300.0,147383500.0,25955600.0,282.6589492814501,878.0,1320.0,1781835.0,1.409325178642745
405,499.0,171.5,13.0,664950.0,251050.0,15850.0,202.93055791667976,883.0,1320.0,14.326530612244898,1.4143863464139743,141365.0,114839.0,20773.0,180793100.0,147630900.0,25964300.0,282.53093483895685,888.0,1320.0,1784133.0,1.4194475141852034
406,472.5,222.0,58.0,595400.0,302400.0,73500.0,325.0700954808336,888.0,1320.0,15.13963963963964,1.4159371539198675,141365.0,115123.0,20882.0,180793100.0,147988300.0,26102600.0,282.8335769927232,888.0,1320.0,1788557.0,1.4124267936545316
407,490.5,311.0,69.5,608850.0,390700.0,88600.0,306.3219887018585,894.5,1320.0,15.437299035369774,1.4150716051245489,142346.0,115461.0,20912.0,182010800.0,148412300.0,26141500.0,282.6636956639714,901.0,1320.0,1793735.0,1.4177164165945664
408,490.5,320.5,68.5,608850.0,401650.0,85800.0,303.7447602875449,901.0,1320.0,15.903276131045242,1.4184409703401637,142346.0,115764.0,21019.0,182010800.0,148791600.0,26274200.0,282.95251648522844,901.0,1320.0,1798751.0,1.419165524085761
409,266.5,321.0,61.5,379650.0,408300.0,76350.0,290.8246135025534,904.0,1320.0,15.884735202492212,1.423715633389898,142879.0,116103.0,21035.0,182770100.0,149228900.0,26294200.0,282.7092198961057,907.0,1320.0,1803933.0,1.4282657426940348
410,266.5,272.5,25.5,379650.0,379050.0,30650.0,221.32285950529604,899.0,1320.0,15.161467889908257,1.4282657426940348,142879.0,116309.0,21070.0,182770100.0,149549700.0,26335500.0,282.6851446484843,891.0,1320.0,1807014.0,1.4282657426940348
411,234.0,198.0,59.5,296200.0,284000.0,74950.0,342.39589054830964,892.5,1320.0,14.914141414141413,1.425480156349011,143347.0,116499.0,21154.0,183362500.0,149796900.0,26444100.0,282.9325251301788,894.0,1320.0,1809839.0,1.422694570003987
412,234.0,228.0,67.5,296200.0,292150.0,85500.0,344.1153130867083,894.0,1320.0,15.232456140350877,1.4219690046935636,143347.0,116765.0,21205.0,183362500.0,150134000.0,26506500.0,282.9482832260516,894.0,1320.0,1813960.0,1.4212434393831401
413,258.0,277.0,52.5,327650.0,351300.0,64300.0,284.2018101357659,896.5,1320.0,15.176895306859207,1.4198075798260694,143863.0,117053.0,21259.0,184017800.0,150499500.0,26572700.0,282.93857275307965,899.0,1320.0,1818247.0,1.4183717202689987
414,495.0,306.5,68.0,627850.0,387500.0,83900.0,304.8349813506242,901.5,1320.0,15.358890701468189,1.4196063001162815,144337.0,117378.0,21341.0,184618200.0,150909000.0,26674300.0,283.0664583635257,904.0,1320.0,1823375.0,1.4208408799635643
415,237.0,271.0,61.0,300200.0,347100.0,76000.0,310.6891222653753,904.0,1320.0,15.649446494464945,1.418638621799964,144337.0,117595.0,21381.0,184618200.0,151193700.0,26724700.0,283.0711594218293,904.0,1320.0,1826729.0,1.4164363636363635
416,500.0,266.0,25.0,648850.0,338050.0,31400.0,219.9229454814557,910.5,1320.0,14.881578947368421,1.4161282167311096,145337.0,117910.0,21391.0,185915900.0,151585100.0,26737100.0,282.802644575417,917.0,1320.0,1831292.0,1.4158200698258554
417,500.0,274.0,69.0,648850.0,360150.0,87350.0,318.77086805128744,888.0,1320.0,14.921532846715328,1.4158200698258554,145337.0,118143.0,21519.0,185915900.0,151914000.0,26899400.0,283.24651134375426,859.0,1320.0,1834906.0,1.4158200698258554
418,0.0,239.0,114.0,0.0,321900.0,142850.0,424.48603126927975,859.0,1320.0,15.125523012552302,1.4113610121086748,145337.0,118388.0,21619.0,185915900.0,152228900.0,27022800.0,283.5170979313634,859.0,1320.0,1838522.0,1.4069019543914945
419,413.0,283.0,100.0,515700.0,359200.0,123850.0,370.9200574122,863.0,1320.0,14.959363957597173,1.4086348610740924,146163.0,118709.0,21719.0,186947300.0,152632400.0,27147100.0,283.7247488483008,867.0,1320.0,1843373.0,1.4103677677566904
420,491.0,337.5,101.0,611750.0,423150.0,125450.0,343.04335198463735,869.0,1320.0,14.811851851851852,1.4043233729051923,146319.0,119063.0,21821.0,187139400.0,153075200.0,27273700.0,283.8876476375381,871.0,1320.0,1848520.0,1.3982789780536942
421,78.0,337.5,60.5,96050.0,423150.0,74900.0,276.7274625825249,871.0,1320.0,14.891851851851852,1.3975088819092532,146319.0,119384.0,21840.0,187139400.0,153478700.0,27296900.0,283.6853090939568,871.0,1320.0,1853425.0,1.3967387857648121
422,420.5,237.5,43.5,552300.0,312000.0,53550.0,281.9388244538706,872.5,1320.0,15.263157894736842,1.3973897739141887,147160.0,119538.0,21908.0,188244000.0,153699200.0,27380800.0,283.87990448022634,874.0,1320.0,1855770.0,1.398040762063565
423,499.5,182.5,64.5,653550.0,255500.0,79850.0,370.4305434395726,876.5,1320.0,15.07123287671233,1.4025476961659766,147318.0,119749.0,21969.0,188446500.0,153989700.0,27456600.0,283.987685261887,879.0,1320.0,1858926.0,1.4070546302683882
424,79.0,273.0,47.5,101250.0,353150.0,58700.0,277.44875208071693,879.0,1320.0,15.432234432234432,1.4026446169681166,147318.0,120084.0,22003.0,188446500.0,154405500.0,27498200.0,283.8508914903812,879.0,1320.0,1864196.0,1.398234603667845
425,492.0,335.0,40.5,621100.0,422450.0,51050.0,246.15941744832506,883.0,1320.0,15.834328358208955,1.3996774549366116,148302.0,120419.0,22050.0,189688700.0,154834600.0,27558700.0,283.7882802746407,887.0,1320.0,1869535.0,1.4011203062053779
426,492.0,324.5,66.0,621100.0,413600.0,83550.0,297.95030791287206,887.0,1320.0,15.791987673343606,1.3934702861522306,148302.0,120733.0,22135.0,189688700.0,155232700.0,27665300.0,283.9279671422132,887.0,1320.0,1874445.0,1.385820266099083
427,321.5,297.0,55.5,426550.0,386950.0,69550.0,286.82916161777587,883.0,1320.0,15.808080808080808,1.3867639124795292,148945.0,121013.0,22161.0,190541800.0,155608500.0,27697800.0,283.80325381276174,879.0,1320.0,1878925.0,1.3877075588599754
428,497.0,234.0,72.5,647150.0,318050.0,90050.0,351.74808483359146,875.0,1320.0,15.438034188034187,1.3875340320927325,149296.0,121203.0,22280.0,190983000.0,155871000.0,27845400.0,284.21612190782037,871.0,1320.0,1881706.0,1.3873605053254894
429,175.5,292.0,92.5,220600.0,378150.0,115300.0,356.06991886065373,871.0,1320.0,15.193493150684931,1.3956708880619582,149296.0,121597.0,22346.0,190983000.0,156364800.0,27928400.0,284.1893307002923,871.0,1320.0,1887798.0,1.4039812707984267
430,316.0,400.0,49.5,396750.0,500100.0,62250.0,247.0759265486307,872.0,1320.0,15.54,1.404739168501413,149928.0,122003.0,22379.0,191776500.0,156871200.0,27969900.0,283.9848670725371,873.0,1320.0,1894138.0,1.405497066204399
431,491.5,308.5,59.0,617200.0,386800.0,73150.0,293.6210341572739,875.5,1320.0,16.00162074554295,1.407518991507553,150279.0,122214.0,22464.0,192217400.0,157138400.0,28074700.0,284.23724608508405,878.0,1320.0,1897671.0,1.4095409168107067
432,175.5,300.0,72.0,220450.0,376600.0,89500.0,322.05335732227485,878.0,1320.0,16.026666666666667,1.4074446020414233,150279.0,122603.0,22523.0,192217400.0,157624400.0,28148900.0,284.18002822040717,878.0,1320.0,1903754.0,1.4053482872721397
433,501.5,318.0,39.5,666350.0,401800.0,49350.0,249.53202222749627,884.0,1320.0,15.874213836477987,1.4061586351947664,151282.0,122850.0,22543.0,193550100.0,157942000.0,28173400.0,284.06657600428093,890.0,1320.0,1907767.0,1.406968983117393
434,501.5,206.0,54.0,666350.0,291500.0,67100.0,328.94184847421985,880.0,1320.0,15.53640776699029,1.406968983117393,151282.0,123015.0,22631.0,193550100.0,158207400.0,28283100.0,284.3398413737512,870.0,1320.0,1910155.0,1.406968983117393
435,0.0,209.5,87.5,0.0,296450.0,108300.0,399.50134821444504,870.0,1320.0,15.36038186157518,1.406587559286792,151282.0,123269.0,22718.0,193550100.0,158534900.0,28390000.0,284.5362634058499,870.0,1320.0,1914203.0,1.4062061354561912
436,497.0,259.0,75.0,631000.0,332100.0,92650.0,344.6791539640893,874.0,1320.0,16.015444015444015,1.4050865550180358,152276.0,123533.0,22781.0,194812100.0,158871600.0,28468400.0,284.6153219211385,878.0,1320.0,1918451.0,1.4039669745798804
437,497.0,233.5,80.5,631000.0,304350.0,99950.0,369.2831257663637,878.0,1320.0,15.501070663811563,1.4018704171571195,152276.0,123737.0,22879.0,194812100.0,159144600.0,28589900.0,284.89814191844846,878.0,1320.0,1921452.0,1.3997738597343585
438,230.5,271.0,53.5,306150.0,349000.0,66450.0,288.6493630821743,880.0,1320.0,15.171586715867159,1.4029161024685974,152737.0,124075.0,22888.0,195424400.0,159569600.0,28601300.0,284.63313655960854,882.0,1320.0,1926674.0,1.4060583452028366
439,230.5,287.5,55.0,306150.0,372050.0,68550.0,286.0431795150804,866.5,1320.0,15.339130434782609,1.4060583452028366,152737.0,124312.0,22989.0,195424400.0,159888700.0,28727000.0,284.9034667346656,851.0,1320.0,1930272.0,1.4060583452028366
440,267.0,245.0,97.0,334250.0,324000.0,120700.0,388.3070140906442,857.0,1320.0,15.026530612244898,1.404223227660959,153271.0,124565.0,23082.0,196092900.0,160217600.0,28842700.0,285.113423542962,863.0,1320.0,1934037.0,1.4023881101190814
441,267.0,302.5,71.5,334250.0,385800.0,88300.0,315.0458377215685,863.0,1320.0,15.616528925619834,1.4037940664238313,153271.0,124917.0,23132.0,196092900.0,160660300.0,28903600.0,285.05575748636386,863.0,1320.0,1939720.0,1.4052000227285815
442,405.5,318.5,79.0,510200.0,403200.0,97300.0,322.21099039377606,868.5,1320.0,15.540031397174255,1.4021005443321604,154082.0,125202.0,23240.0,197113300.0,161024000.0,29037300.0,285.31210427783736,874.0,1320.0,1943936.0,1.3990010659357393
443,491.0,316.0,84.5,618200.0,396950.0,105200.0,326.95872567836335,875.0,1320.0,14.783227848101266,1.394575017766575,154253.0,125549.0,23301.0,197329300.0,161454200.0,29114000.0,285.2812480978639,876.0,1320.0,1949063.0,1.3901489695974105
444,584.5,313.5,40.5,772950.0,395700.0,50500.0,245.2631942833718,876.5,1320.0,14.940988835725678,1.392589775318583,155251.0,125829.0,23321.0,198659200.0,161815400.0,29138300.0,285.1219961432342,877.0,1320.0,1953304.0,1.3950305810397554
445,499.0,258.0,56.0,664950.0,348400.0,69350.0,300.62182686946244,877.0,1320.0,15.277131782945736,1.3950305810397554,155251.0,126065.0,23413.0,198659200.0,162151000.0,29252700.0,285.3456982742684,877.0,1320.0,1956946.0,1.3950305810397554
446,0.0,289.0,70.0,0.0,396750.0,86900.0,316.2162523085256,877.0,1320.0,15.22491349480969,1.3962246001861227,155251.0,126407.0,23461.0,198659200.0,162608900.0,29312100.0,285.2709650754061,877.0,1320.0,1962104.0,1.3974186193324898
447,156.5,351.0,42.5,196200.0,455200.0,52300.0,244.46170877475356,879.5,1320.0,15.452991452991453,1.3999265191172987,155564.0,126767.0,23498.0,199051600.0,163061400.0,29357300.0,285.13157189929,882.0,1320.0,1967794.0,1.4024344189021076
448,493.0,326.5,68.5,625850.0,413800.0,85350.0,302.0974841604918,884.0,1320.0,16.022970903522204,1.4028862271747649,156237.0,127060.0,23598.0,199910900.0,163436500.0,29482800.0,285.35919769549355,886.0,1320.0,1972567.0,1.4033380354474223
449,336.5,285.0,66.0,429650.0,360700.0,82350.0,311.4969774484985,886.0,1320.0,15.712280701754386,1.4010931371155457,156237.0,127337.0,23630.0,199910900.0,163782800.0,29522000.0,285.25417163761347,886.0,1320.0,1976750.0,1.3988482387836692
450,172.5,216.0,20.0,238400.0,274300.0,24800.0,216.59375493243294,887.0,1320.0,14.92824074074074,1.3971949403598476,156582.0,127492.0,23638.0,200387700.0,163985100.0,29532400.0,285.1444336580147,888.0,1320.0,1979016.0,1.3955416419360263
451,446.0,144.0,20.5,578500.0,202400.0,25900.0,246.25128588202412,889.5,1320.0,14.225694444444445,1.3955416419360263,157129.0,127625.0,23671.0,201067900.0,164187600.0,29573800.0,285.1693580971794,891.0,1320.0,1980847.0,1.3955416419360263
452,327.0,216.5,69.0,406750.0,289300.0,87100.0,358.20354314828546,891.5,1320.0,15.71593533487298,1.4013064914704692,157236.0,127925.0,23776.0,201201200.0,164563700.0,29706600.0,285.41942691131476,892.0,1320.0,1985821.0,1.4070713410049123
453,543.5,308.0,67.5,684350.0,382350.0,85900.0,308.9541452680864,896.0,1320.0,16.084415584415584,1.4071750745407114,158217.0,128241.0,23806.0,202437900.0,164952300.0,29745600.0,285.2868373974301,900.0,1320.0,1990755.0,1.4072788080765106
454,490.5,308.5,72.5,618350.0,383750.0,90600.0,313.74404899514445,900.0,1320.0,15.484602917341977,1.410491385223395,158217.0,128542.0,23921.0,202437900.0,165331200.0,29887800.0,285.56099150093894,900.0,1320.0,1995375.0,1.413703962370279
455,260.0,298.0,64.5,351800.0,378150.0,80350.0,301.84718247030446,901.5,1320.0,15.312080536912752,1.4170314579988574,158737.0,128837.0,23935.0,203141500.0,165708600.0,29906300.0,285.3654267343363,903.0,1320.0,1999881.0,1.420358953627436
456,260.0,261.5,26.5,351800.0,347050.0,34100.0,228.33094981461986,903.0,1320.0,15.204588910133843,1.420358953627436,158737.0,129065.0,23974.0,203141500.0,166025300.0,29956000.0,285.34559213207626,903.0,1320.0,2003327.0,1.420358953627436
457,239.5,225.5,52.5,300500.0,303550.0,65300.0,310.1154882208964,906.0,1320.0,15.048780487804878,1.4186204894325103,159216.0,129288.0,24040.0,203742500.0,166315700.0,30036900.0,285.4551757311693,909.0,1320.0,2006668.0,1.4168820252375849
458,239.5,283.5,50.5,300500.0,362400.0,63300.0,281.0954576460679,909.0,1320.0,15.437389770723104,1.410691723158803,159216.0,129632.0,24075.0,203742500.0,166750100.0,30082600.0,285.327121341307,909.0,1320.0,2012080.0,1.4045014210800209
459,271.5,354.5,45.5,339150.0,445400.0,58100.0,254.9728970211898,916.0,1320.0,16.225669957686883,1.4059597358637301,159759.0,129997.0,24131.0,204420800.0,167206500.0,30153100.0,285.2969577372423,923.0,1320.0,2018172.0,1.4074180506474396
460,495.0,285.0,55.5,624350.0,361250.0,69950.0,294.16036516924663,924.0,1320.0,16.112280701754386,1.406176674026484,160206.0,130202.0,24186.0,204991200.0,167472600.0,30222500.0,285.3660844669829,925.0,1320.0,2021264.0,1.4049352974055285
461,223.5,258.0,54.0,285200.0,329350.0,69250.0,296.4203163984545,925.0,1320.0,15.426356589147288,1.4096041816055531,160206.0,130513.0,24239.0,204991200.0,167865200.0,30291600.0,285.3418099899086,925.0,1320.0,2026132.0,1.4142730658055778
462,500.0,277.5,33.5,649400.0,354350.0,43500.0,239.88784019897287,932.0,1320.0,15.205405405405406,1.4144058373129333,161206.0,130757.0,24253.0,206290000.0,168181300.0,30309500.0,285.18359644727656,939.0,1320.0,2029703.0,1.414538608820289
463,500.0,217.0,56.5,649400.0,290800.0,71650.0,321.55683209754983,928.0,1320.0,14.663594470046084,1.414538608820289,161206.0,130947.0,24352.0,206290000.0,168446800.0,30434900.0,285.4693679078144,917.0,1320.0,2032496.0,1.414538608820289
464,0.0,212.0,88.5,0.0,286450.0,111300.0,397.2828351706235,911.5,1320.0,14.856132075471699,1.4128507964320163,161206.0,131181.0,24430.0,206290000.0,168754200.0,30532100.0,285.6165455477436,906.0,1320.0,2036002.0,1.4111629840437436
465,415.0,237.0,69.5,520900.0,307400.0,86300.0,341.4134281533406,913.0,1320.0,15.10126582278481,1.4070072651057228,162036.0,131421.0,24491.0,207331800.0,169061600.0,30607500.0,285.68932345280535,920.0,1320.0,2039654.0,1.4028515461677018
466,491.0,293.5,80.5,615100.0,373750.0,97950.0,340.0021058993724,920.5,1320.0,16.0221465076661,1.3991406555534063,162188.0,131768.0,24591.0,207520200.0,169501700.0,30728000.0,285.87671860553434,921.0,1320.0,2045407.0,1.3954297649391108
467,210.0,282.0,65.0,295400.0,359900.0,78950.0,318.0580520137736,922.0,1320.0,16.27836879432624,1.3975734221487968,162456.0,131985.0,24621.0,207922600.0,169781400.0,30765400.0,285.8327655790416,923.0,1320.0,2048835.0,1.3997170793584828
468,134.0,215.5,29.0,201200.0,294050.0,36350.0,251.830893596148,923.0,1320.0,15.348027842227378,1.3997170793584828,162456.0,132199.0,24649.0,207922600.0,170089800.0,30800700.0,285.77057502429903,923.0,1320.0,2052022.0,1.3997170793584828
469,291.5,249.0,34.5,366750.0,342850.0,42650.0,247.35490668356144,926.5,1320.0,14.67269076305221,1.3997170793584828,163039.0,132483.0,24690.0,208656100.0,170467100.0,30850700.0,285.69395709416364,930.0,1320.0,2056142.0,1.3997170793584828
470,368.5,265.0,45.0,465700.0,345400.0,55300.0,264.57224373424015,930.5,1320.0,14.283018867924529,1.4030205041515504,163193.0,132729.0,24739.0,208854000.0,170780600.0,30911300.0,285.68711066709784,931.0,1320.0,2059592.0,1.4063239289446183
471,203.5,325.5,41.0,257400.0,412300.0,50450.0,245.19019097304658,933.0,1320.0,15.02457757296467,1.4079676693090186,163446.0,133134.0,24772.0,209170900.0,171291700.0,30951600.0,285.505938522566,935.0,1320.0,2065923.0,1.4096114096734187
472,492.0,353.0,37.5,620500.0,446750.0,46100.0,237.10513989691555,936.5,1320.0,15.696883852691219,1.40489770885143,164177.0,133435.0,24814.0,210095000.0,171674100.0,31003500.0,285.4473459976751,938.0,1320.0,2070674.0,1.4001840080294414
473,365.5,335.5,31.0,462050.0,424750.0,39050.0,228.66181929790284,938.0,1320.0,15.868852459016393,1.394024054116322,164177.0,133805.0,24834.0,210095000.0,172141200.0,31029700.0,285.2432872237577,938.0,1320.0,2076571.0,1.3878641002032028
474,501.0,258.0,23.5,654400.0,330400.0,30500.0,224.59036505590706,941.5,1320.0,15.53875968992248,1.3879529619375008,165179.0,133951.0,24861.0,211403800.0,172334900.0,31064500.0,285.23160360874886,945.0,1320.0,2078692.0,1.3880418236717988
475,501.0,145.5,43.0,654400.0,212650.0,54000.0,338.2112578319456,931.5,1320.0,14.47766323024055,1.3880418236717988,165179.0,134096.0,24920.0,211403800.0,172566500.0,31137700.0,285.3688653097319,918.0,1320.0,2080784.0,1.3880418236717988
476,0.0,239.5,81.5,0.0,324600.0,101950.0,371.1091896086151,918.0,1320.0,15.703549060542798,1.3893698853534358,165179.0,134430.0,25024.0,211403800.0,172984100.0,31268400.0,285.5773673413105,918.0,1320.0,2086214.0,1.3906979470350729
477,305.5,309.5,88.5,381300.0,389350.0,110300.0,347.25794723029577,919.5,1320.0,16.31340872374798,1.3921671835718628,165790.0,134715.0,25097.0,212166400.0,173345200.0,31358300.0,285.6771256982434,921.0,1320.0,2090882.0,1.3936364201086524
478,491.5,330.0,66.5,612950.0,416200.0,82350.0,294.5992339424007,922.0,1320.0,15.704545454545455,1.390924169538325,166162.0,135090.0,25157.0,212629700.0,173816500.0,31433100.0,285.6220130458457,923.0,1320.0,2096579.0,1.3882119189679976
479,499.5,325.5,39.5,659350.0,407750.0,48900.0,246.28239388346108,923.5,1320.0,15.646697388632873,1.385446649622377,166789.0,135366.0,25176.0,213485100.0,174160700.0,31456100.0,285.4979940428213,924.0,1320.0,2101068.0,1.3826813802767564
480,313.5,235.0,39.0,427700.0,307700.0,48450.0,278.9977695854906,908.5,1320.0,16.0,1.3826813802767564,166789.0,135560.0,25235.0,213485100.0,174431900.0,31530000.0,285.59943718579893,893.0,1320.0,2104099.0,1.3826813802767564
481,188.0,163.5,75.0,239650.0,240800.0,94400.0,416.7075021165446,892.5,1320.0,15.244648318042813,1.384256911090153,167165.0,135693.0,25326.0,213964400.0,174642300.0,31644900.0,285.88668690112485,892.0,1320.0,2106053.0,1.3858324419035497
482,188.0,241.0,100.0,239650.0,325200.0,127000.0,403.9867806351301,892.0,1320.0,16.04149377593361,1.3879709879828583,167165.0,136042.0,25435.0,213964400.0,175082300.0,31784000.0,286.0994475168832,892.0,1320.0,2111831.0,1.390109534062167
483,464.0,333.0,63.5,582350.0,417400.0,80800.0,295.09460096055204,892.5,1320.0,16.373873873873872,1.398715944780803,168093.0,136359.0,25453.0,215129100.0,175477100.0,31806500.0,285.93181257690355,893.0,1320.0,2116958.0,1.407322355499439
484,493.0,308.5,60.0,618200.0,384950.0,75450.0,296.036385718295,893.0,1320.0,16.050243111831442,1.4074501253772873,168151.0,136659.0,25555.0,215200800.0,175852200.0,31934900.0,286.1445948127666,893.0,1320.0,2121734.0,1.4075778952551357
485,29.0,331.5,72.5,35850.0,416550.0,90300.0,309.3919796722589,893.0,1320.0,15.891402714932127,1.4034242648324553,168151.0,137022.0,25598.0,215200800.0,176310200.0,31987100.0,286.04837766737916,893.0,1320.0,2127494.0,1.399270634409775
486,432.0,236.5,45.0,571750.0,310650.0,56700.0,296.0273539209193,869.5,1320.0,16.264270613107822,1.400243288505242,169015.0,137132.0,25645.0,216344300.0,176473500.0,32048300.0,286.17877650537633,846.0,1320.0,2129427.0,1.4012159426007094
487,432.0,137.5,124.0,571750.0,201550.0,156700.0,557.5596027081289,844.5,1320.0,16.083636363636362,1.4012159426007094,169015.0,137297.0,25846.0,216344300.0,176713300.0,32300500.0,286.91878197952457,843.0,1320.0,2131917.0,1.4012159426007094
488,69.0,245.0,142.5,86100.0,323700.0,177850.0,464.6292917300319,843.5,1320.0,15.66938775510204,1.407616411870439,169153.0,137622.0,25930.0,216516500.0,177120900.0,32404000.0,287.0243739257631,844.0,1320.0,2137105.0,1.414016881140169
489,371.5,300.5,69.0,474750.0,378150.0,84650.0,315.6412456203579,845.5,1320.0,16.21963394342762,1.4138584405700847,169758.0,137898.0,25984.0,217293800.0,177469600.0,32469800.0,287.0483013936793,847.0,1320.0,2141665.0,1.4137000000000002
490,428.0,291.0,88.5,545150.0,368950.0,107900.0,358.2760917041144,847.5,1320.0,16.5893470790378,1.4137000000000002,170009.0,138204.0,26107.0,217606800.0,177858800.0,32619800.0,287.35350620414783,848.0,1320.0,2146760.0,1.4137000000000002
491,194.0,315.5,86.0,241100.0,399950.0,105500.0,338.7647895651285,848.5,1320.0,15.995245641838352,1.4140750458033406,170147.0,138529.0,26156.0,217777200.0,178269500.0,32680800.0,287.3004697150299,849.0,1320.0,2151758.0,1.4144500916066813
492,176.0,253.5,44.0,245650.0,336850.0,53700.0,277.8062820531624,849.5,1320.0,15.276134122287969,1.4108587961228518,170361.0,138711.0,26195.0,218098100.0,178532500.0,32727200.0,287.319058710607,850.0,1320.0,2154505.0,1.4072675006390225
493,497.5,174.5,61.5,653750.0,241750.0,76200.0,375.6453038564134,844.0,1320.0,15.853868194842407,1.4051132733174059,171142.0,138878.0,26281.0,219084700.0,178753000.0,32835800.0,287.5615645435,838.0,1320.0,2157291.0,1.4029590459957892
494,390.5,227.0,109.5,493300.0,294000.0,139050.0,431.01560242795233,838.0,1320.0,16.004405286343612,1.405749999673354,171142.0,139165.0,26414.0,219084700.0,179120500.0,33005300.0,287.90311691799917,838.0,1320.0,2161771.0,1.4085409533509188
495,492.0,292.5,89.0,624750.0,373200.0,113450.0,354.84138750857784,840.0,1320.0,15.964102564102564,1.409872994472072,172126.0,139463.0,26459.0,220334200.0,179499400.0,33062700.0,287.8709539247902,842.0,1320.0,2166630.0,1.4112050355932253
496,492.0,307.5,96.0,624750.0,388100.0,122550.0,362.7550736896717,842.0,1320.0,16.608130081300814,1.4127332587562877,172126.0,139780.0,26606.0,220334200.0,179896700.0,33250400.0,288.2661614596963,842.0,1320.0,2171985.0,1.4142614819193504
497,326.0,296.0,88.5,449850.0,376100.0,112700.0,350.10416955139334,841.0,1320.0,15.778716216216216,1.4097265778574437,172778.0,140055.0,26636.0,221233900.0,180251600.0,33288100.0,288.1580560647793,840.0,1320.0,2175971.0,1.405191673795537
498,326.0,253.0,48.5,449850.0,353000.0,63200.0,281.5684474903854,840.0,1320.0,14.387351778656127,1.405191673795537,172778.0,140286.0,26703.0,221233900.0,180602700.0,33376800.0,288.2419759054174,840.0,1320.0,2179265.0,1.405191673795537
499,173.5,274.5,109.0,215950.0,382900.0,139050.0,389.1990710277049,834.5,1320.0,14.752276867030965,1.4003677885815673,173125.0,140604.0,26854.0,221665800.0,181017400.0,33566200.0,288.6208494725384,829.0,1320.0,2184070.0,1.3955439033675976
500,494.0,312.5,94.5,622700.0,401500.0,118200.0,350.3244257049536,829.0,1320.0,15.4544,1.4012203200213174,173766.0,140911.0,26892.0,222479300.0,181405700.0,33613200.0,288.54313329912793,829.0,1320.0,2188924.0,1.406896736675037
501,320.5,284.5,62.5,406750.0,361150.0,79300.0,306.0566170212052,829.0,1320.0,15.383128295254833,1.406896736675037,173766.0,141173.0,26979.0,222479300.0,181739700.0,33724800.0,288.69281069023873,829.0,1320.0,2192823.0,1.406896736675037
502,173.5,303.0,87.0,218100.0,383450.0,109550.0,340.034400876144,830.0,1320.0,15.227722772277227,1.4165300488613337,174113.0,141517.0,27066.0,222915500.0,182172600.0,33832300.0,288.78137314958775,831.0,1320.0,2198152.0,1.4261633610476305
503,663.5,337.5,66.5,828950.0,420850.0,83250.0,292.06364133047913,832.5,1320.0,15.505185185185185,1.4215446017833466,175093.0,141848.0,27112.0,224137200.0,182581400.0,33891300.0,288.7089306663118,834.0,1320.0,2203289.0,1.416925842519063
504,490.0,328.5,92.0,610850.0,409250.0,114600.0,339.6283980356702,834.0,1320.0,15.727549467275495,1.4101308641417936,175093.0,142174.0,27250.0,224137200.0,182991100.0,34061500.0,289.03377155789576,834.0,1320.0,2208485.0,1.4033358857645242
505,96.5,372.0,80.5,119200.0,464150.0,99250.0,305.1949765593195,834.5,1320.0,15.848118279569892,1.404680250484119,175286.0,142592.0,27275.0,224375600.0,183509700.0,34092500.0,288.80512624091955,835.0,1320.0,2215080.0,1.4060246152037137
506,490.0,376.0,77.0,613650.0,469650.0,97000.0,303.86892854425025,836.0,1320.0,16.305851063829788,1.4076573785034276,176073.0,142926.0,27404.0,225364500.0,183930400.0,34255500.0,289.11268104083894,837.0,1320.0,2220747.0,1.4092901418031416
507,469.5,315.0,73.0,590950.0,394600.0,92250.0,318.35242597337015,837.5,1320.0,16.03174603174603,1.4142048635926663,176225.0,143222.0,27421.0,225557500.0,184298900.0,34277000.0,288.9394927522467,838.0,1320.0,2225180.0,1.419119585382191
508,490.0,291.5,60.0,615550.0,361150.0,74850.0,300.78965641077644,840.5,1320.0,15.95197255574614,1.4243410660548523,177053.0,143509.0,27524.0,226595600.0,184652700.0,34405200.0,289.1606771216252,843.0,1320.0,2230047.0,1.4295625467275135
509,414.0,303.0,101.0,519050.0,376450.0,125600.0,369.5330901746706,843.0,1320.0,16.32013201320132,1.4325599366239206,177053.0,143828.0,27623.0,226595600.0,185051800.0,34528200.0,289.3193075489954,843.0,1320.0,2235070.0,1.4355573265203276
510,490.0,294.5,67.5,613050.0,370050.0,83200.0,313.60522247654137,843.5,1320.0,15.903225806451612,1.4340654316228012,178033.0,144098.0,27659.0,227821700.0,185392800.0,34571600.0,289.2637171772674,844.0,1320.0,2239414.0,1.4325735367252748
511,490.0,251.5,88.0,613050.0,316800.0,111300.0,377.71886878849983,844.0,1320.0,16.256461232604373,1.4277673441761145,178033.0,144331.0,27799.0,227821700.0,185685400.0,34750800.0,289.66801667629244,844.0,1320.0,2243247.0,1.422961151626954
512,274.5,281.5,76.0,342300.0,352750.0,96550.0,338.701021153746,845.0,1320.0,16.179396092362346,1.4159243545232831,178582.0,144661.0,27811.0,228506300.0,186098300.0,34764700.0,289.46866448664673,846.0,1320.0,2248523.0,1.4088875574196125
513,490.0,297.5,57.0,611050.0,373000.0,71650.0,293.52529448641184,846.5,1320.0,16.06218487394958,1.4104167985386065,179013.0,144926.0,27913.0,229043800.0,186431400.0,34894100.0,289.68383955172783,847.0,1320.0,2252804.0,1.4119460396576007
514,215.5,305.0,89.0,268750.0,382050.0,112250.0,348.7731668719528,847.0,1320.0,16.2,1.416782155045079,179013.0,145271.0,27989.0,229043800.0,186862400.0,34989200.0,289.7383859912045,847.0,1320.0,2258405.0,1.4216182704325573
515,490.0,334.5,55.0,608700.0,416450.0,68500.0,278.257843598429,849.5,1320.0,16.219730941704036,1.4220381340002684,179993.0,145595.0,28023.0,230261200.0,187264300.0,35031100.0,289.63257268511563,852.0,1320.0,2263655.0,1.4224579975679796
516,490.0,322.0,76.5,608700.0,399650.0,94500.0,314.6453644233071,852.0,1320.0,15.635093167701863,1.418498748684744,179993.0,145915.0,28142.0,230261200.0,187661700.0,35178200.0,289.85243404333914,852.0,1320.0,2268474.0,1.4145394998015084
517,170.5,344.5,69.5,213300.0,427400.0,85900.0,289.5527422270667,852.0,1320.0,14.912917271407837,1.4126359913289424,180334.0,146284.0,28162.0,230687800.0,188119100.0,35202900.0,289.63219377347957,852.0,1320.0,2273930.0,1.4107324828563765
518,490.0,325.0,46.5,612600.0,403350.0,58250.0,258.2179234728107,853.0,1320.0,15.364615384615385,1.4157173250802428,180973.0,146565.0,28235.0,231486400.0,188468400.0,35294700.0,289.7179692758685,854.0,1320.0,2278461.0,1.4207021673041091
519,319.5,304.0,74.0,399300.0,381550.0,92100.0,320.2353328096425,854.0,1320.0,15.692434210526315,1.418565755707807,180973.0,146892.0,28310.0,231486400.0,188882200.0,35387100.0,289.76424690707057,854.0,1320.0,2283471.0,1.4164293441115048
520,490.0,338.0,66.0,606050.0,424700.0,81600.0,289.12002004212246,855.0,1320.0,15.20414201183432,1.4176953300346438,181953.0,147241.0,28367.0,232698500.0,189317800.0,35457900.0,289.71521801749265,856.0,1320.0,2288739.0,1.4189613159577825
521,490.0,348.5,72.5,606050.0,436350.0,90550.0,299.6216289259198,856.0,1320.0,15.657101865136298,1.4175560317107618,181953.0,147589.0,28455.0,232698500.0,189754900.0,35568200.0,289.81139373206815,856.0,1320.0,2294384.0,1.4161507474637414
522,191.0,318.0,65.0,239550.0,397600.0,81800.0,295.47035010093896,856.5,1320.0,15.608490566037736,1.4198313701784209,182335.0,147877.0,28497.0,233177600.0,190113000.0,35621500.0,289.74021280797183,857.0,1320.0,2298666.0,1.4235119928931004
523,490.0,340.5,59.5,614300.0,419600.0,76200.0,276.0659110851737,859.0,1320.0,15.402349486049927,1.4221586645872004,182933.0,148270.0,28574.0,233927100.0,190594100.0,35720600.0,289.7492124529885,861.0,1320.0,2304873.0,1.4208053362813007
524,299.0,358.5,61.5,374750.0,444000.0,77300.0,277.7151662463093,861.0,1320.0,15.733612273361228,1.4250379911831932,182933.0,148594.0,28621.0,233927100.0,191001000.0,35777400.0,289.6872162821433,861.0,1320.0,2309947.0,1.4292706460850857
525,430.5,317.0,65.0,532950.0,394350.0,79550.0,293.21019612170164,862.0,1320.0,15.135646687697161,1.425598060548741,183794.0,148904.0,28704.0,234993000.0,191382800.0,35879700.0,289.7641002481488,863.0,1320.0,2314469.0,1.4219254750123962
526,490.0,314.5,68.0,607550.0,390550.0,84350.0,301.743097440403,863.0,1320.0,15.1939586645469,1.4188911059071079,183913.0,149223.0,28757.0,235142200.0,191782100.0,35946100.0,289.73903530161755,863.0,1320.0,2319504.0,1.4158567368018198
527,102.0,337.5,36.0,126950.0,418900.0,45750.0,241.2553613407408,863.0,1320.0,16.226666666666667,1.4135350397474675,183998.0,149579.0,28778.0,235246900.0,192220600.0,35973800.0,289.5688875221875,863.0,1320.0,2325422.0,1.4112133426931155
528,490.0,339.0,78.5,609900.0,422300.0,98700.0,324.45074039949606,868.0,1320.0,17.004424778761063,1.4086887170663114,184893.0,149901.0,28914.0,236362000.0,192626700.0,36143500.0,289.9011261427487,873.0,1320.0,2331033.0,1.4061640914395073
529,447.5,335.5,81.5,557550.0,420900.0,101950.0,330.69904961582404,873.0,1320.0,16.88822652757079,1.4088544804254137,184893.0,150250.0,28941.0,236362000.0,193062400.0,36177700.0,289.76031764527517,873.0,1320.0,2336754.0,1.4115448694113202
530,408.0,330.0,55.0,509750.0,413250.0,69250.0,281.4630346525727,876.5,1320.0,16.343939393939394,1.412311107835356,185709.0,150561.0,29024.0,237381500.0,193453200.0,36282000.0,289.8649464481897,880.0,1320.0,2341820.0,1.4130773462593917
531,490.0,324.5,71.0,612100.0,406950.0,88450.0,306.17627852583826,880.5,1320.0,15.755007704160246,1.4125517316757303,185873.0,150899.0,29083.0,237586200.0,193876300.0,36354600.0,289.83246388799097,881.0,1320.0,2346979.0,1.4120261170920687
532,224.5,314.0,46.5,281600.0,393800.0,57300.0,260.8092370827768,883.5,1320.0,15.46656050955414,1.4107799169476989,186158.0,151189.0,29117.0,237944700.0,194240800.0,36396600.0,289.7487597075788,886.0,1320.0,2351533.0,1.409533716803329
533,490.0,314.5,52.0,612750.0,396650.0,65550.0,276.01920911561837,888.0,1320.0,15.774244833068362,1.4099829567506816,186853.0,151528.0,29187.0,238811700.0,194669600.0,36485700.0,289.7764358009578,890.0,1320.0,2356901.0,1.4104321966980344
534,347.5,343.0,50.5,433500.0,427900.0,64350.0,260.8387061845569,890.0,1320.0,15.362973760932945,1.4114698478186045,186853.0,151875.0,29218.0,238811700.0,195096600.0,36525300.0,289.62312143264506,890.0,1320.0,2362072.0,1.4125074989391744
535,142.5,339.0,30.5,178550.0,420050.0,38600.0,225.2823509386704,891.5,1320.0,15.727138643067846,1.4101081211560242,187138.0,152206.0,29249.0,239168800.0,195509700.0,36564300.0,289.51768346484664,893.0,1320.0,2367564.0,1.407708743372874
536,490.0,294.0,64.5,611600.0,366750.0,79250.0,312.9136297732999,894.0,1320.0,16.392857142857142,1.4070355823066145,187833.0,152463.0,29347.0,240034900.0,195830100.0,36683800.0,289.7149716855474,895.0,1320.0,2371711.0,1.406362421240355
537,508.0,280.5,57.5,635300.0,347900.0,69900.0,297.6643535008747,896.5,1320.0,15.529411764705882,1.405573178568284,188154.0,152767.0,29364.0,240439400.0,196205500.0,36704100.0,289.5479207607726,898.0,1320.0,2376276.0,1.4047839358962129
538,490.0,283.0,68.0,614650.0,350350.0,84650.0,317.77553351989457,899.0,1320.0,15.60070671378092,1.4036099213672815,188813.0,153029.0,29483.0,241264200.0,196530800.0,36853100.0,289.8229016540297,900.0,1320.0,2380541.0,1.40243590683835
539,421.5,302.0,64.0,525550.0,374950.0,79900.0,302.18655645132196,900.0,1320.0,15.831125827814569,1.4020985987664343,188997.0,153371.0,29492.0,241490500.0,196955400.0,36863900.0,289.5985131787328,900.0,1320.0,2385838.0,1.4017612906945187
540,490.0,305.0,30.5,612150.0,379050.0,37400.0,232.5734096143398,902.5,1320.0,15.875409836065574,1.4027984502133677,189793.0,153639.0,29544.0,242488500.0,197288900.0,36927900.0,289.61319655498323,905.0,1320.0,2390225.0,1.4038356097322169
541,398.0,292.5,67.0,499000.0,365650.0,83350.0,315.08632191996526,905.0,1320.0,16.147008547008546,1.4106843364449682,189793.0,153956.0,29626.0,242488500.0,197686700.0,37030600.0,289.69833633397104,905.0,1320.0,2395284.0,1.4175330631577192
542,91.5,312.0,53.5,115450.0,389800.0,67750.0,278.1132102310694,906.0,1320.0,15.709935897435898,1.419871151258774,189976.0,154263.0,29651.0,242719400.0,198068500.0,37063400.0,289.56748774541603,907.0,1320.0,2400028.0,1.4222092393598291
543,468.0,320.0,52.5,590600.0,401350.0,66100.0,270.6947809412761,907.5,1320.0,15.2,1.4222092393598291,190729.0,154596.0,29731.0,243669700.0,198489400.0,37162800.0,289.6215290904985,908.0,1320.0,2405012.0,1.4222092393598291
544,398.5,311.5,57.5,502950.0,391650.0,71650.0,285.14781791930267,908.5,1320.0,15.404494382022472,1.4124984260929203,190773.0,154886.0,29766.0,243725300.0,198851800.0,37206700.0,289.5498236186714,909.0,1320.0,2409625.0,1.4027876128260113
545,143.5,334.0,30.0,179050.0,420450.0,37500.0,227.9877327484782,911.5,1320.0,15.95059880239521,1.4014209257756072,191016.0,155264.0,29791.0,244027800.0,199330300.0,37237800.0,289.37906385726023,914.0,1320.0,2415667.0,1.400054238725203
546,490.0,343.5,50.5,612350.0,431750.0,62550.0,263.20818587475793,915.0,1320.0,15.736535662299854,1.4023258206613027,191753.0,155573.0,29867.0,244950000.0,199715300.0,37331800.0,289.4378887041859,916.0,1320.0,2420436.0,1.4045974025974024
547,368.5,331.0,50.5,461100.0,411000.0,61750.0,269.0908187933195,916.0,1320.0,16.145015105740182,1.4073660670649453,191753.0,155926.0,29892.0,244950000.0,200152300.0,37361300.0,289.29575690646004,916.0,1320.0,2426355.0,1.4101347315324881
548,490.0,318.0,49.0,615750.0,393050.0,61050.0,272.5337058323702,919.0,1320.0,16.367924528301888,1.409154857680961,192733.0,156209.0,29965.0,246181500.0,200501400.0,37453900.0,289.3712431455804,922.0,1320.0,2430846.0,1.4081749838294337
549,490.0,317.0,58.5,615750.0,392900.0,74700.0,284.25806042089357,922.0,1320.0,15.537854889589905,1.4091740919616638,192733.0,156560.0,30009.0,246181500.0,200938100.0,37510700.0,289.2754785640742,922.0,1320.0,2436206.0,1.4101732000938938
550,268.5,331.0,41.0,333150.0,411800.0,52000.0,246.91224263579312,924.0,1320.0,15.58761329305136,1.4097123682529766,193270.0,156871.0,30047.0,246847800.0,201325000.0,37557900.0,289.20224124967297,926.0,1320.0,2441165.0,1.4092515364120595
551,490.0,324.0,49.0,611300.0,405800.0,61700.0,266.0327797335943,929.0,1320.0,15.71141975308642,1.4116312246011096,193713.0,157210.0,30107.0,247404100.0,201752400.0,37634100.0,289.18114072701263,932.0,1320.0,2446416.0,1.41401091279016
552,221.5,292.5,43.0,278150.0,366950.0,54200.0,258.65559661707135,932.0,1320.0,15.347008547008548,1.4141894286841492,193713.0,157456.0,30133.0,247404100.0,202058900.0,37666300.0,289.0929768549135,932.0,1320.0,2450143.0,1.4143679445781385
553,268.5,279.5,27.5,339400.0,349300.0,34600.0,228.60910561286147,935.0,1320.0,15.606440071556351,1.4120078042518647,194250.0,157769.0,30162.0,248082900.0,202451000.0,37703300.0,288.9832424049683,938.0,1320.0,2455140.0,1.4096476639255906
554,490.0,301.0,42.0,619450.0,377350.0,52800.0,263.29871628571703,941.5,1320.0,16.091362126245848,1.4090531355459084,194693.0,158058.0,30217.0,248643000.0,202813600.0,37771900.0,288.99899272132933,945.0,1320.0,2459830.0,1.408458607166226
555,221.5,316.0,50.0,280050.0,395550.0,63000.0,273.1724753701493,945.0,1320.0,15.935126582278482,1.4059209094567704,194693.0,158401.0,30262.0,248643000.0,203242100.0,37829300.0,288.92189767139814,945.0,1320.0,2465211.0,1.403383211747315
556,490.0,300.0,37.0,610200.0,375850.0,47650.0,246.8592692354265,946.0,1320.0,15.741666666666667,1.4040507955969777,195673.0,158658.0,30291.0,249863400.0,203565300.0,37867200.0,288.8486761087537,947.0,1320.0,2469275.0,1.4047183794466402
557,490.0,290.0,46.5,610200.0,365000.0,58400.0,268.8420664123532,947.0,1320.0,15.477586206896552,1.4052933900259412,195673.0,158981.0,30355.0,249863400.0,203972100.0,37946100.0,288.85052336097937,947.0,1320.0,2474188.0,1.4058684006052424
558,338.5,315.5,43.5,419200.0,395650.0,53750.0,257.26167263242615,948.0,1320.0,15.727416798732172,1.4057621425436393,196350.0,159289.0,30378.0,250701800.0,204356600.0,37974700.0,288.72910091382755,949.0,1320.0,2479199.0,1.4056558844820362
559,490.0,337.0,34.0,607900.0,423400.0,42450.0,231.8094973855732,950.5,1320.0,15.578635014836795,1.40704632533394,196653.0,159655.0,30423.0,251079200.0,204818900.0,38031000.0,288.6278545551537,952.0,1320.0,2484688.0,1.4084367661858437
560,151.5,328.5,34.5,188700.0,415150.0,42700.0,233.912007804353,952.0,1320.0,15.563165905631658,1.4047540798664826,196653.0,159946.0,30447.0,251079200.0,205186900.0,38060100.0,288.5200742710547,952.0,1320.0,2489424.0,1.4010713935471215
561,461.0,331.0,28.0,576050.0,414900.0,34300.0,220.97570729815433,954.0,1320.0,15.726586102719033,1.4028320929597962,197575.0,160317.0,30479.0,252231300.0,205648700.0,38099600.0,288.37326723817324,956.0,1320.0,2495099.0,1.4045927923724708
562,490.0,311.5,48.0,611800.0,388250.0,59900.0,269.06293908914023,957.0,1320.0,15.68860353130016,1.4037315035219637,197633.0,160590.0,30543.0,252302800.0,205990100.0,38179900.0,288.4281064295266,958.0,1320.0,2499442.0,1.402870214671457
563,29.0,314.0,39.5,35750.0,391350.0,50300.0,252.61840056802862,958.0,1320.0,16.05095541401274,1.4069994992041115,197633.0,160945.0,30558.0,252302800.0,206431400.0,38200200.0,288.2412656991074,958.0,1320.0,2505179.0,1.411128783736766
564,490.0,338.0,23.0,614300.0,422150.0,29850.0,210.2211535008753,961.0,1320.0,16.026627218934912,1.4145383475551414,198613.0,161266.0,30589.0,253531400.0,206834400.0,38239600.0,288.1337934326566,964.0,1320.0,2510276.0,1.4179479113735167
565,490.0,340.0,39.5,614300.0,426950.0,49300.0,246.89696396305817,964.0,1320.0,16.16764705882353,1.4141731025161022,198613.0,161625.0,30637.0,253531400.0,207285300.0,38298800.0,288.0780492287822,964.0,1320.0,2516173.0,1.4103982936586876
566,490.0,309.5,32.0,611550.0,386250.0,39750.0,239.14499249706427,966.5,1320.0,16.363489499192244,1.4061483179525358,199593.0,161885.0,30653.0,254754500.0,207606900.0,38319100.0,287.96001292678756,969.0,1320.0,2520405.0,1.401898342246384
567,490.0,258.5,25.5,611550.0,323150.0,31700.0,230.4949007940521,969.0,1320.0,15.789168278529981,1.4044221539636448,199593.0,162142.0,30688.0,254754500.0,207931600.0,38362200.0,287.9084323210867,969.0,1320.0,2524336.0,1.4069459656809054
568,229.0,300.0,24.5,288350.0,378250.0,29900.0,215.91114157031944,969.5,1320.0,15.365,1.4110179907237073,200051.0,162485.0,30702.0,255331200.0,208363400.0,38378900.0,287.71796911685027,970.0,1320.0,2529624.0,1.4150900157665094
569,490.0,321.5,29.0,616200.0,402000.0,36500.0,224.29052910992206,971.5,1320.0,15.614307931570762,1.4144383812118593,200573.0,162785.0,30746.0,255986900.0,208735600.0,38435200.0,287.6779981779723,973.0,1320.0,2534376.0,1.4137867466572092
570,261.0,291.5,44.0,327850.0,362750.0,55400.0,265.31394590769725,973.0,1320.0,15.51114922813036,1.4178789544785957,200573.0,163068.0,30790.0,255986900.0,209088900.0,38489700.0,287.64042215168354,973.0,1320.0,2538667.0,1.4219711622999824
571,0.0,319.0,32.5,0.0,399000.0,40000.0,233.30572983895954,973.0,1320.0,15.576802507836991,1.420658253110799,200573.0,163423.0,30811.0,255986900.0,209533600.0,38515200.0,287.48120614031507,973.0,1320.0,2544314.0,1.4193453439216153
572,490.0,353.5,33.5,611200.0,441800.0,41800.0,231.26366461953634,976.5,1320.0,16.083451202263085,1.4193299310650003,201553.0,163775.0,30857.0,257209300.0,209972500.0,38573300.0,287.4162266939483,980.0,1320.0,2550038.0,1.4193145182083853
573,490.0,351.0,41.5,611200.0,438350.0,52550.0,245.02903870278533,980.0,1320.0,15.901709401709402,1.4170994370507408,201553.0,164125.0,30894.0,257209300.0,210410300.0,38620300.0,287.3103256033496,980.0,1320.0,2555477.0,1.4148843558930961
574,0.0,333.5,25.0,0.0,420550.0,31450.0,212.8382690440291,980.0,1320.0,15.619190404797601,1.4132059572267823,201553.0,164442.0,30907.0,257209300.0,210813600.0,38636200.0,287.14249918249493,980.0,1320.0,2560456.0,1.4115275585604685
575,490.0,294.0,26.0,609650.0,370800.0,33100.0,226.08789524791837,981.5,1320.0,15.945578231292517,1.4140940129162667,202533.0,164713.0,30946.0,258428600.0,211151900.0,38686500.0,287.11006721795775,983.0,1320.0,2564853.0,1.416660467272065
576,490.0,287.5,29.0,609650.0,359500.0,36600.0,239.71856875567863,983.0,1320.0,16.537391304347825,1.414628541964258,202533.0,165017.0,30965.0,258428600.0,211532600.0,38709400.0,286.9893251769217,983.0,1320.0,2569965.0,1.4125966166564505
577,247.0,311.0,17.0,309500.0,388600.0,20450.0,202.24503686770777,983.0,1320.0,16.139871382636656,1.4065449196404103,203027.0,165335.0,30980.0,259047600.0,211929100.0,38727400.0,286.82648491446685,983.0,1320.0,2574892.0,1.40049322262437
578,490.0,327.5,19.5,614750.0,408850.0,24400.0,204.08890472703516,985.5,1320.0,15.789312977099236,1.4032905104141165,203513.0,165672.0,31004.0,259658100.0,212350300.0,38758200.0,286.6967989317658,988.0,1320.0,2580307.0,1.4060877982038629
579,243.0,327.5,22.5,305250.0,409800.0,28400.0,215.03872592047455,988.0,1320.0,16.210687022900764,1.4126824766461228,203513.0,165990.0,31025.0,259658100.0,212748700.0,38784200.0,286.5714209279897,988.0,1320.0,2585510.0,1.419277155088383
580,490.0,337.5,16.5,617850.0,421100.0,21050.0,198.78246919735855,990.0,1320.0,16.176296296296297,1.4209810850436133,204493.0,166347.0,31037.0,260893800.0,213192500.0,38800300.0,286.38145753909004,992.0,1320.0,2591226.0,1.422685014998844
581,490.0,338.5,18.5,617850.0,420750.0,23350.0,198.63149471716147,992.0,1320.0,15.707533234859675,1.4212824383695852,204493.0,166667.0,31062.0,260893800.0,213590200.0,38830900.0,286.25386959604305,992.0,1320.0,2596144.0,1.4198798617403265
582,50.0,307.5,16.5,63000.0,382800.0,20100.0,195.1172762103547,992.0,1320.0,15.50569105691057,1.4197501788709412,204593.0,166962.0,31070.0,261019800.0,213958100.0,38840500.0,286.0828230279961,992.0,1320.0,2600762.0,1.4196204960015557
583,490.0,327.5,11.0,611500.0,408900.0,13450.0,185.9963126594814,993.0,1320.0,16.236641221374047,1.4219041145386209,205473.0,167322.0,31084.0,262116800.0,214408000.0,38857800.0,285.91177124193064,994.0,1320.0,2606779.0,1.424187733075686
584,440.0,309.5,15.0,548500.0,386800.0,18900.0,197.4078670737288,994.0,1320.0,16.135702746365105,1.4174622767782,205473.0,167581.0,31100.0,262116800.0,214731700.0,38878300.0,285.7931624846411,994.0,1320.0,2610750.0,1.4107368204807138
585,199.5,291.5,15.5,253550.0,365300.0,19200.0,197.82127154186927,994.0,1320.0,15.9073756432247,1.4106226057369118,205872.0,167905.0,31115.0,262623900.0,215138600.0,38896200.0,285.6400017372785,994.0,1320.0,2616053.0,1.4105083909931098
586,490.0,315.0,13.0,619950.0,394000.0,16000.0,189.00639315151983,995.0,1320.0,15.982539682539683,1.4140794942336115,206453.0,168211.0,31126.0,263356700.0,215519700.0,38910300.0,285.47464599907875,996.0,1320.0,2620819.0,1.4176505974741134
587,290.5,339.5,20.5,366400.0,421450.0,25250.0,205.08755725030954,996.0,1320.0,16.144329896907216,1.419149932653943,206453.0,168584.0,31156.0,263356700.0,215981500.0,38946700.0,285.3496354609657,996.0,1320.0,2627015.0,1.4206492678337723
588,490.0,331.0,16.0,612600.0,411850.0,19550.0,195.722951920306,996.5,1320.0,16.134441087613293,1.417731964655756,207433.0,168873.0,31158.0,264581900.0,216343400.0,38949400.0,285.1632558860926,997.0,1320.0,2631500.0,1.41481466147774
589,490.0,292.0,6.0,612600.0,367900.0,8100.0,175.05655565537344,997.0,1320.0,15.993150684931507,1.4185071929264768,207433.0,169168.0,31168.0,264581900.0,216717300.0,38962900.0,285.02151332832784,997.0,1320.0,2636355.0,1.4221997243752136
590,0.0,343.0,12.0,0.0,433150.0,15400.0,189.63036765951978,997.0,1320.0,16.228862973760933,1.4206183838396789,207433.0,169559.0,31182.0,264581900.0,217209700.0,38980200.0,284.82536601486106,997.0,1320.0,2642633.0,1.4190370433041444
591,173.0,345.5,13.5,214550.0,434700.0,16700.0,188.6487294708928,997.0,1320.0,16.01736613603473,1.4203101051267835,207779.0,169859.0,31195.0,265011000.0,217586700.0,38996300.0,284.677348781442,997.0,1320.0,2647423.0,1.4215831669494228
592,490.0,316.5,22.0,612750.0,396100.0,27400.0,210.0622284497566,997.5,1320.0,15.769352290679304,1.4207938121942176,208413.0,170192.0,31226.0,265807400.0,218001900.0,39035000.0,284.5740744513881,998.0,1320.0,2652615.0,1.4200044574390125
593,317.0,358.0,26.5,398200.0,448700.0,32750.0,213.3347930479414,998.0,1320.0,15.726256983240223,1.418110753875407,208413.0,170575.0,31248.0,265807400.0,218484100.0,39061800.0,284.4055144248075,998.0,1320.0,2658683.0,1.4162170503118015
594,490.0,338.0,25.0,613900.0,427100.0,31350.0,214.3958573071052,998.5,1320.0,16.081360946745562,1.4116487423301778,209393.0,170868.0,31276.0,267035200.0,218856100.0,39097700.0,284.3220294456166,999.0,1320.0,2663486.0,1.407080434348554
595,490.0,304.5,27.5,613900.0,384950.0,35100.0,224.2619694724134,999.0,1320.0,15.733990147783251,1.406968444172298,209393.0,171184.0,31303.0,267035200.0,219254000.0,39132000.0,284.2082903370963,999.0,1320.0,2668265.0,1.4068564539960422
596,42.5,331.0,24.5,53500.0,415600.0,30900.0,206.05119214173237,999.0,1320.0,14.891238670694865,1.3995391094895373,209478.0,171530.0,31325.0,267142200.0,219687300.0,39159500.0,284.04769277497496,999.0,1320.0,2673344.0,1.3922217649830326
597,490.0,364.5,20.0,609950.0,454800.0,24450.0,192.9150056850767,999.5,1320.0,15.161865569272976,1.398705312374034,210373.0,171913.0,31343.0,268255100.0,220163600.0,39180900.0,283.86289076268076,1000.0,1320.0,2679318.0,1.4051888597650355
598,447.5,334.5,22.0,556450.0,418350.0,26750.0,207.60748082995005,1000.0,1320.0,15.772795216741406,1.4005130016787075,210373.0,172199.0,31369.0,268255100.0,220524000.0,39213000.0,283.77995977609095,1000.0,1320.0,2683896.0,1.3958371435923795
599,281.0,281.5,15.5,349500.0,354500.0,19450.0,201.51288493866696,1000.0,1320.0,15.880994671403197,1.3946411607039417,210935.0,172476.0,31374.0,268954100.0,220872600.0,39219800.0,283.6229304808095,1000.0,1320.0,2688259.0,1.3934451778155041
600,490.0,306.0,13.5,614400.0,384450.0,17550.0,192.16122783776166,1000.0,1320.0,15.973856209150327,1.3943772442696614,211353.0,172811.0,31396.0,269483900.0,221292900.0,39248100.0,283.4932684789826,1000.0,1320.0,2693672.0,1.3953093107238186
601,209.0,320.5,22.5,264900.0,399200.0,28100.0,206.38370776061362,1000.0,1320.0,15.410296411856475,1.3949430429836025,211353.0,173117.0,31419.0,269483900.0,221671000.0,39276000.0,283.3638753179724,1000.0,1320.0,2698137.0,1.3945767752433862
602,443.0,277.0,15.0,552750.0,343450.0,18300.0,196.11227044164127,1000.0,1320.0,15.555956678700362,1.3956552544321474,212239.0,173365.0,31426.0,270589400.0,221979800.0,39284700.0,283.2440851513276,1000.0,1320.0,2702290.0,1.396733733620909
603,490.0,291.5,19.0,611100.0,365750.0,24350.0,213.90565138359864,1000.0,1320.0,16.480274442538594,1.3968344929266212,212333.0,173700.0,31457.0,270706100.0,222402500.0,39324700.0,283.1536287406525,1000.0,1320.0,2707745.0,1.3969352522323335
604,47.0,377.0,29.5,58350.0,474350.0,37400.0,219.4596655942003,1000.0,1320.0,16.122015915119363,1.3965193893732573,212333.0,174119.0,31485.0,270706100.0,222928500.0,39359500.0,282.991868593771,1000.0,1320.0,2714446.0,1.3961035265141812
605,114.5,368.0,22.5,142950.0,461850.0,28000.0,208.40616518896218,1000.0,1320.0,16.300271739130434,1.3981259708646374,212562.0,174436.0,31502.0,270992000.0,223326200.0,39380700.0,282.87015619535316,1000.0,1320.0,2719742.0,1.4001484152150936
606,490.0,316.5,18.5,612050.0,393900.0,23650.0,207.36477683519,1000.0,1320.0,16.345971563981042,1.3984192648481792,213313.0,174752.0,31522.0,271930200.0,223716300.0,39406800.0,282.74622371618904,1000.0,1320.0,2724793.0,1.396690114481265
607,375.5,360.5,21.5,469100.0,448100.0,27300.0,204.7947120811559,1000.0,1320.0,15.930651872399444,1.395660320713425,213313.0,175157.0,31545.0,271930200.0,224222400.0,39435300.0,282.5815782459223,1000.0,1320.0,2731228.0,1.3946305269455852
608,389.0,330.0,17.5,485450.0,411400.0,21250.0,201.85697598962693,1000.0,1320.0,16.204545454545453,1.3918427057275076,214091.0,175412.0,31557.0,272901100.0,224539100.0,39449300.0,282.47459836567805,1000.0,1320.0,2735488.0,1.38905488450943
609,490.0,257.0,13.0,611700.0,318000.0,15950.0,198.53312751327306,1000.0,1320.0,16.420233463035018,1.389681020011682,214293.0,175671.0,31571.0,273153600.0,224858400.0,39467200.0,282.36257744784257,1000.0,1320.0,2739668.0,1.3903071555139341
610,141.5,286.0,16.5,177000.0,356000.0,21400.0,198.44227211726863,1000.0,1320.0,15.746503496503497,1.3901878547313071,214374.0,175984.0,31590.0,273255100.0,225251100.0,39492100.0,282.2296757964723,1000.0,1320.0,2744495.0,1.3900685539486803
611,490.0,316.0,17.0,609400.0,397650.0,21950.0,194.15157374732232,1000.0,1320.0,15.235759493670885,1.3904052482051426,215273.0,176303.0,31605.0,274372400.0,225653700.0,39511100.0,282.0800076166454,1000.0,1320.0,2749297.0,1.390741942461605
612,449.5,288.0,18.0,558650.0,361650.0,22700.0,201.56859138141837,1000.0,1320.0,15.22048611111111,1.3929938388055778,215273.0,176560.0,31626.0,274372400.0,225974400.0,39537500.0,281.9925581052633,1000.0,1320.0,2753262.0,1.3952457351495506
613,150.5,314.5,15.5,186250.0,394550.0,19050.0,196.0866292106638,1000.0,1320.0,15.723370429252782,1.3954195669385165,215574.0,176932.0,31636.0,274744900.0,226442800.0,39549200.0,281.8078871103935,1000.0,1320.0,2759187.0,1.3955933987274827
614,490.0,323.5,11.5,613850.0,405600.0,14150.0,189.15038513654605,1000.0,1320.0,16.105100463678518,1.3953122312516582,216253.0,177207.0,31649.0,275600100.0,226785600.0,39565800.0,281.6947248809892,1000.0,1320.0,2763682.0,1.3950310637758336
615,339.5,292.0,26.0,427600.0,364850.0,33050.0,228.2948674609583,1000.0,1320.0,16.051369863013697,1.3936383401994539,216253.0,177516.0,31688.0,275600100.0,227172500.0,39615300.0,281.64520245571646,1000.0,1320.0,2768561.0,1.3922456166230741
616,0.0,310.5,33.0,0.0,387650.0,41550.0,236.93534209943667,1000.0,1320.0,15.801932367149758,1.3964405115610656,216253.0,177828.0,31715.0,275600100.0,227560900.0,39648900.0,281.54797840904337,1000.0,1320.0,2773495.0,1.4006354064990572
617,490.0,274.0,23.0,616100.0,340550.0,28950.0,220.10178033542624,1000.0,1320.0,15.870437956204379,1.395389528771181,217233.0,178064.0,31734.0,276832300.0,227853600.0,39673200.0,281.47095488071847,1000.0,1320.0,2777258.0,1.390143651043305
618,490.0,260.0,23.0,616100.0,325650.0,29000.0,228.7541431895768,1000.0,1320.0,16.28076923076923,1.3915731148303663,217233.0,178348.0,31761.0,276832300.0,228212200.0,39706900.0,281.4057602711525,1000.0,1320.0,2781961.0,1.3930025786174278
619,393.5,292.5,22.0,490800.0,365250.0,27000.0,219.32916978856784,1000.0,1320.0,16.16068376068376,1.3984662395947773,218020.0,178649.0,31778.0,277813900.0,228584100.0,39727200.0,281.2852031339235,1000.0,1320.0,2786712.0,1.4039299005721266
620,393.5,262.0,18.5,490800.0,322100.0,22150.0,213.2012529914675,1000.0,1320.0,16.051526717557252,1.4039299005721266,218020.0,178872.0,31798.0,277813900.0,228856400.0,39751200.0,281.224136268761,1000.0,1320.0,2790372.0,1.4039299005721266
621,96.5,308.5,23.5,119850.0,383200.0,29200.0,217.48470002319138,1000.0,1320.0,16.06645056726094,1.4052609907345,218213.0,179266.0,31825.0,278053600.0,229350500.0,39785600.0,281.08451464381506,1000.0,1320.0,2796625.0,1.4065920808968733
622,179.5,374.0,19.0,224150.0,469700.0,24100.0,196.15094763694705,1000.0,1320.0,15.748663101604278,1.3994468672825748,218379.0,179620.0,31836.0,278262200.0,229795800.0,39799400.0,280.90791196552726,1000.0,1320.0,2802152.0,1.3923016536682766
623,393.5,370.0,18.0,496850.0,461350.0,22500.0,194.92188801519202,1000.0,1320.0,16.075675675675676,1.3923016536682766,219000.0,180006.0,31861.0,279047300.0,230273200.0,39830600.0,280.76892893077866,1000.0,1320.0,2808521.0,1.3923016536682766
624,407.0,340.0,28.5,510350.0,425150.0,35100.0,222.18659627743185,1000.0,1320.0,16.223529411764705,1.396137770542871,219193.0,180300.0,31893.0,279282900.0,230646100.0,39869600.0,280.703957972407,1000.0,1320.0,2813184.0,1.3999738874174654
625,179.5,322.0,23.0,221300.0,403400.0,28400.0,212.46068880496895,1000.0,1320.0,15.745341614906833,1.399194789152658,219359.0,180650.0,31907.0,279489900.0,231080000.0,39887400.0,280.54718753582654,1000.0,1320.0,2818661.0,1.3984156908878504
626,490.0,344.0,21.0,610550.0,427250.0,26600.0,207.4913984074462,1000.0,1320.0,16.03343023255814,1.4004647918576603,220173.0,180988.0,31935.0,280504000.0,231500600.0,39922800.0,280.4529509488238,1000.0,1320.0,2824215.0,1.4025138928274703
627,407.0,386.5,24.0,507050.0,483500.0,29700.0,210.15359772584796,1000.0,1320.0,16.302716688227683,1.3988299201468015,220173.0,181423.0,31955.0,280504000.0,232047000.0,39946800.0,280.27633891397255,1000.0,1320.0,2831263.0,1.395145947466133
628,490.0,375.5,21.5,615450.0,472200.0,26500.0,210.47506726132085,1000.0,1320.0,16.70972037283622,1.3957593967840165,221153.0,181739.0,31978.0,281734900.0,232445000.0,39975800.0,280.1929695732292,1000.0,1320.0,2836764.0,1.3963728461019
629,490.0,368.0,21.0,615450.0,462800.0,25950.0,208.40109536121113,1000.0,1320.0,16.54211956521739,1.3974164903487716,221153.0,182159.0,31997.0,281734900.0,232972600.0,39998700.0,280.01522580257665,1000.0,1320.0,2843438.0,1.398460134595643
630,89.5,367.5,14.0,112950.0,460450.0,16900.0,187.19572445234007,1000.0,1320.0,15.835374149659865,1.3990118607957185,221332.0,182474.0,32006.0,281960800.0,233365900.0,40009600.0,279.8621373369963,1000.0,1320.0,2848403.0,1.3995635869957943
631,490.0,323.0,17.0,612300.0,403650.0,20550.0,199.88526726383216,1000.0,1320.0,16.185758513931887,1.4011846806445902,222133.0,182805.0,32031.0,282959500.0,233779900.0,40039800.0,279.7615980502152,1000.0,1320.0,2853894.0,1.4028057742933862
632,400.5,319.5,21.0,499350.0,398700.0,25200.0,209.3865018360961,1000.0,1320.0,16.078247261345854,1.398644813104256,222133.0,183113.0,32048.0,282959500.0,234163300.0,40060000.0,279.639076894927,1000.0,1320.0,2858677.0,1.394483851915126
633,211.5,344.5,15.5,266700.0,428300.0,18850.0,189.77170090951614,1000.0,1320.0,15.519593613933237,1.3926305339363503,222556.0,183494.0,32062.0,283492900.0,234636500.0,40077500.0,279.46101385890864,1000.0,1320.0,2864587.0,1.3907772159575744
634,490.0,311.0,13.0,616200.0,389750.0,16450.0,189.08700038167035,999.0,1320.0,15.667202572347266,1.3947811657756004,223113.0,183735.0,32074.0,284191900.0,234942800.0,40092900.0,279.36718023825097,998.0,1320.0,2868422.0,1.3987851155936262
635,278.5,295.0,13.5,349500.0,372800.0,17250.0,192.85397142607553,998.0,1320.0,15.815254237288135,1.3993179547913777,223113.0,184084.0,32089.0,284191900.0,235382100.0,40112000.0,279.2138204296595,998.0,1320.0,2873918.0,1.3998507939891291
636,490.0,336.0,12.0,614750.0,421000.0,15300.0,181.91568014011622,998.0,1320.0,15.598214285714286,1.403907857431897,224093.0,184407.0,32098.0,285421400.0,235784800.0,40123500.0,279.0539022813061,998.0,1320.0,2878904.0,1.407964920874665
637,490.0,340.0,14.5,614750.0,426500.0,18600.0,185.82082381532908,998.0,1320.0,15.191176470588236,1.409764873974627,224093.0,184764.0,32118.0,285421400.0,236235100.0,40149200.0,278.9085132368102,998.0,1320.0,2884248.0,1.4115648270745889
638,412.0,355.5,15.5,515300.0,447750.0,19750.0,191.7693261609103,998.0,1320.0,15.70604781997187,1.4129393630505889,224917.0,185118.0,32129.0,286452000.0,236680300.0,40163000.0,278.7557846756256,998.0,1320.0,2890071.0,1.4143138990265887
639,490.0,351.0,16.0,614850.0,441000.0,20450.0,202.335149988238,997.5,1320.0,16.793447293447294,1.412351540025588,225073.0,185466.0,32150.0,286651100.0,237117100.0,40190100.0,278.6502378865399,997.0,1320.0,2896037.0,1.4103891810245874
640,103.0,330.0,17.0,130600.0,414050.0,21550.0,200.62581509977895,997.0,1320.0,16.21060606060606,1.4021882505651493,225123.0,185778.0,32163.0,286713200.0,237508400.0,40206100.0,278.50699165877387,997.0,1320.0,2900770.0,1.3939873201057114
641,412.0,356.5,15.5,513450.0,445200.0,19050.0,191.1181161618134,997.0,1320.0,15.859747545582048,1.3939873201057114,225897.0,186179.0,32181.0,287678000.0,238007500.0,40228200.0,278.35199691491846,997.0,1320.0,2907345.0,1.3939873201057114
642,465.0,348.0,16.5,578400.0,433550.0,19700.0,199.9900666852953,996.0,1320.0,16.54741379310345,1.394008073742134,226053.0,186475.0,32196.0,287870000.0,238376800.0,40245500.0,278.24519819482225,995.0,1320.0,2912312.0,1.3940288273785568
643,103.0,304.5,16.5,127650.0,381550.0,20600.0,205.6509303413167,995.0,1320.0,16.776683087027916,1.3941896050083522,226103.0,186788.0,32214.0,287933300.0,238770600.0,40269400.0,278.1388751866225,995.0,1320.0,2917562.0,1.3943503826381476
644,490.0,350.0,14.0,611450.0,437050.0,18250.0,193.0196728383447,994.5,1320.0,16.345714285714287,1.3914015871472678,227033.0,187175.0,32224.0,289092900.0,239250900.0,40282000.0,277.96240664855526,994.0,1320.0,2923754.0,1.3884527916563882
645,465.0,373.0,14.5,579800.0,461500.0,17850.0,187.28665896961886,994.0,1320.0,15.761394101876675,1.3834649429317505,227033.0,187534.0,32243.0,289092900.0,239693600.0,40305100.0,277.81850286573325,994.0,1320.0,2929320.0,1.378477094207113
646,490.0,347.5,14.0,613850.0,432500.0,16950.0,189.5423751087075,992.5,1320.0,15.912230215827337,1.3850496288869543,228013.0,187870.0,32252.0,290320600.0,240115900.0,40315900.0,277.67198732289324,991.0,1320.0,2934813.0,1.3916221635667956
647,490.0,298.0,22.5,613850.0,373700.0,28350.0,219.82921156275702,991.0,1320.0,16.135906040268456,1.4002280655614523,228013.0,188130.0,32288.0,290320600.0,240441000.0,40361800.0,277.64986357254816,991.0,1320.0,2938937.0,1.408833967556109
648,81.0,325.5,24.5,100450.0,409250.0,30150.0,215.14730261398526,991.0,1320.0,15.574500768049155,1.411364414966641,228175.0,188531.0,32302.0,290521500.0,240947000.0,40377200.0,277.47178976797306,991.0,1320.0,2945129.0,1.413894862377173
649,148.0,347.0,12.0,184350.0,436800.0,14050.0,185.6569306359386,991.0,1320.0,15.887608069164266,1.413894862377173,228309.0,188824.0,32312.0,290689300.0,241314600.0,40389900.0,277.3511744136214,991.0,1320.0,2949963.0,1.413894862377173
650,409.0,323.5,14.0,512700.0,405150.0,17850.0,193.04116700599755,991.0,1320.0,15.959814528593508,1.4139648492148411,228993.0,189178.0,32330.0,291546900.0,241757300.0,40412900.0,277.2145048375673,991.0,1320.0,2955455.0,1.414034836052509
651,342.0,344.0,16.5,428800.0,429300.0,21150.0,191.94305380773957,991.0,1320.0,15.341569767441861,1.40730633746026,228993.0,189512.0,32345.0,291546900.0,242173200.0,40432200.0,277.0736115918178,991.0,1320.0,2960518.0,1.4005778388680108
652,258.0,321.5,13.5,323150.0,401700.0,17300.0,188.125125455592,991.0,1320.0,15.597200622083982,1.3961306362155788,229509.0,189821.0,32357.0,292193200.0,242560700.0,40447500.0,276.94584689579995,991.0,1320.0,2965484.0,1.3916834335631467
653,490.0,327.5,18.0,613450.0,408250.0,23050.0,203.4013240985456,990.5,1320.0,16.403053435114504,1.392546642777397,229973.0,190167.0,32381.0,292773800.0,242989700.0,40478300.0,276.8448629593527,990.0,1320.0,2971262.0,1.3934098519916474
654,232.0,349.5,28.5,290300.0,437400.0,36250.0,224.93509160764327,990.0,1320.0,16.486409155937054,1.3895978684452448,229973.0,190520.0,32414.0,292773800.0,243435500.0,40520000.0,276.7694712375427,990.0,1320.0,2977008.0,1.3857858848988425
655,490.0,353.0,24.0,612350.0,443800.0,29900.0,212.15587035531226,990.0,1320.0,16.070821529745043,1.3878965470138862,230953.0,190873.0,32429.0,293998500.0,243877300.0,40538100.0,276.6264345510822,990.0,1320.0,2982608.0,1.3900072091289297
656,490.0,345.5,25.5,612350.0,434600.0,31550.0,214.84827622272945,990.0,1320.0,15.972503617945007,1.3914609414650356,230953.0,191211.0,32465.0,293998500.0,244304700.0,40583100.0,276.5640601666142,990.0,1320.0,2988045.0,1.3929146738011413
657,213.0,357.5,25.5,267850.0,449300.0,32050.0,217.73793426116777,990.0,1320.0,16.39020979020979,1.391730056407107,231379.0,191588.0,32480.0,294534200.0,244775900.0,40602200.0,276.42511802564366,990.0,1320.0,2994327.0,1.3905454390130723
658,490.0,361.0,22.0,615150.0,450050.0,27100.0,207.90304055486223,990.5,1320.0,16.155124653739612,1.3927089620932263,231933.0,191933.0,32509.0,295228800.0,245204800.0,40637300.0,276.32972639208634,991.0,1320.0,2999709.0,1.39487248517338
659,277.0,316.5,22.5,347300.0,394800.0,27500.0,209.67463214134364,991.0,1320.0,15.47867298578199,1.3952077277018526,231933.0,192223.0,32525.0,295228800.0,245568300.0,40657200.0,276.22273750300525,991.0,1320.0,3004160.0,1.3955429702303255
660,258.0,330.0,16.5,322350.0,412450.0,20750.0,191.7115801425082,991.5,1320.0,15.290909090909091,1.3970807098161202,232449.0,192593.0,32542.0,295873500.0,246029700.0,40678800.0,276.0692587822039,992.0,1320.0,3009801.0,1.398618449401915
661,490.0,355.5,17.5,611900.0,445200.0,22350.0,195.87643541215877,992.0,1320.0,15.884669479606188,1.3971569078652744,232913.0,192934.0,32560.0,296452600.0,246458700.0,40701900.0,275.95692847323164,992.0,1320.0,3015454.0,1.395695366328634
662,232.0,350.0,25.5,289550.0,439300.0,32050.0,218.09604918225418,992.0,1320.0,16.345714285714287,1.3939558823575142,232913.0,193295.0,32593.0,296452600.0,246910900.0,40742900.0,275.8763191168862,992.0,1320.0,3021291.0,1.3922163983863942
663,490.0,329.5,30.0,613400.0,411650.0,36950.0,229.94367655693347,992.0,1320.0,16.26403641881639,1.3868276542804683,233893.0,193593.0,32620.0,297679400.0,247282000.0,40775800.0,275.8106790175071,992.0,1320.0,3026172.0,1.3814389101745426
664,490.0,302.5,25.5,613400.0,379200.0,31700.0,219.59616589710006,992.0,1320.0,15.522314049586777,1.3833820404963386,233893.0,193900.0,32644.0,297679400.0,247669300.0,40806300.0,275.7133495369716,992.0,1320.0,3030682.0,1.3853251708181347
665,388.5,278.0,19.5,484000.0,348950.0,24300.0,207.86756339248493,992.0,1320.0,15.406474820143885,1.3839202472729175,234670.0,194149.0,32659.0,298647400.0,247979900.0,40824400.0,275.6324394765876,992.0,1320.0,3034738.0,1.3825153237277001
666,490.0,309.0,31.5,608800.0,383600.0,39050.0,234.71453529657498,991.5,1320.0,15.888349514563107,1.3822547388077977,234873.0,194518.0,32707.0,298897000.0,248436500.0,40884400.0,275.59047488630534,991.0,1320.0,3040501.0,1.381994153887895
667,101.5,357.5,30.0,124800.0,442500.0,37700.0,218.22853147930022,991.0,1320.0,15.495104895104895,1.3861836035146875,234873.0,194864.0,32719.0,298897000.0,248864900.0,40899800.0,275.4369590202361,991.0,1320.0,3045817.0,1.3903730531414802
668,460.0,334.5,13.0,570850.0,415000.0,16750.0,186.64874393269628,991.0,1320.0,15.846038863976084,1.3919136766834879,235793.0,195187.0,32733.0,300038700.0,249266500.0,40917900.0,275.3192634831257,991.0,1320.0,3051102.0,1.3934543002254955
669,490.0,305.5,29.5,608950.0,383550.0,35650.0,234.0493144052861,991.0,1320.0,16.219312602291325,1.3962149576312193,235853.0,195475.0,32778.0,300114900.0,249632000.0,40971100.0,275.31547224068896,991.0,1320.0,3055727.0,1.398975615036943
670,30.0,339.0,29.5,38100.0,429500.0,35400.0,225.06932816397557,991.0,1320.0,15.980825958702065,1.3962464411449202,235853.0,195865.0,32792.0,300114900.0,250125500.0,40988700.0,275.1572994832034,991.0,1320.0,3061937.0,1.3935172672528973
671,381.0,353.5,14.0,474350.0,443750.0,17750.0,190.57244541172744,991.0,1320.0,16.036775106082036,1.3916599189634722,236615.0,196182.0,32806.0,301063600.0,250519500.0,41006600.0,275.04346617609485,991.0,1320.0,3067065.0,1.3898025706740469
672,490.0,301.5,26.0,608450.0,376200.0,32750.0,229.3406751337714,991.0,1320.0,16.51575456053068,1.3913528999588451,236833.0,196468.0,32844.0,301331800.0,250877900.0,41054200.0,275.026430235415,991.0,1320.0,3071896.0,1.3929032292436434
673,109.0,319.5,25.0,134100.0,399400.0,31000.0,224.7163118618789,991.0,1320.0,16.72300469483568,1.3971248608455267,236833.0,196821.0,32856.0,301331800.0,251318300.0,41068600.0,274.89249150591667,991.0,1320.0,3077751.0,1.4013464924474097
674,490.0,356.5,19.5,612100.0,446950.0,23700.0,200.13248320420817,991.5,1320.0,16.047685834502104,1.4079530065924617,237813.0,197181.0,32883.0,302556000.0,251771800.0,41101600.0,274.78162771017213,992.0,1320.0,3083338.0,1.4145595207375137
675,490.0,333.0,24.0,612100.0,418450.0,29450.0,205.76931448231065,992.0,1320.0,15.14114114114114,1.4126638178470552,237813.0,197487.0,32904.0,302556000.0,252155200.0,41127500.0,274.67827329255397,992.0,1320.0,3087835.0,1.4107681149565965
676,186.0,302.5,21.0,232700.0,378450.0,26150.0,208.2335631735676,992.0,1320.0,15.467768595041322,1.402466026248034,238185.0,197786.0,32925.0,303021400.0,252528700.0,41153900.0,274.59500202801917,992.0,1320.0,3092696.0,1.3941639375394712
677,490.0,336.5,20.0,608650.0,417600.0,25500.0,208.50379081444382,992.5,1320.0,16.536404160475485,1.393471203248083,238793.0,198160.0,32944.0,303773300.0,252990400.0,41178500.0,274.4741123693034,993.0,1320.0,3098964.0,1.3927784689566947
678,304.0,367.0,20.0,375950.0,454700.0,25450.0,202.41734473790055,993.0,1320.0,16.412806539509535,1.3955434818702996,238793.0,198520.0,32965.0,303773300.0,253438100.0,41204800.0,274.3536667071883,993.0,1320.0,3104743.0,1.3983084947839044
679,186.0,354.0,16.0,229200.0,437750.0,20050.0,191.3584033306671,993.0,1320.0,15.97316384180791,1.3951845192302526,239165.0,198868.0,32976.0,304231700.0,253865900.0,41218600.0,274.20882353418773,993.0,1320.0,3110273.0,1.392060543676601
680,490.0,362.0,23.5,608300.0,447150.0,28500.0,209.7217460098494,993.0,1320.0,16.034530386740332,1.3937609409430154,239773.0,199244.0,33012.0,304989900.0,254332400.0,41261800.0,274.1391137533027,993.0,1320.0,3116352.0,1.3954613382094299
681,304.0,389.5,28.5,379100.0,485150.0,34700.0,212.70461451257503,993.0,1320.0,15.663671373555841,1.3939015242889286,239773.0,199647.0,33033.0,304989900.0,254836200.0,41288000.0,273.98784399687395,993.0,1320.0,3122475.0,1.3923417103684272
682,490.0,371.0,22.5,619500.0,463400.0,27300.0,204.9248358564857,993.0,1320.0,15.809973045822103,1.3919833059863858,240753.0,199986.0,33057.0,306228900.0,255259200.0,41316400.0,273.9053730414821,993.0,1320.0,3128083.0,1.3916249016043445
683,490.0,360.5,19.0,619500.0,450650.0,22650.0,203.92485584241987,993.0,1320.0,16.375866851595006,1.387979362606103,240753.0,200368.0,33071.0,306228900.0,255737500.0,41333300.0,273.76004226704686,993.0,1320.0,3134282.0,1.3843338236078617
684,144.5,353.0,15.0,181950.0,439550.0,18450.0,191.50679616385503,993.0,1320.0,16.024079320113316,1.3866992388694093,241042.0,200692.0,33087.0,306592800.0,256138300.0,41353300.0,273.64595986672333,993.0,1320.0,3139396.0,1.3890646541309568
685,490.0,339.0,25.0,610400.0,421450.0,31600.0,214.87013282278352,994.0,1320.0,16.05457227138643,1.3926653022685715,241733.0,201046.0,33121.0,307449700.0,256580400.0,41396500.0,273.5769598768066,995.0,1320.0,3145167.0,1.396265950406186
686,353.5,350.5,22.5,438900.0,439050.0,28550.0,210.31712111669916,995.0,1320.0,16.242510699001425,1.3939393788237746,241749.0,201393.0,33132.0,307470600.0,257016400.0,41410400.0,273.4445173181359,995.0,1320.0,3150782.0,1.3916128072413632
687,357.0,358.5,16.0,450450.0,448050.0,19400.0,196.8011599827506,995.0,1320.0,16.361227336122734,1.3916128072413632,242447.0,201763.0,33153.0,308350600.0,257476500.0,41435300.0,273.3321699343564,995.0,1320.0,3156898.0,1.3916128072413632
688,481.5,354.5,22.5,605200.0,441950.0,27400.0,208.91059342162617,995.5,1320.0,16.222849083215795,1.393487684147195,242713.0,202102.0,33177.0,308682500.0,257900300.0,41465200.0,273.2377050713229,996.0,1320.0,3162284.0,1.395362561053027
689,140.5,343.5,17.5,176150.0,431150.0,21550.0,198.9623643707711,996.0,1320.0,15.985443959243085,1.404464951968479,242728.0,202450.0,33188.0,308702900.0,258338800.0,41478400.0,273.104299219035,996.0,1320.0,3167880.0,1.4135673428839315
690,490.0,348.5,19.5,613350.0,438150.0,23700.0,207.40752174212966,996.0,1320.0,16.61406025824964,1.411995590255052,243693.0,202799.0,33216.0,309909200.0,258776600.0,41512600.0,273.0324172085587,996.0,1320.0,3173864.0,1.4104238376261724
691,482.5,313.0,20.0,603150.0,393150.0,24650.0,210.94938063466435,996.0,1320.0,16.39776357827476,1.4047717637884682,243693.0,203076.0,33228.0,309909200.0,259125100.0,41527700.0,272.9291215843897,996.0,1320.0,3178145.0,1.3991196899507639
692,127.0,326.5,14.0,157400.0,412000.0,17350.0,192.30276038353637,996.0,1320.0,15.859111791730475,1.3991554569661762,243947.0,203452.0,33244.0,310224000.0,259600600.0,41547300.0,272.80014925177926,996.0,1320.0,3184220.0,1.3991912239815885
693,490.0,338.0,18.5,608800.0,427050.0,22850.0,204.70444852040106,996.0,1320.0,16.34467455621302,1.4014068076308015,244673.0,203752.0,33265.0,311126800.0,259979200.0,41573400.0,272.72388655106033,996.0,1320.0,3189194.0,1.4036223912800143
694,363.0,307.0,20.5,451400.0,383800.0,26400.0,216.00049482130692,996.0,1320.0,16.903908794788272,1.398568094020693,244673.0,204066.0,33285.0,311126800.0,260368200.0,41600100.0,272.6434034464024,996.0,1320.0,3194599.0,1.3935137967613715
695,419.0,327.5,17.5,521750.0,410200.0,22600.0,203.484918233451,996.0,1320.0,16.499236641221373,1.394153927606527,245511.0,204407.0,33300.0,312170300.0,260799600.0,41618600.0,272.522904299216,996.0,1320.0,3200001.0,1.3947940584516823
696,490.0,355.0,18.0,612100.0,448050.0,21950.0,198.18830567038185,995.5,1320.0,15.880281690140846,1.3958277395472283,245653.0,204776.0,33321.0,312351000.0,261264300.0,41644000.0,272.4101224603297,995.0,1320.0,3205874.0,1.3968614206427743
697,71.0,317.5,15.0,90350.0,399050.0,17850.0,194.6144438938058,995.0,1320.0,15.7748031496063,1.4006205214612286,245653.0,205042.0,33330.0,312351000.0,261597700.0,41654300.0,272.3055586119304,995.0,1320.0,3210018.0,1.404379622279683
698,490.0,313.5,13.0,608050.0,393950.0,15900.0,190.84049309222573,995.0,1320.0,16.11004784688995,1.4010764974267578,246633.0,205403.0,33347.0,313567100.0,262052200.0,41675800.0,272.1870231180165,995.0,1320.0,3215975.0,1.3977733725738324
699,490.0,316.0,23.5,608050.0,397650.0,29050.0,214.8459919169089,995.0,1320.0,16.227848101265824,1.3945522956903398,246633.0,205674.0,33377.0,313567100.0,262393000.0,41712400.0,272.14235056935473,995.0,1320.0,3220274.0,1.3913312188068472
700,207.5,308.5,22.5,256900.0,385100.0,27250.0,212.75013444402026,995.0,1320.0,15.983792544570502,1.3878509871374876,247048.0,206020.0,33392.0,314080900.0,262822400.0,41730300.0,272.02267371071014,995.0,1320.0,3225837.0,1.384370755468128
701,490.0,366.0,13.5,609900.0,454550.0,16000.0,188.21398340763693,994.5,1320.0,16.12431693989071,1.3885201953185615,247613.0,206406.0,33404.0,314786900.0,263302100.0,41744400.0,271.87671681481703,994.0,1320.0,3232077.0,1.3926696351689951
702,282.5,328.5,20.0,353000.0,410300.0,24450.0,211.18767518651512,994.0,1320.0,16.6103500761035,1.3887022476959623,247613.0,206683.0,33432.0,314786900.0,263650500.0,41779200.0,271.8440388543041,994.0,1320.0,3236879.0,1.3847348602229297
703,443.0,287.5,23.0,558200.0,360300.0,28650.0,228.16933537634483,994.0,1320.0,16.95826086956522,1.3812839930006304,248499.0,206981.0,33450.0,315903300.0,264022700.0,41801700.0,271.763826697181,994.0,1320.0,3241828.0,1.3778331257783312
704,490.0,315.5,27.0,615650.0,392000.0,33200.0,224.0305037630632,993.5,1320.0,16.103011093502378,1.3749734860900311,248593.0,207314.0,33486.0,316018200.0,264434500.0,41845600.0,271.7080244376199,993.0,1320.0,3247040.0,1.3721138464017308
705,122.0,339.5,27.5,151900.0,423000.0,34000.0,216.9923867390387,993.0,1320.0,15.674521354933725,1.376800015744029,248743.0,207660.0,33505.0,316207100.0,264868700.0,41869700.0,271.5971265668582,993.0,1320.0,3252471.0,1.3814861850863274
706,490.0,348.0,17.5,610400.0,432700.0,22000.0,193.4407078561124,993.0,1320.0,15.719827586206897,1.3813517358507301,249573.0,208010.0,33521.0,317239000.0,265299900.0,41889600.0,271.4711463208521,993.0,1320.0,3257981.0,1.3812172866151327
707,415.0,335.5,20.5,515950.0,416300.0,26000.0,202.68639202482908,993.0,1320.0,15.75558867362146,1.3802558017354667,249573.0,208331.0,33546.0,317239000.0,265701300.0,41921700.0,271.3942778338498,993.0,1320.0,3263043.0,1.3792943168558007
708,215.5,332.0,16.5,267450.0,413200.0,21150.0,197.82949146565403,993.0,1320.0,15.960843373493976,1.3777340331175423,250004.0,208674.0,33554.0,317773900.0,266126300.0,41931900.0,271.259245824485,993.0,1320.0,3268579.0,1.3761737493792836
709,360.5,344.5,12.0,447450.0,426700.0,14950.0,188.6233084886512,993.0,1320.0,16.330914368650216,1.3761737493792836,250294.0,209020.0,33570.0,318133900.0,266554700.0,41951600.0,271.1510044048417,993.0,1320.0,3274295.0,1.3761737493792836
710,274.5,342.0,23.0,339900.0,424950.0,28300.0,211.40047271105266,993.5,1320.0,16.135964912280702,1.3757716875731414,250553.0,209358.0,33600.0,318453700.0,266976200.0,41988500.0,271.0793920869137,994.0,1320.0,3279616.0,1.3753696257669992
711,211.0,343.5,20.0,261650.0,428450.0,24600.0,201.56617150543346,994.0,1320.0,15.838427947598253,1.3755004319252373,250716.0,209707.0,33610.0,318657200.0,267411600.0,42000800.0,270.94309384570334,994.0,1320.0,3285176.0,1.3756312380834754
712,490.0,363.0,21.0,612800.0,452750.0,26400.0,205.26502847187882,994.0,1320.0,16.2534435261708,1.3752160065870203,251533.0,210084.0,33642.0,319679300.0,267881700.0,42041300.0,270.87200579551967,994.0,1320.0,3291416.0,1.3748007750905653
713,408.5,364.5,26.0,511050.0,455650.0,32850.0,214.62182705225553,994.0,1320.0,16.035665294924556,1.36928459668155,251533.0,210436.0,33662.0,319679300.0,268322900.0,42066500.0,270.7628920031416,994.0,1320.0,3296866.0,1.3637684182725343
714,490.0,363.5,16.5,615900.0,452500.0,20500.0,192.61884821267822,994.0,1320.0,15.86382393397524,1.3718941213424412,252513.0,210811.0,33675.0,320911100.0,268786700.0,42082300.0,270.62875096799235,994.0,1320.0,3302949.0,1.380019824412348
715,490.0,343.5,18.5,615900.0,425300.0,23100.0,204.08951480222333,994.0,1320.0,16.486171761280932,1.3813299497588516,252513.0,211123.0,33699.0,320911100.0,269173500.0,42112700.0,270.5657221201516,994.0,1320.0,3308192.0,1.3826400751053554
716,413.5,350.0,21.0,511500.0,436650.0,26800.0,208.53459353291262,994.0,1320.0,16.394285714285715,1.3818566874629408,253340.0,211511.0,33717.0,321934100.0,269660000.0,42135900.0,270.44086922195686,994.0,1320.0,3314425.0,1.3810732998205262
717,490.0,354.0,15.5,607500.0,444050.0,19700.0,194.58434316491648,993.5,1320.0,16.22457627118644,1.3812563917919687,253493.0,211831.0,33730.0,322126100.0,270061600.0,42152100.0,270.33706105814275,993.0,1320.0,3319679.0,1.381439483763411
718,76.5,350.5,14.0,96000.0,436850.0,17400.0,184.69434661264512,993.0,1320.0,15.677603423680457,1.3814894968573368,253493.0,212212.0,33745.0,322126100.0,270533700.0,42170700.0,270.18672229797323,993.0,1320.0,3325415.0,1.3815395099512626
719,490.0,379.0,9.0,620300.0,468700.0,11200.0,168.51772767790536,993.0,1320.0,15.282321899736148,1.385785164805856,254473.0,212589.0,33748.0,323366700.0,270999000.0,42174500.0,270.01631426532225,993.0,1320.0,3331263.0,1.3900308196604492
720,490.0,351.5,9.5,620300.0,435750.0,12150.0,180.82311725210778,993.0,1320.0,15.987197724039829,1.3937518329656295,254473.0,212915.0,33764.0,323366700.0,271405200.0,42195000.0,269.92516568860174,993.0,1320.0,3336654.0,1.39747284627081
721,475.5,351.0,12.0,589050.0,437600.0,14900.0,187.48686347030872,993.0,1320.0,16.182336182336183,1.4014129571727718,255424.0,213291.0,33772.0,324544800.0,271874200.0,42204300.0,269.77379967885145,993.0,1320.0,3342623.0,1.4053530680747335
722,490.0,340.0,9.5,607750.0,426200.0,11400.0,178.34333583981066,992.5,1320.0,15.786764705882353,1.4054290288284623,255453.0,213595.0,33783.0,324582200.0,272257600.0,42217800.0,269.6663888407645,992.0,1320.0,3347389.0,1.4055049895821912
723,14.5,318.0,9.5,18700.0,398400.0,11650.0,181.29347681053102,992.0,1320.0,15.882075471698114,1.4045941884093762,255453.0,213927.0,33791.0,324582200.0,272671000.0,42227600.0,269.53984570102693,992.0,1320.0,3352724.0,1.4036833872365613
724,475.5,353.5,7.0,595600.0,442400.0,8550.0,171.46356000752795,991.5,1320.0,15.966053748231966,1.4031522449703717,256404.0,214302.0,33797.0,325773400.0,273142400.0,42234900.0,269.3810017993466,991.0,1320.0,3358677.0,1.4026211027041822
725,490.0,347.5,12.0,613150.0,434750.0,15000.0,182.67114352843905,991.0,1320.0,15.837410071942447,1.3997909546338472,256433.0,214622.0,33815.0,325808500.0,273540500.0,42257600.0,269.2884395221483,991.0,1320.0,3363731.0,1.3969608065635122
726,133.5,360.5,14.5,166650.0,451800.0,18800.0,187.25680940676565,991.0,1320.0,15.495145631067961,1.396848480420783,256671.0,215023.0,33826.0,326106700.0,274046000.0,42272500.0,269.13348967635443,991.0,1320.0,3369849.0,1.3967361542780539
727,490.0,385.5,9.0,611200.0,486500.0,11550.0,174.66870796100068,991.0,1320.0,15.730220492866406,1.3975409988720902,257413.0,215393.0,33833.0,327030900.0,274513500.0,42280700.0,268.9888922509893,991.0,1320.0,3375859.0,1.3983458434661262
728,371.0,366.0,12.5,462100.0,459550.0,15700.0,187.55850609617914,991.0,1320.0,16.329234972677597,1.4013439926110685,257413.0,215755.0,33851.0,327030900.0,274965100.0,42303900.0,268.8860907253265,991.0,1320.0,3381802.0,1.4043421417560107
729,404.0,369.5,13.0,505600.0,461450.0,15900.0,188.30386916597365,991.0,1320.0,16.166441136671178,1.4030000699745306,258221.0,216132.0,33859.0,328042100.0,275436400.0,42312500.0,268.74198719176684,991.0,1320.0,3387806.0,1.4016579981930506
730,490.0,372.5,14.0,611000.0,464300.0,17300.0,187.94702632772868,991.0,1320.0,16.05771812080537,1.4023693863022746,258393.0,216500.0,33879.0,328252900.0,275893700.0,42338500.0,268.6362059635078,991.0,1320.0,3393765.0,1.4030807744114986
731,132.0,361.5,15.5,162500.0,450450.0,20150.0,194.7575448335156,991.0,1320.0,16.219917012448132,1.3969148090684549,258485.0,216855.0,33890.0,328367100.0,276337300.0,42352800.0,268.51951308644806,991.0,1320.0,3399533.0,1.3907488437254112
732,490.0,369.0,11.5,614400.0,462850.0,14750.0,185.78087216918166,990.0,1320.0,16.107046070460704,1.3898520769821783,259373.0,217238.0,33902.0,329481700.0,276819400.0,42368000.0,268.38513919191655,989.0,1320.0,3405652.0,1.3889553102389451
733,444.0,350.5,18.0,557300.0,440050.0,23100.0,199.1501514395656,989.0,1320.0,15.995720399429386,1.3896584561461847,259373.0,217556.0,33926.0,329481700.0,277217400.0,42399000.0,268.3162173454661,989.0,1320.0,3410746.0,1.3903616020534244
734,46.0,367.0,18.5,58100.0,457400.0,23300.0,196.0229854864838,988.5,1320.0,15.666212534059946,1.3926199180655001,259465.0,217972.0,33939.0,329597900.0,277734200.0,42414600.0,268.1636672414783,988.0,1320.0,3417151.0,1.3948782340775758
735,490.0,401.0,15.5,614750.0,499550.0,19850.0,186.07080487085605,987.0,1320.0,15.644638403990024,1.3930592197926441,260353.0,218358.0,33957.0,330711200.0,278216500.0,42438700.0,268.0446899745556,986.0,1320.0,3423293.0,1.3912402055077122
736,444.0,384.5,21.0,556650.0,481200.0,27050.0,199.68040591512727,986.0,1320.0,15.82184655396619,1.3952212131761939,260353.0,218741.0,33981.0,330711200.0,278696600.0,42468700.0,267.9439003635029,986.0,1320.0,3429318.0,1.3992022208446753
737,373.0,336.0,18.5,468500.0,420200.0,23100.0,198.1338165397649,986.0,1320.0,15.665178571428571,1.3987353563302891,261099.0,219030.0,33994.0,331648200.0,279056900.0,42484900.0,267.848792315577,986.0,1320.0,3433820.0,1.398268491815903
738,490.0,305.0,15.5,616750.0,381700.0,19400.0,198.493559444795,986.0,1320.0,16.067213114754097,1.3991618394570915,261333.0,219351.0,34012.0,331944700.0,279460000.0,42507500.0,267.7681933007948,986.0,1320.0,3439119.0,1.40005518709828
739,117.0,320.0,15.5,148250.0,401100.0,19450.0,199.50110623846876,986.0,1320.0,16.4671875,1.3978120426975944,261333.0,219670.0,34025.0,331944700.0,279859100.0,42523800.0,267.66801895639463,986.0,1320.0,3444359.0,1.3955688982969086
740,490.0,338.0,19.0,609550.0,423500.0,24200.0,204.4430532966497,985.5,1320.0,16.337278106508876,1.392827999018613,262313.0,220027.0,34050.0,333163800.0,280307000.0,42555900.0,267.5902387832158,985.0,1320.0,3450163.0,1.3900870997403174
741,490.0,306.5,22.5,609550.0,382750.0,28800.0,218.49158465548246,985.0,1320.0,16.363784665579118,1.388203369481884,262313.0,220283.0,34070.0,333163800.0,280624600.0,42581400.0,267.5408016883856,985.0,1320.0,3454390.0,1.3863196392234505
742,223.0,328.0,19.0,278900.0,409300.0,23900.0,204.13528900611794,985.0,1320.0,16.10518292682927,1.3870441333785133,262759.0,220683.0,34088.0,333721600.0,281125600.0,42603700.0,267.4173865545662,985.0,1320.0,3460728.0,1.387768627533576
743,490.0,346.0,17.0,612650.0,432550.0,20900.0,194.47608391891401,984.5,1320.0,15.777456647398845,1.386410329460885,263293.0,220975.0,34104.0,334389100.0,281489700.0,42623200.0,267.3328465642845,984.0,1320.0,3465308.0,1.3850520313881938
744,267.0,325.0,15.5,333750.0,406150.0,19200.0,195.40315935091704,984.0,1320.0,16.10923076923077,1.3789210548934987,263293.0,221333.0,34119.0,334389100.0,281937900.0,42642100.0,267.22540650067964,984.0,1320.0,3471199.0,1.3727900783988038
745,490.0,346.5,15.5,611700.0,434700.0,19650.0,191.58124148047503,983.0,1320.0,15.945165945165945,1.3753364448178145,264273.0,221668.0,34135.0,335612500.0,282359100.0,42662500.0,267.11844656866134,982.0,1320.0,3476358.0,1.3778828112368253
746,490.0,334.5,21.5,611700.0,420550.0,26450.0,210.03625456456177,982.0,1320.0,16.162929745889386,1.3837901111736004,264273.0,222002.0,34162.0,335612500.0,282779000.0,42695000.0,267.0664510027241,982.0,1320.0,3482012.0,1.3896974111103755
747,197.0,371.5,23.5,245500.0,466150.0,28650.0,210.0173142175418,982.0,1320.0,16.261103633916555,1.3904504830474247,264667.0,222411.0,34182.0,336103500.0,283291400.0,42719800.0,266.9426432748961,982.0,1320.0,3488440.0,1.3912035549844737
748,490.0,349.0,17.5,613500.0,435650.0,21300.0,195.55439779740016,982.0,1320.0,16.030085959885387,1.3953067483043977,265253.0,222700.0,34197.0,336839500.0,283650300.0,42737600.0,266.8624068332736,982.0,1320.0,3493201.0,1.399409941624322
749,293.0,318.0,18.0,368000.0,396700.0,21200.0,201.5668990695442,982.0,1320.0,16.083333333333332,1.39720902648949,265253.0,223047.0,34218.0,336839500.0,284084800.0,42762200.0,266.77187577793364,982.0,1320.0,3498669.0,1.3950081113546582
750,490.0,343.5,16.5,615050.0,430250.0,20200.0,192.56124454115752,982.0,1320.0,15.653566229985444,1.394564219761194,266233.0,223387.0,34230.0,338069600.0,284510800.0,42778000.0,266.6547464814705,982.0,1320.0,3503955.0,1.3941203281677301
751,490.0,354.5,20.0,615050.0,443050.0,25350.0,200.83900783224627,982.0,1320.0,16.04231311706629,1.3965131131889303,266233.0,223756.0,34258.0,338069600.0,284970900.0,42812900.0,266.58047640390197,982.0,1320.0,3510043.0,1.3989058982101306
752,217.0,396.0,21.0,271300.0,494300.0,26600.0,199.33368349611462,982.0,1320.0,16.133838383838384,1.3952071288169354,266667.0,224179.0,34272.0,338612200.0,285499400.0,42831200.0,266.43750697947684,982.0,1320.0,3516733.0,1.3915083594237405
753,490.0,374.5,12.5,613050.0,464350.0,15550.0,180.96778599601552,981.0,1320.0,15.845126835781041,1.3909305744812221,267213.0,224505.0,34283.0,339295700.0,285899600.0,42844000.0,266.32442039521675,980.0,1320.0,3521911.0,1.390352789538704
754,273.0,367.0,26.0,341750.0,454200.0,31900.0,212.1109394419457,980.0,1320.0,16.147138964577657,1.3986651404385395,267213.0,224913.0,34324.0,339295700.0,286407800.0,42895000.0,266.27279020646733,980.0,1320.0,3528585.0,1.406977491338375
755,401.5,360.0,28.0,504850.0,450400.0,34650.0,215.97837748978856,979.5,1320.0,15.844444444444445,1.4062797593405167,268016.0,225225.0,34339.0,340305400.0,286800400.0,42913300.0,266.1739044172895,979.0,1320.0,3533319.0,1.4055820273426582
756,490.0,341.0,25.0,616450.0,428600.0,31100.0,213.2976721429541,979.0,1320.0,15.888563049853373,1.4058466906612999,268193.0,225595.0,34374.0,340528600.0,287265000.0,42957200.0,266.1236270892407,979.0,1320.0,3539421.0,1.4061113539799415
757,88.5,343.5,36.5,111600.0,431800.0,45450.0,239.49642044784275,979.0,1320.0,16.13245997088792,1.4072263956470923,268193.0,225912.0,34412.0,340528600.0,287664000.0,43004200.0,266.0960211340859,979.0,1320.0,3544402.0,1.408341437314243
758,490.0,306.0,35.0,614350.0,383200.0,44050.0,237.19319232329366,978.5,1320.0,15.359477124183007,1.404962031639906,269173.0,226207.0,34444.0,341757300.0,288031400.0,43045300.0,266.0479298676286,978.0,1320.0,3548821.0,1.4015826259655688
759,490.0,310.5,32.0,614350.0,386750.0,41100.0,228.9538441788926,978.0,1320.0,15.288244766505636,1.3963583950117164,269173.0,226533.0,34476.0,341757300.0,288437500.0,43086400.0,265.99854406925556,978.0,1320.0,3553896.0,1.391134164057864
760,408.0,338.0,24.0,512500.0,421000.0,31000.0,208.87182875464427,978.0,1320.0,15.562130177514794,1.3931238990419645,269989.0,226883.0,34492.0,342782300.0,288873400.0,43107300.0,265.88955398161863,978.0,1320.0,3559341.0,1.395113634026065
761,490.0,313.0,21.0,614950.0,392500.0,27150.0,205.75143457523876,978.0,1320.0,15.584664536741213,1.3964936060533288,270153.0,227159.0,34518.0,342987200.0,289222500.0,43140700.0,265.8447473307494,978.0,1320.0,3563652.0,1.3978735780805924
762,82.0,329.5,21.0,102450.0,416500.0,27050.0,204.3561013757253,978.0,1320.0,15.537177541729895,1.3973084691510254,270153.0,227542.0,34534.0,342987200.0,289706400.0,43161400.0,265.7249645103323,978.0,1320.0,3569580.0,1.396743360221458
763,304.0,378.0,15.0,379300.0,476200.0,18700.0,181.84266876966245,978.0,1320.0,15.203703703703704,1.3979435672059806,270761.0,227915.0,34548.0,343745800.0,290174900.0,43178100.0,265.59318564872484,978.0,1320.0,3575146.0,1.399143774190503
764,490.0,349.0,21.5,613000.0,437800.0,26650.0,204.76150839210072,977.0,1320.0,15.843839541547277,1.3948712311107103,271133.0,228240.0,34577.0,344213200.0,290582000.0,43214700.0,265.5530809526335,976.0,1320.0,3580639.0,1.3905986880309178
765,186.0,346.5,22.5,233700.0,432500.0,27900.0,209.94783426113764,976.0,1320.0,16.17027417027417,1.3903858963007751,271133.0,228608.0,34593.0,344213200.0,291039900.0,43233900.0,265.4371593823963,976.0,1320.0,3586352.0,1.3901731045706323
766,356.0,345.0,18.0,443150.0,430650.0,22050.0,199.2563029641177,976.0,1320.0,16.120289855072464,1.388263807032657,271845.0,228930.0,34614.0,345099500.0,291443300.0,43259900.0,265.37323237364626,976.0,1320.0,3591762.0,1.3863545094946816
767,490.0,355.0,23.5,610100.0,443650.0,29550.0,214.58231697398298,975.5,1320.0,16.62676056338028,1.3936765095908579,272113.0,229318.0,34640.0,345433400.0,291927200.0,43293000.0,265.291313771719,975.0,1320.0,3598157.0,1.400998509687034
768,134.0,351.5,21.5,166950.0,437200.0,26850.0,206.96914048139013,975.0,1320.0,16.34850640113798,1.4012873620013453,272113.0,229633.0,34657.0,345433400.0,292317700.0,43313600.0,265.2083776589327,975.0,1320.0,3603255.0,1.4015762143156565
769,490.0,316.0,20.5,615850.0,396800.0,24700.0,209.23414137332685,975.0,1320.0,16.06645569620253,1.4005590814095055,273093.0,229950.0,34681.0,346665100.0,292720800.0,43342400.0,265.1487511958144,975.0,1320.0,3608311.0,1.3995419485033544
770,490.0,376.0,27.0,615850.0,474950.0,33000.0,214.07511863639346,975.0,1320.0,15.793882978723405,1.3983257237415887,273093.0,230385.0,34711.0,346665100.0,293267600.0,43379600.0,265.05291168897475,975.0,1320.0,3615132.0,1.3971094989798232
771,490.0,439.5,23.5,612500.0,553100.0,29500.0,201.85907804444807,975.0,1320.0,16.094425483503983,1.396191856740239,274073.0,230829.0,34728.0,347890100.0,293827000.0,43401400.0,264.9280594522793,975.0,1320.0,3622458.0,1.3952742145006547
772,594.5,527.5,26.5,745550.0,659500.0,33300.0,199.0037007976525,975.0,1320.0,16.23791469194313,1.401041219618326,274282.0,231440.0,34764.0,348156200.0,294586600.0,43446200.0,264.7780002463683,975.0,1320.0,3632263.0,1.4068082247359974
773,490.0,653.0,32.5,611100.0,813150.0,40800.0,203.1905798485812,975.5,1320.0,16.660796324655436,1.405301290085264,275053.0,232135.0,34793.0,349112300.0,295453300.0,43483000.0,264.6109623903873,976.0,1320.0,3644217.0,1.4037943554345302
774,875.5,713.0,31.0,1088950.0,891700.0,39450.0,203.79150613532144,976.0,1320.0,17.225806451612904,1.400917464361314,276033.0,232866.0,34826.0,350334100.0,296370000.0,43525100.0,264.4389990687572,976.0,1320.0,3656827.0,1.3980405732880976
775,594.5,707.0,30.5,741550.0,886900.0,38450.0,197.53755325868252,976.0,1320.0,16.657001414427157,1.4057999115156679,276242.0,233549.0,34854.0,350595400.0,297227100.0,43559900.0,264.2423626412446,976.0,1320.0,3667770.0,1.4135592497432383
776,490.0,677.5,29.0,611700.0,845550.0,36050.0,194.8890936037004,976.0,1320.0,16.309963099630995,1.4183536076495065,277013.0,234221.0,34884.0,351557500.0,298061100.0,43597200.0,264.0738106983364,976.0,1320.0,3678927.0,1.4231479655557748
777,875.5,685.5,23.0,1098000.0,855250.0,29050.0,189.2190399089525,975.5,1320.0,16.442013129102843,1.4149769838496988,277993.0,234920.0,34900.0,352791400.0,298937600.0,43618000.0,263.84836646486144,975.0,1320.0,3690312.0,1.4068060021436226
778,740.5,704.0,20.0,932200.0,882950.0,25700.0,184.15989529003875,975.0,1320.0,16.353693181818183,1.399253218532297,278494.0,235629.0,34924.0,353421900.0,299827000.0,43648600.0,263.6461113214633,975.0,1320.0,3701953.0,1.3917004349209716
779,490.0,700.0,27.5,612400.0,879900.0,33900.0,193.44129257066442,974.5,1320.0,16.385714285714286,1.3938500366239879,278973.0,236320.0,34955.0,354016200.0,300697400.0,43685800.0,263.4707338318661,974.0,1320.0,3713252.0,1.3959996383270041
780,729.5,695.5,21.5,911450.0,872600.0,26250.0,184.78459921385647,974.0,1320.0,16.20416966211359,1.395534948917883,279953.0,237020.0,34967.0,355244800.0,301572200.0,43701100.0,263.2303289187668,974.0,1320.0,3724493.0,1.395070259508762
781,740.5,704.0,14.5,927800.0,879500.0,18000.0,178.04588262289874,974.0,1320.0,16.415482954545453,1.398218054085079,280454.0,237728.0,34984.0,355871800.0,302456400.0,43721800.0,263.0206050836358,974.0,1320.0,3736365.0,1.4013658486613962
782,490.0,686.5,22.5,613800.0,857000.0,27800.0,188.35999033208688,974.0,1320.0,16.472687545520756,1.403974485829761,280933.0,238393.0,35012.0,356472400.0,303286200.0,43756700.0,262.8420180242472,974.0,1320.0,3747110.0,1.4065831229981256
783,729.5,677.0,21.0,910500.0,847650.0,26300.0,185.4074396422646,973.5,1320.0,16.302067946824224,1.4109179709423327,281913.0,239082.0,35026.0,357692800.0,304151700.0,43774400.0,262.6253303052411,973.0,1320.0,3758438.0,1.4152528188865396
784,980.0,683.0,13.5,1224450.0,859250.0,16950.0,173.98762853684968,973.0,1320.0,16.010248901903367,1.4101864253811123,282893.0,239759.0,35039.0,358921300.0,305004700.0,43790600.0,262.391599300109,973.0,1320.0,3768980.0,1.405120031875685
785,740.5,717.5,14.0,927100.0,897800.0,17600.0,174.3277266223982,973.0,1320.0,16.10383275261324,1.404773401833394,283394.0,240517.0,35054.0,359547000.0,305947300.0,43809600.0,262.1565603904547,973.0,1320.0,3781547.0,1.404426771791103
786,490.0,700.0,17.0,614150.0,873300.0,21800.0,180.0481861055949,972.5,1320.0,16.305714285714284,1.4076957249477808,283873.0,241159.0,35073.0,360149600.0,306751300.0,43834200.0,261.9641308876126,972.0,1320.0,3791808.0,1.4109646781044587
787,729.5,657.0,15.0,911250.0,823200.0,19050.0,176.7758720934534,972.0,1320.0,15.942922374429223,1.4170872301166224,284853.0,241831.0,35084.0,361369500.0,307593700.0,43847700.0,261.7421673634555,972.0,1320.0,3802496.0,1.4232097821287861
788,920.0,651.0,10.5,1147200.0,814400.0,13050.0,172.81668219318635,971.5,1320.0,16.15514592933948,1.4188955209443237,285713.0,242462.0,35094.0,362444000.0,308381400.0,43860300.0,261.5384415564883,971.0,1320.0,3812846.0,1.414581259759861
789,740.5,634.0,10.5,924650.0,791850.0,13750.0,170.7009669678454,971.0,1320.0,15.926656151419559,1.4173655520558395,286334.0,243099.0,35105.0,363218800.0,309177400.0,43875200.0,261.3203470182775,971.0,1320.0,3822691.0,1.4201498443518177
790,550.0,670.0,15.5,686700.0,834650.0,20200.0,173.33952014273873,971.5,1320.0,15.72910447761194,1.4127540593827255,286813.0,243802.0,35125.0,363817400.0,310050700.0,43900700.0,261.10492052317704,972.0,1320.0,3833923.0,1.4053582744136333
791,729.5,726.0,15.0,906000.0,905450.0,19150.0,172.34839532933495,972.0,1320.0,15.823002754820937,1.4100649391659466,287793.0,244551.0,35135.0,365030800.0,310988300.0,43913500.0,260.84890249691045,972.0,1320.0,3845666.0,1.41477160391826
792,740.5,731.0,11.0,917200.0,917450.0,13850.0,170.90489269633497,972.0,1320.0,15.956908344733241,1.418197718965223,288294.0,245264.0,35147.0,365651800.0,311885600.0,43928400.0,260.62756107117553,972.0,1320.0,3857252.0,1.4216238340121863
793,490.0,674.0,18.0,612650.0,842900.0,22300.0,181.63169551200727,972.5,1320.0,16.141691394658753,1.417768425702354,288773.0,245899.0,35171.0,366256100.0,312674100.0,43958100.0,260.4588337792701,973.0,1320.0,3867425.0,1.4139130173925216
794,729.5,629.0,17.5,918250.0,785250.0,21150.0,178.2500876320804,973.5,1320.0,15.774244833068362,1.4105776037001214,289753.0,246522.0,35182.0,367488300.0,313456100.0,43970700.0,260.2494547143023,974.0,1320.0,3877096.0,1.407242190007721
795,980.0,677.0,17.5,1227600.0,842900.0,20400.0,178.70929258010037,974.0,1320.0,16.064992614475628,1.4057266415189713,290733.0,247253.0,35206.0,368711300.0,314359900.0,43998900.0,260.0568281334042,974.0,1320.0,3889177.0,1.4042110930302218
796,740.5,715.5,21.5,926600.0,888900.0,25750.0,183.61904583582134,974.0,1320.0,16.277428371767993,1.4061230749924123,291234.0,247953.0,35225.0,369341500.0,315233900.0,44022200.0,259.8505776027792,974.0,1320.0,3900389.0,1.4080350569546025
797,490.0,680.0,34.5,614150.0,850300.0,42750.0,200.02110619047977,976.5,1320.0,16.215441176470588,1.4084512637520366,291713.0,248613.0,35275.0,369939600.0,316060500.0,44084400.0,259.75462780561185,979.0,1320.0,3911230.0,1.4088674705494704
