Time,Current_Generated_Packets_Number,Current_Arrived_Packets_Number,Current_Lost_Packets_Number,Current_Generated_Packets_Byte,Current_Arrived_Packets_Byte,Current_Lost_Packets_Byte,Current_Latency,Current_Covered_Users_Number,Current_Operational_Satellite_Number,Current_Hop_Count,Current_Load_Deviation,Total_Generated_Packets_Number,Total_Arrived_Packets_Number,Total_Lost_Packets_Number,Total_Generated_Packets_Byte,Total_Arrived_Packets_Byte,Total_Lost_Packets_Byte,Total_Latency,Total_Covered_Users_Number,Total_Operational_Satellite_Number,Total_Hop_Count,Total_Load_Deviation
0,0.0,0.0,0.0,0.0,0.0,0.0,0.0,0.0,1320.0,0.0,0.0,0.0,0.0,0.0,0.0,0.0,0.0,0.0,0.0,1320.0,0.0,0.0
1,490.0,0.0,0.0,610300.0,0.0,0.0,0.0,498.0,1320.0,0.0,0.7007826873445533,980.0,0.0,0.0,1220600.0,0.0,0.0,0.0,996.0,1320.0,0.0,1.4015653746891066
2,1122.5,257.5,6.5,1397950.0,320700.0,7500.0,131.16870119510796,996.0,1320.0,11.285436893203883,1.5189114728973485,2245.0,515.0,13.0,2795900.0,641400.0,15000.0,131.16870119510796,996.0,1320.0,5812.0,1.6362575711055907
3,980.0,289.5,7.5,1219050.0,361450.0,8900.0,127.73408091181065,996.0,1320.0,10.796200345423143,1.58325699324226,2940.0,579.0,15.0,3658700.0,722900.0,17800.0,127.73408091181076,996.0,1320.0,6251.0,1.5302564153789295
4,837.0,87.0,4.0,1044350.0,109850.0,5400.0,113.92857706299897,996.0,1320.0,6.913793103448276,1.4954663672411073,3920.0,689.0,21.0,4886000.0,861100.0,25800.0,126.7494017696942,996.0,1320.0,7015.0,1.4606763191032852
5,490.0,158.5,11.5,613650.0,199350.0,14500.0,145.85855614543067,996.0,1320.0,8.066246056782335,1.463816900273629,3920.0,896.0,38.0,4886000.0,1121600.0,46800.0,134.33185562212216,996.0,1320.0,8808.0,1.4669574814439728
6,490.0,203.5,12.0,609600.0,254500.0,14600.0,136.63922236233222,995.5,1320.0,8.277641277641278,1.4629006859694014,4900.0,1096.0,45.0,6105200.0,1370100.0,55000.0,130.4851709856689,995.0,1320.0,10384.0,1.45884389049483
7,490.0,230.5,12.0,609600.0,286050.0,14800.0,138.15089828056966,995.0,1320.0,8.865509761388287,1.4508801692795266,4900.0,1357.0,62.0,6105200.0,1693700.0,76400.0,135.63716618543947,995.0,1320.0,12895.0,1.4429164480642234
8,460.5,256.0,12.0,575650.0,317050.0,14850.0,146.56175667001799,995.0,1320.0,10.166015625,1.4356853415161837,5821.0,1608.0,69.0,7256500.0,2004200.0,84700.0,135.62354303504952,995.0,1320.0,15589.0,1.428454234968144
9,490.0,281.0,10.5,612700.0,349050.0,12700.0,145.98436248570246,995.0,1320.0,11.080071174377224,1.4239960062693293,5880.0,1921.0,83.0,7330600.0,2394100.0,101800.0,138.6000144992199,995.0,1320.0,19138.0,1.4195377775705147
10,392.5,294.0,10.0,491500.0,367500.0,12650.0,148.11093178268507,995.0,1320.0,11.763605442176871,1.4186672358746715,6606.0,2196.0,89.0,8239500.0,2739200.0,110000.0,138.94622678059127,995.0,1320.0,22506.0,1.4177966941788285
11,490.0,334.0,22.5,614950.0,416450.0,28900.0,183.26230262450764,994.5,1320.0,12.863772455089821,1.4125657690529256,6860.0,2589.0,128.0,8560500.0,3227000.0,159600.0,150.32037203817097,994.0,1320.0,27731.0,1.4073348439270228
12,268.0,355.5,24.0,337000.0,441900.0,30100.0,185.34903317233628,994.0,1320.0,13.251758087201125,1.404945115656917,7142.0,2907.0,137.0,8913500.0,3623000.0,170200.0,150.51644033227797,994.0,1320.0,31928.0,1.4025553873868113
13,490.0,382.0,13.5,609750.0,475700.0,16200.0,166.6060135273311,994.0,1320.0,13.962041884816754,1.4025834730404267,7840.0,3353.0,155.0,9780000.0,4178400.0,192000.0,153.99253350280188,994.0,1320.0,38398.0,1.4026115586940424
14,349.0,395.0,21.5,433250.0,494250.0,25500.0,188.3661373682151,994.0,1320.0,14.69620253164557,1.4046284926271109,7840.0,3697.0,180.0,9780000.0,4611500.0,221200.0,158.64870693814206,994.0,1320.0,43538.0,1.406645426560179
15,141.0,404.5,20.5,175150.0,505900.0,24500.0,191.4906498758178,994.0,1320.0,15.330037082818293,1.4057911505888274,8122.0,4162.0,196.0,10130300.0,5190200.0,241000.0,161.3063010376949,994.0,1320.0,50800.0,1.4049368746174757
16,490.0,413.0,21.5,612200.0,513850.0,26750.0,196.1669092756671,994.0,1320.0,15.668280871670703,1.4063898030812765,8820.0,4523.0,223.0,11004400.0,5639200.0,274700.0,165.51834828481492,994.0,1320.0,56480.0,1.4078427315450772
17,460.5,371.0,21.5,572350.0,462100.0,27100.0,203.08833611271757,994.0,1320.0,15.978436657681941,1.4019123613140203,9043.0,4904.0,239.0,11275000.0,6114400.0,295200.0,167.68368729744464,994.0,1320.0,62656.0,1.3959819910829632
18,490.0,357.0,24.0,605950.0,445150.0,30100.0,211.71420896130664,994.0,1320.0,16.289915966386555,1.4031427458432577,9800.0,5237.0,271.0,12216300.0,6529500.0,334900.0,171.90927890127952,994.0,1320.0,68111.0,1.4103035006035525
19,484.0,360.0,21.0,605050.0,448100.0,26000.0,201.86547664054137,994.0,1320.0,15.977777777777778,1.4143978873763805,10011.0,5624.0,281.0,12485100.0,7010600.0,347200.0,172.0946142202962,994.0,1320.0,74160.0,1.4184922741492083
20,490.0,347.5,14.5,614600.0,433650.0,17950.0,187.8796561828503,994.0,1320.0,15.82589928057554,1.4169877239024566,10780.0,5932.0,300.0,13445500.0,7396800.0,370800.0,173.76463081909972,994.0,1320.0,79110.0,1.415483173655705
21,384.5,340.0,18.0,480200.0,424500.0,22350.0,198.06915026540355,994.0,1320.0,16.060294117647057,1.4110621308722884,10780.0,6304.0,317.0,13445500.0,7859600.0,391900.0,174.90352039886392,994.0,1320.0,85081.0,1.406641088088872
22,188.0,398.0,14.0,235550.0,494700.0,17400.0,186.7027584580806,994.0,1320.0,16.100502512562816,1.4031305390361655,11156.0,6728.0,328.0,13916600.0,8386200.0,405600.0,175.27554595154302,994.0,1320.0,91926.0,1.3996199899834587
23,490.0,384.0,12.5,613050.0,478350.0,15250.0,187.7858036920304,994.0,1320.0,16.421875,1.4010585229466286,11760.0,7072.0,342.0,14671600.0,8816300.0,422400.0,176.28140691781184,994.0,1320.0,97693.0,1.4024970559097987
24,302.0,367.0,18.0,377500.0,459900.0,21850.0,196.96284973130457,994.0,1320.0,16.256130790190735,1.4046265195482566,11760.0,7462.0,364.0,14671600.0,9306000.0,449300.0,177.40935938246758,994.0,1320.0,103858.0,1.4067559831867145
25,490.0,446.5,25.0,609450.0,557850.0,30750.0,200.76568294831466,994.0,1320.0,16.007838745800672,1.4045953227183094,12740.0,7965.0,392.0,15890500.0,9932000.0,483900.0,179.04420125749886,994.0,1320.0,111988.0,1.4024346622499047
26,490.0,593.0,21.0,609450.0,737650.0,26350.0,188.12242196993847,994.0,1320.0,16.04806070826307,1.4020223108534733,12740.0,8648.0,406.0,15890500.0,10781300.0,502000.0,178.8623791369868,994.0,1320.0,122891.0,1.4016099594570417
27,490.0,697.0,19.0,610950.0,868900.0,23950.0,178.91753734515774,994.0,1320.0,15.842898134863702,1.4040160616005122,13720.0,9359.0,430.0,17112400.0,11669800.0,531800.0,179.025672018305,994.0,1320.0,134073.0,1.4064221637439829
28,980.0,686.5,23.0,1218850.0,858800.0,28850.0,184.65213591588102,994.0,1320.0,16.04734158776402,1.4109517767251225,14700.0,10021.0,452.0,18328200.0,12498900.0,559700.0,179.64684059686,994.0,1320.0,144924.0,1.4154813897062621
29,980.0,668.0,17.0,1222900.0,834600.0,21350.0,176.35313913942522,994.0,1320.0,15.85179640718563,1.4191409353185498,15680.0,10695.0,464.0,19558200.0,13339000.0,574500.0,178.697562864791,994.0,1320.0,155251.0,1.4228004809308374
30,490.0,718.5,16.0,615000.0,895200.0,20300.0,171.7322956635623,994.0,1320.0,15.614474599860822,1.4245157652454719,15680.0,11458.0,484.0,19558200.0,14289300.0,600300.0,178.67326276173932,994.0,1320.0,167362.0,1.426231049560106
31,490.0,763.5,19.0,616300.0,952350.0,23850.0,181.93814566239593,994.0,1320.0,16.371971185330715,1.4275546450277368,16660.0,12222.0,502.0,20790800.0,15243700.0,622200.0,179.09614130539572,994.0,1320.0,180251.0,1.4288782404953677
32,980.0,751.0,14.0,1229550.0,938600.0,17100.0,178.2745337467583,994.0,1320.0,16.49733688415446,1.4267899882494937,17640.0,12960.0,512.0,22017300.0,16166500.0,634500.0,178.62797955264452,994.0,1320.0,192141.0,1.4247017360036196
33,490.0,710.0,12.0,613250.0,888000.0,15100.0,172.59189938341018,994.0,1320.0,15.986619718309859,1.4196973665849653,17640.0,13642.0,526.0,22017300.0,17019700.0,652400.0,178.4332301439503,994.0,1320.0,202952.0,1.4146929971663111
34,490.0,631.5,19.5,609900.0,789750.0,24400.0,186.00275345578814,994.0,1320.0,16.29057798891528,1.4161185465719939,18620.0,14223.0,551.0,23237100.0,17746000.0,683300.0,179.27790209372262,994.0,1320.0,212716.0,1.4175440959776766
35,980.0,648.5,20.0,1225550.0,810650.0,24450.0,185.60869402008007,994.0,1320.0,16.33538936006168,1.4175876622190424,19600.0,14939.0,566.0,24468400.0,18641000.0,701300.0,179.05197217570722,994.0,1320.0,224139.0,1.4176312284604082
36,980.0,711.0,15.5,1229300.0,890600.0,19200.0,174.07584804799907,994.0,1320.0,15.881856540084389,1.4257696378102835,20580.0,15645.0,582.0,25695700.0,19527200.0,721700.0,178.8120991401004,994.0,1320.0,235300.0,1.4339080471601586
37,554.5,671.0,17.0,695550.0,841050.0,21400.0,175.2537617918082,994.0,1320.0,15.629657228017884,1.4323269131940792,20709.0,16281.0,600.0,25859500.0,20323100.0,744100.0,178.74237336709163,994.0,1320.0,245114.0,1.4307457792279998
38,490.0,639.5,19.0,612650.0,798100.0,24000.0,180.01818477468265,994.0,1320.0,15.760750586395622,1.4274213577185988,21560.0,16924.0,620.0,26921000.0,21123400.0,769700.0,178.9026380582919,994.0,1320.0,255458.0,1.4240969362091978
39,915.5,678.5,20.0,1144950.0,843750.0,25100.0,178.72263503315602,994.0,1320.0,15.778187177597642,1.42184156594671,22540.0,17638.0,640.0,28149400.0,22010600.0,794300.0,178.74086475277343,994.0,1320.0,266525.0,1.4195861956842224
40,716.0,709.5,24.0,897000.0,886750.0,30200.0,181.9970331645833,994.0,1320.0,15.692741367159972,1.4160794601388789,22992.0,18343.0,668.0,28715000.0,22896900.0,830100.0,179.14141969107965,994.0,1320.0,277726.0,1.4125727245935356
41,490.0,688.5,26.5,614900.0,864000.0,33400.0,189.69172957263865,994.0,1320.0,16.050835148874363,1.4167660970504135,23520.0,19015.0,693.0,29379200.0,23738600.0,861100.0,179.53545256951864,994.0,1320.0,288627.0,1.4209594695072914
42,754.0,637.0,25.5,946150.0,799900.0,31600.0,193.02848446831337,993.5,1320.0,16.31397174254317,1.4184392690678211,24500.0,19617.0,719.0,30607300.0,24496700.0,893300.0,180.04623680505648,993.0,1320.0,298510.0,1.4159190686283507
43,980.0,601.5,23.0,1226200.0,755550.0,28600.0,190.67206436317426,992.5,1320.0,16.316708229426435,1.4062486428229413,25480.0,20218.0,739.0,31831600.0,25249700.0,918300.0,180.19917486423032,992.0,1320.0,308256.0,1.396578217017532
44,716.0,666.5,23.0,899050.0,836500.0,27950.0,184.8845316448897,992.0,1320.0,15.944486121530383,1.399754462479508,25932.0,20950.0,765.0,32405400.0,26169700.0,949200.0,180.35349025125154,992.0,1320.0,319764.0,1.402930707941484
45,490.0,704.5,25.0,616100.0,882700.0,30200.0,183.32289596266045,992.0,1320.0,15.721788502484031,1.4025271955221834,26460.0,21628.0,789.0,33063800.0,27016300.0,978700.0,180.40683015746137,992.0,1320.0,330438.0,1.402123683102883
46,754.0,720.5,27.0,943900.0,902100.0,33250.0,186.51410032959794,992.0,1320.0,15.907702984038862,1.4022136166338992,27440.0,22391.0,819.0,34293200.0,27973900.0,1015700.0,180.75030679873632,992.0,1320.0,342687.0,1.4023035501649157
47,716.0,741.0,29.5,901450.0,931300.0,36450.0,191.77881191143112,992.0,1320.0,16.13157894736842,1.4032797615616774,27892.0,23110.0,848.0,34866700.0,28878900.0,1051600.0,181.13828620065624,992.0,1320.0,354345.0,1.4042559729584392
48,490.0,678.0,25.0,616800.0,849250.0,31750.0,187.9155610132174,992.0,1320.0,15.963126843657816,1.405682318947957,28420.0,23747.0,869.0,35526800.0,29672400.0,1079200.0,181.15956693139657,992.0,1320.0,364333.0,1.4071086649374749
49,754.0,632.5,21.0,940000.0,791650.0,26150.0,183.63545192027803,992.0,1320.0,15.845059288537549,1.4132674685719149,29400.0,24375.0,890.0,36746700.0,30462200.0,1103900.0,181.26746869009045,992.0,1320.0,374389.0,1.419426272206355
50,980.0,672.0,22.5,1221600.0,845200.0,27650.0,187.2588830337833,992.0,1320.0,16.227678571428573,1.415361706196827,30380.0,25091.0,914.0,37970000.0,31362800.0,1134500.0,181.48534851440877,992.0,1320.0,386143.0,1.4112971401872991
51,716.0,722.5,25.0,896250.0,905850.0,31700.0,184.19069318214625,992.0,1320.0,15.937716262975778,1.4100059472414934,30832.0,25824.0,940.0,38539200.0,32279200.0,1167300.0,181.4405279534233,992.0,1320.0,397518.0,1.4087147542956877
52,490.0,713.5,28.0,614250.0,885800.0,36400.0,186.2824914260554,992.0,1320.0,15.726699369306237,1.4149972424393615,31360.0,26518.0,970.0,39198500.0,33134400.0,1207300.0,181.74415828368856,992.0,1320.0,408585.0,1.4212797305830351
53,754.0,666.5,24.0,943250.0,829000.0,31900.0,186.1932974430638,992.0,1320.0,15.83270817704426,1.420730825370209,32340.0,27157.0,988.0,40425700.0,33937200.0,1231100.0,181.67373366190373,992.0,1320.0,418623.0,1.4201819201573824
54,980.0,638.5,20.0,1223000.0,801850.0,25500.0,182.98296195904908,992.0,1320.0,15.882537196554425,1.4107979395263754,33320.0,27795.0,1010.0,41644500.0,34738100.0,1258300.0,181.80079791015808,992.0,1320.0,428867.0,1.4014139588953682
55,716.0,652.5,30.0,890750.0,815700.0,37800.0,195.35976461785577,992.0,1320.0,16.11647509578544,1.4102908646199146,33772.0,28462.0,1048.0,42207200.0,35568600.0,1306700.0,182.30678795722332,992.0,1320.0,439655.0,1.419167770344461
56,490.0,683.5,33.5,610050.0,856500.0,41850.0,200.255454267098,992.0,1320.0,16.39502560351134,1.4074970608688728,34300.0,29162.0,1077.0,42864600.0,36451100.0,1342000.0,182.67595837233802,992.0,1320.0,451279.0,1.395826351393285
57,754.0,695.5,26.0,937850.0,875350.0,31750.0,192.6507768358843,991.0,1320.0,16.440690150970525,1.3970549154041125,35280.0,29853.0,1100.0,44082900.0,37319300.0,1370200.0,182.7890150742046,990.0,1320.0,462524.0,1.3982834794149401
58,865.5,694.0,20.5,1078500.0,868350.0,25300.0,182.66308032732564,990.0,1320.0,16.11743515850144,1.396294730788518,36031.0,30550.0,1118.0,45021600.0,38187800.0,1392600.0,182.67537725808015,990.0,1320.0,473650.0,1.394305982162096
59,636.5,667.5,25.0,797150.0,836950.0,31300.0,187.93884641093396,990.0,1320.0,15.96629213483146,1.394660751700326,36553.0,31188.0,1150.0,45677200.0,38993200.0,1432800.0,183.0095765313563,990.0,1320.0,483839.0,1.3950155212385558
60,604.0,681.5,28.0,755300.0,854100.0,35200.0,189.61519004103087,989.5,1320.0,15.740278796771827,1.3953847128724992,37240.0,31913.0,1174.0,46533500.0,39896000.0,1463000.0,182.97300455396737,989.0,1320.0,495104.0,1.3957539045064429
61,833.5,708.5,23.0,1039950.0,881700.0,29100.0,183.10729120627062,989.0,1320.0,15.86803105151729,1.392773551437862,38220.0,32605.0,1196.0,47757100.0,40756600.0,1491000.0,183.01380589052948,989.0,1320.0,506324.0,1.3897931983692813
62,716.0,693.0,23.5,891050.0,862300.0,28850.0,183.8223928930064,989.0,1320.0,15.941558441558442,1.395886334107809,38672.0,33300.0,1221.0,48315600.0,41622000.0,1520700.0,183.00334610962074,989.0,1320.0,517200.0,1.4019794698463368
63,490.0,687.5,28.5,608200.0,854100.0,34900.0,189.15831960213495,989.0,1320.0,15.836363636363636,1.4092030054665683,39200.0,33980.0,1253.0,48973500.0,42464800.0,1560800.0,183.26354175278937,989.0,1320.0,528099.0,1.4164265410867996
64,754.0,662.5,30.5,941900.0,822600.0,38100.0,191.78898562658944,988.5,1320.0,15.769056603773585,1.41248088978824,40180.0,34625.0,1282.0,50199400.0,43267200.0,1596900.0,183.34246929926368,988.0,1320.0,538094.0,1.4085352384896803
65,980.0,669.5,26.5,1224600.0,832350.0,33150.0,185.04868663870616,988.0,1320.0,15.607169529499627,1.403083311794816,41160.0,35319.0,1306.0,51422700.0,44129500.0,1627100.0,183.33138944374332,988.0,1320.0,548997.0,1.3976313850999518
66,716.0,727.0,28.5,890450.0,903050.0,35050.0,188.68230307206883,988.0,1320.0,15.947042640990372,1.3960665723199899,41612.0,36079.0,1339.0,51980300.0,45073300.0,1667000.0,183.5581005150074,988.0,1320.0,561281.0,1.3945017595400282
67,490.0,701.5,26.0,604000.0,875550.0,32150.0,185.8465555651577,988.0,1320.0,15.828225231646472,1.3984776539059705,42140.0,36722.0,1358.0,52630700.0,45880600.0,1691400.0,183.4274915106198,988.0,1320.0,571204.0,1.402453548271913
68,754.0,673.0,19.0,937500.0,844250.0,24400.0,181.6486000575249,988.0,1320.0,16.070579494799407,1.4026937721688353,43120.0,37425.0,1377.0,53855300.0,46761800.0,1715800.0,183.48999194758434,988.0,1320.0,582912.0,1.4029339960657576
69,980.0,672.0,15.0,1224900.0,840650.0,18900.0,179.03211830315115,988.0,1320.0,16.232142857142858,1.4046493746771211,44100.0,38066.0,1388.0,55080500.0,47561900.0,1729200.0,183.27442102886718,988.0,1320.0,593020.0,1.4063647532884846
70,716.0,651.5,17.5,892400.0,809800.0,21750.0,177.0419245230752,988.0,1320.0,15.773599386032233,1.4087300101879987,44552.0,38728.0,1412.0,55640100.0,48381400.0,1759300.0,183.2750563667669,988.0,1320.0,603465.0,1.4110952670875125
71,490.0,628.0,26.0,610050.0,781450.0,32450.0,191.7744453125453,988.0,1320.0,16.02547770700637,1.4023811632113392,45080.0,39322.0,1440.0,56300600.0,49124800.0,1794100.0,183.5471758437204,988.0,1320.0,613148.0,1.3936670593351657
72,754.0,679.0,26.5,945850.0,846800.0,32700.0,188.47463240004345,988.0,1320.0,15.771723122238587,1.3988326408167706,46060.0,40086.0,1465.0,57531800.0,50075000.0,1824700.0,183.45162496398373,988.0,1320.0,624883.0,1.4039982222983756
73,716.0,733.5,21.0,898500.0,915850.0,25500.0,178.87177169593824,988.0,1320.0,15.710293115201091,1.400009191994717,46512.0,40789.0,1482.0,58097600.0,50956500.0,1845100.0,183.38027217787385,988.0,1320.0,636195.0,1.3960201616910586
74,490.0,641.5,18.5,612000.0,803850.0,22900.0,181.31000475068453,988.0,1320.0,15.969602494154326,1.3934573196330686,47040.0,41369.0,1502.0,58755800.0,51682700.0,1870500.0,183.38568438220227,988.0,1320.0,645372.0,1.3908944775750784
75,754.0,596.5,20.0,942200.0,745350.0,25400.0,183.26706415743035,988.0,1320.0,15.89270746018441,1.3922754957820365,48020.0,41982.0,1522.0,59982000.0,52447200.0,1895900.0,183.3770636110936,988.0,1320.0,655155.0,1.3936565139889947
76,980.0,604.5,20.0,1219800.0,753600.0,24650.0,180.79963337981303,988.0,1320.0,15.69727047146402,1.3943629626625857,49000.0,42578.0,1542.0,61195400.0,53189900.0,1919800.0,183.31247545876667,988.0,1320.0,664350.0,1.395069411336177
77,980.0,666.5,19.5,1216250.0,831150.0,24200.0,179.0628322584717,988.0,1320.0,15.833458364591149,1.3972227176987038,49980.0,43315.0,1561.0,62414500.0,54109500.0,1944300.0,183.2451640341305,988.0,1320.0,676261.0,1.3993760240612305
78,490.0,708.5,21.0,609550.0,883400.0,26150.0,180.6561525915934,988.0,1320.0,16.00988002822865,1.3998079615255647,49980.0,43995.0,1584.0,62414500.0,54956700.0,1972100.0,183.22744561907732,988.0,1320.0,687036.0,1.400239898989899
79,490.0,675.5,24.0,609700.0,840750.0,28950.0,182.9341282360405,988.0,1320.0,15.806069578090304,1.396839059350525,50960.0,44666.0,1609.0,63633900.0,55791000.0,2002200.0,183.23576070443798,988.0,1320.0,697615.0,1.3934382197111512
80,980.0,702.5,18.0,1220300.0,874750.0,22600.0,176.58807279140905,988.0,1320.0,15.851245551601423,1.390542464599508,51940.0,45400.0,1620.0,64855100.0,56706200.0,2017300.0,183.02397185802542,988.0,1320.0,709307.0,1.3876467094878646
81,490.0,764.5,13.5,610600.0,952650.0,17900.0,170.84115164224693,988.0,1320.0,15.776978417266188,1.389609370421121,51940.0,46195.0,1636.0,64855100.0,57696300.0,2038000.0,182.8325491533363,988.0,1320.0,721738.0,1.3915720313543771
82,490.0,715.0,16.5,611800.0,890700.0,20900.0,173.33423069493415,988.0,1320.0,15.605594405594406,1.3966325580146153,52920.0,46830.0,1653.0,66078700.0,58487600.0,2059100.0,182.73157882703327,988.0,1320.0,731623.0,1.4016930846748532
83,980.0,652.5,15.0,1222650.0,816800.0,18450.0,175.68392444909122,988.0,1320.0,15.950191570881225,1.410382914623561,53900.0,47500.0,1666.0,67300400.0,59329900.0,2074900.0,182.63844318620124,988.0,1320.0,742553.0,1.4190727445722686
84,980.0,718.0,12.5,1226550.0,897550.0,15400.0,174.4236884128312,988.0,1320.0,16.272284122562674,1.4176953308907558,54880.0,48266.0,1678.0,68531800.0,60282700.0,2089900.0,182.48855007693064,988.0,1320.0,754990.0,1.416317917209243
85,490.0,723.5,14.5,615700.0,902100.0,18800.0,175.23661790763785,988.0,1320.0,16.126468555632343,1.4046688483465557,54880.0,48947.0,1695.0,68531800.0,61134100.0,2112500.0,182.42271130137962,988.0,1320.0,765888.0,1.3930197794838681
86,490.0,677.0,17.0,615000.0,843550.0,22200.0,177.72274139261881,988.0,1320.0,16.069423929098967,1.3939578748351442,55860.0,49620.0,1712.0,69761800.0,61969800.0,2134300.0,182.35968421443172,988.0,1320.0,776748.0,1.3948959701864205
87,980.0,666.5,15.0,1229300.0,831000.0,18950.0,176.8083776641346,987.5,1320.0,16.200300075018756,1.3962624991094534,56840.0,50282.0,1725.0,70990400.0,62798100.0,2150400.0,182.27441543260213,987.0,1320.0,787516.0,1.3976290280324861
88,980.0,661.0,16.5,1228500.0,828800.0,20500.0,180.0240671938715,984.5,1320.0,16.201210287443267,1.4008295115658047,57820.0,50942.0,1745.0,72218800.0,63627400.0,2175300.0,182.29961700500846,982.0,1320.0,798166.0,1.4040299950991233
89,490.0,669.5,25.0,614200.0,838200.0,31350.0,188.39802377697578,982.0,1320.0,15.949215832710978,1.3922076410228827,57820.0,51621.0,1775.0,72218800.0,64474500.0,2213100.0,182.43370998631988,982.0,1320.0,808872.0,1.3803852869466422
90,490.0,675.0,23.5,612700.0,838350.0,29850.0,183.7956810870409,981.5,1320.0,15.76962962962963,1.3797568368731408,58800.0,52292.0,1792.0,73444200.0,65304100.0,2235000.0,182.33826062461142,981.0,1320.0,819455.0,1.3791283867996393
91,980.0,713.0,15.5,1225800.0,886850.0,20300.0,172.83125417181185,979.0,1320.0,15.816970546984573,1.380578785263095,59780.0,53047.0,1806.0,74670400.0,66248200.0,2253700.0,182.17865049783805,977.0,1320.0,831427.0,1.3820291837265508
92,490.0,719.0,17.5,613100.0,897950.0,22150.0,179.1652134278684,977.0,1320.0,16.225312934631432,1.3854393439170969,59780.0,53730.0,1827.0,74670400.0,67100000.0,2279300.0,182.25413263856524,977.0,1320.0,842787.0,1.3888495041076427
93,490.0,691.0,21.0,614700.0,862350.0,25650.0,184.66326444328567,976.5,1320.0,16.267004341534008,1.3881868859273758,60760.0,54429.0,1848.0,75899800.0,67972900.0,2305000.0,182.24151970299022,976.0,1320.0,853908.0,1.387524267747109
94,980.0,665.0,21.5,1217950.0,833550.0,26950.0,181.24483639382208,974.5,1320.0,15.69548872180451,1.3878025502488103,61740.0,55060.0,1870.0,77106300.0,68767100.0,2333200.0,182.22979110081755,973.0,1320.0,863662.0,1.3880808327505114
95,980.0,714.5,16.0,1217650.0,897700.0,20150.0,173.18083998064387,972.0,1320.0,15.757172848145556,1.393006176372386,62720.0,55858.0,1880.0,78335100.0,69768300.0,2345300.0,182.01224863239017,971.0,1320.0,876425.0,1.3979315199942606
96,490.0,768.0,15.0,614400.0,961800.0,17950.0,171.10024181513626,971.0,1320.0,15.790364583333334,1.3981042856092478,62720.0,56596.0,1900.0,78335100.0,70690700.0,2369100.0,181.9318412549928,971.0,1320.0,887916.0,1.398277051224235
97,490.0,681.5,14.0,613100.0,852550.0,16950.0,170.95795186518953,970.5,1320.0,15.59280997798973,1.3943485060292522,63700.0,57221.0,1908.0,79561300.0,71473400.0,2379200.0,181.7521981190518,970.0,1320.0,897678.0,1.3904199608342696
98,980.0,599.5,15.0,1228350.0,752000.0,19200.0,174.25754951620084,969.0,1320.0,15.543786488740617,1.3949110180222042,64680.0,57795.0,1930.0,80791800.0,72194700.0,2407500.0,181.77392238438614,968.0,1320.0,906553.0,1.399402075210139
99,980.0,677.5,19.0,1227050.0,847300.0,23350.0,175.98437355272534,968.0,1320.0,15.620664206642067,1.3908554050809885,65660.0,58576.0,1946.0,82015400.0,73168000.0,2425900.0,181.61944342454578,968.0,1320.0,918844.0,1.382308734951838
100,490.0,735.0,16.0,611800.0,912700.0,19000.0,172.08401610223564,968.0,1320.0,15.881632653061224,1.390077510488379,65660.0,59265.0,1962.0,82015400.0,74020100.0,2445500.0,181.53621288962447,968.0,1320.0,929899.0,1.3978462860249201
101,498.0,704.5,20.0,643850.0,899150.0,24700.0,178.05294698892303,967.5,1320.0,15.805535841022001,1.3994749869868675,66656.0,59985.0,1986.0,83303100.0,74966300.0,2475300.0,181.53605194570554,967.0,1320.0,941114.0,1.4011036879488148
102,992.5,705.5,21.0,1276950.0,918600.0,26450.0,177.3996354746231,964.0,1320.0,15.444365698086463,1.4007555083418946,67645.0,60676.0,2004.0,84569300.0,75857300.0,2498400.0,181.4403219039192,961.0,1320.0,951691.0,1.400407328734974
103,984.5,706.5,18.5,1247200.0,896350.0,23350.0,173.32213435237136,961.5,1320.0,15.37862703467799,1.4039409648029006,68625.0,61398.0,2023.0,85797500.0,76759000.0,2522000.0,181.34825641251715,962.0,1320.0,962844.0,1.407474600870827
104,490.0,701.0,16.0,614100.0,876000.0,20200.0,172.26716496471386,962.0,1320.0,15.478601997146933,1.4047390124463495,68625.0,62078.0,2036.0,85797500.0,77609300.0,2538800.0,181.23515131635907,962.0,1320.0,973392.0,1.402003424021872
105,490.0,687.5,21.5,614650.0,858500.0,27350.0,182.47203776506322,962.5,1320.0,15.821090909090909,1.3974085190185344,69605.0,62773.0,2066.0,87026800.0,78476000.0,2576700.0,181.37283300928638,963.0,1320.0,984598.0,1.3928136140151968
106,980.0,713.0,24.0,1228050.0,894450.0,30050.0,185.97363353526293,963.0,1320.0,16.09537166900421,1.3909798946841345,70585.0,63504.0,2084.0,88253600.0,79398200.0,2598900.0,181.34164218039973,963.0,1320.0,996344.0,1.389146175353072
107,984.5,717.5,12.5,1249100.0,902900.0,15300.0,170.8908335622786,963.0,1320.0,15.81184668989547,1.3883344104404833,71574.0,64208.0,2091.0,89525000.0,80281800.0,2607300.0,181.14200420051657,963.0,1320.0,1007288.0,1.3875226455278948
108,494.5,655.0,39.5,635700.0,836650.0,49100.0,202.18898543057406,953.5,1320.0,15.635114503816794,1.386267051225043,71574.0,64814.0,2163.0,89525000.0,81071500.0,2697100.0,181.77398402572672,944.0,1320.0,1016826.0,1.3850114569221912
109,490.0,636.5,52.5,614300.0,813800.0,65000.0,219.2503922828235,944.0,1320.0,15.71249018067557,1.3931658662090762,72554.0,65481.0,2196.0,90753600.0,81909400.0,2737300.0,181.91794519638543,944.0,1320.0,1027290.0,1.4013202754959613
110,983.5,684.5,35.0,1236450.0,861900.0,43300.0,197.31555700744926,944.0,1320.0,15.720964207450693,1.388523464897022,73541.0,66183.0,2233.0,91997900.0,82795300.0,2783700.0,182.1008713550168,944.0,1320.0,1038348.0,1.3757266542980828
111,992.0,746.5,35.0,1257550.0,952950.0,44450.0,190.62909380746453,944.0,1320.0,15.391158740790354,1.3793452818849867,74538.0,66975.0,2266.0,93268700.0,83816700.0,2826200.0,182.11369474451672,944.0,1320.0,1050280.0,1.3829639094718909
112,498.5,737.0,24.5,635400.0,939700.0,31400.0,176.42632879314698,944.0,1320.0,15.069877883310719,1.3832487043497692,74538.0,67657.0,2282.0,93268700.0,84674700.0,2846500.0,181.97730183984316,944.0,1320.0,1060561.0,1.3835334992276478
113,497.5,667.5,58.5,653850.0,862000.0,73300.0,218.38720777918385,934.0,1320.0,15.236704119850188,1.3855403247867892,75533.0,68310.0,2383.0,94576400.0,85540700.0,2972800.0,182.85873514351417,924.0,1320.0,1070621.0,1.3875471503459305
114,987.5,645.5,81.5,1265650.0,833150.0,101550.0,249.18487644222105,924.0,1320.0,15.649883810999226,1.3940762590154152,76513.0,68948.0,2445.0,95800000.0,86341000.0,3049600.0,183.34606087044637,924.0,1320.0,1080765.0,1.4006053676849
115,980.0,697.0,48.5,1222100.0,874600.0,60000.0,211.10286175029628,924.0,1320.0,15.70229555236729,1.4028816576207213,77493.0,69704.0,2480.0,97020600.0,87289900.0,3092800.0,183.44213302629575,924.0,1320.0,1092510.0,1.4051579475565426
116,490.0,745.5,34.0,610300.0,933750.0,42800.0,191.09707353760362,924.0,1320.0,15.683433936955064,1.3967853835153141,77493.0,70439.0,2513.0,97020600.0,88208500.0,3135200.0,183.51170168561376,924.0,1320.0,1104149.0,1.3884128194740857
117,490.0,719.5,47.0,617100.0,902900.0,60100.0,207.0758081334329,924.0,1320.0,15.987491313412091,1.3918860595566835,78473.0,71143.0,2574.0,98254800.0,89095700.0,3213000.0,183.93361292834334,924.0,1320.0,1115516.0,1.3953592996392816
118,987.0,653.0,61.5,1257650.0,839300.0,78900.0,228.65853032181937,914.0,1320.0,15.94333843797856,1.3968133159843472,79467.0,71745.0,2636.0,99535900.0,89887100.0,3293000.0,184.37905784002353,904.0,1320.0,1124971.0,1.3982673323294128
119,987.0,712.5,76.5,1254450.0,912250.0,96000.0,237.25958373185267,904.5,1320.0,15.737543859649122,1.3936518129491422,80447.0,72568.0,2727.0,100763700.0,90920200.0,3405000.0,185.05119552915326,905.0,1320.0,1137942.0,1.3890362935688716
120,490.0,782.0,84.0,613900.0,978600.0,104900.0,238.71251476932696,905.0,1320.0,15.82161125319693,1.4007387640634539,80447.0,73309.0,2804.0,100763700.0,91844300.0,3502800.0,185.61545040636042,905.0,1320.0,1149716.0,1.412441234558036
121,493.5,676.0,81.0,625500.0,856900.0,102800.0,245.96947817410174,906.0,1320.0,15.752958579881657,1.4108246432970826,81434.0,73920.0,2889.0,102014700.0,92634000.0,3610600.0,186.25196991658763,907.0,1320.0,1159240.0,1.4092080520361294
122,993.0,682.5,80.0,1272450.0,882350.0,102400.0,242.5006361720909,908.0,1320.0,15.714285714285714,1.4132249471943772,82433.0,74674.0,2964.0,103308600.0,93609000.0,3707600.0,186.73281443290284,909.0,1320.0,1171166.0,1.4172418423526252
123,998.5,758.0,82.5,1300600.0,987550.0,104050.0,235.43600578898574,893.5,1320.0,15.628627968337732,1.4215514614082465,83431.0,75436.0,3054.0,104615900.0,94609100.0,3818700.0,187.30533167351828,878.0,1320.0,1182933.0,1.4258610804638678
124,989.0,691.5,88.0,1265550.0,894850.0,108950.0,248.07633343909998,878.0,1320.0,15.653651482284888,1.4223117733925303,84411.0,76058.0,3141.0,105839700.0,95399900.0,3926900.0,187.95138394198435,878.0,1320.0,1192839.0,1.4187624663211928
125,490.0,667.5,96.5,611900.0,837550.0,119650.0,259.4469454657239,878.0,1320.0,15.482397003745318,1.4207936867594428,84411.0,76771.0,3247.0,105839700.0,96284200.0,4058000.0,188.68292653810474,878.0,1320.0,1203602.0,1.4228249071976926
126,490.0,708.5,97.5,615350.0,885150.0,120150.0,256.1954703369792,878.5,1320.0,15.594918842625265,1.4291516678673448,85391.0,77475.0,3336.0,107070400.0,97170200.0,4167200.0,189.31270192182262,879.0,1320.0,1214937.0,1.435478428536997
127,980.0,643.0,92.5,1229550.0,802600.0,114100.0,262.1136067042523,879.5,1320.0,15.926905132192847,1.4355325040516946,86371.0,78057.0,3432.0,108298800.0,97889400.0,4286200.0,190.00846164743731,880.0,1320.0,1224084.0,1.4355865795663922
128,986.0,677.0,94.0,1246700.0,852450.0,116500.0,257.2338783321789,880.5,1320.0,15.745199409158051,1.4312182645161724,87363.0,78829.0,3524.0,109563800.0,98875100.0,4400200.0,190.58447652656994,881.0,1320.0,1236256.0,1.4268499494659523
129,986.0,705.5,64.0,1246900.0,902500.0,79550.0,222.73199420073698,881.5,1320.0,15.459248759744861,1.419774489296083,88343.0,79468.0,3560.0,110792600.0,99694400.0,4445300.0,190.61502228480674,882.0,1320.0,1245897.0,1.4126990291262136
130,490.0,652.5,57.0,614400.0,828200.0,71750.0,224.20479022546843,882.0,1320.0,15.826819923371648,1.4210071509786681,88343.0,80134.0,3638.0,110792600.0,100531500.0,4543700.0,191.15396543860217,882.0,1320.0,1256910.0,1.4293152728311227
131,490.5,688.0,89.5,611200.0,863250.0,111900.0,253.00661940249745,882.0,1320.0,15.90625,1.4261396106420965,89324.0,80844.0,3739.0,112015000.0,101420900.0,4669100.0,191.7620486792126,882.0,1320.0,1267784.0,1.4229639484530705
132,983.5,656.0,96.5,1233600.0,830000.0,120000.0,263.90277040936905,883.0,1320.0,15.920731707317072,1.4151051202365315,90310.0,81446.0,3831.0,113259800.0,102191500.0,4783700.0,192.43786322441767,884.0,1320.0,1277798.0,1.4072462920199924
133,990.0,656.5,68.0,1272950.0,836350.0,85550.0,238.31620128679148,884.5,1320.0,16.237623762376238,1.413409086676074,91304.0,82157.0,3875.0,114560900.0,103093600.0,4840200.0,192.54614026290685,885.0,1320.0,1289104.0,1.4195718813321556
134,497.0,722.0,70.5,650550.0,934250.0,88000.0,228.61805505904115,876.5,1320.0,15.695983379501385,1.4111230576066407,91304.0,82890.0,3972.0,114560900.0,104060000.0,4959700.0,193.09805529986937,868.0,1320.0,1300463.0,1.402674233881126
135,490.0,671.0,110.0,610450.0,860700.0,136800.0,271.12659253235813,870.0,1320.0,15.531296572280178,1.41085581554292,92284.0,83499.0,4095.0,115781800.0,104815000.0,5113800.0,193.94740823154515,872.0,1320.0,1309947.0,1.4190373972047143
136,980.0,621.0,123.5,1225400.0,775850.0,154400.0,296.9405494137502,872.0,1320.0,15.944444444444445,1.418493803716736,93264.0,84132.0,4219.0,117011700.0,105611700.0,5268500.0,194.8481370616564,872.0,1320.0,1320266.0,1.4179502102287576
137,980.0,652.0,121.5,1230400.0,816500.0,152500.0,291.4963492650875,872.5,1320.0,16.16947852760736,1.4246914833748252,94244.0,84803.0,4338.0,118242600.0,106448000.0,5418800.0,195.640324081479,873.0,1320.0,1331032.0,1.4314327565208926
138,987.5,657.0,82.0,1267900.0,826250.0,103300.0,248.75435322714537,870.5,1320.0,15.86910197869102,1.430361664182021,95239.0,85446.0,4383.0,119547500.0,107264200.0,5475100.0,195.73508211829278,868.0,1320.0,1341118.0,1.4292905718431494
139,497.5,707.5,187.5,652450.0,914400.0,238250.0,332.04655424397765,822.0,1320.0,15.909540636042403,1.4364973623120265,95239.0,86218.0,4713.0,119547500.0,108276800.0,5895300.0,198.32551562221715,776.0,1320.0,1353544.0,1.4437041527809036
140,490.0,695.0,268.5,614400.0,890100.0,338250.0,392.66576971991793,777.0,1320.0,16.18345323741007,1.438343726992211,96219.0,86836.0,4920.0,120776300.0,109044400.0,6151600.0,199.87089269207914,778.0,1320.0,1363613.0,1.4329833012035187
141,981.5,667.5,209.5,1229600.0,831650.0,260300.0,354.77120136794895,779.5,1320.0,15.633707865168539,1.4285422417979552,97202.0,87553.0,5132.0,122006700.0,109940100.0,6415900.0,201.28614283048205,781.0,1320.0,1374415.0,1.4241011823923915
142,981.5,595.0,211.5,1226800.0,744300.0,262850.0,373.41804245677105,785.0,1320.0,15.421848739495799,1.427503877812649,98182.0,88026.0,5343.0,123229900.0,110533000.0,6677300.0,202.86901361626656,789.0,1320.0,1381965.0,1.4309065732329065
143,991.0,623.0,179.5,1254400.0,793250.0,220800.0,348.1413707575354,790.0,1320.0,16.369181380417334,1.4399536667619948,99184.0,88799.0,5491.0,124515500.0,111526600.0,6857500.0,203.78590569847304,791.0,1320.0,1394811.0,1.449000760291083
144,995.5,733.5,148.0,1273550.0,937700.0,184050.0,297.2603323688813,792.5,1320.0,15.858895705521473,1.4471714498745305,100173.0,89493.0,5639.0,125777000.0,112408400.0,7045400.0,204.61828720413178,794.0,1320.0,1405230.0,1.4453421394579782
145,844.5,676.0,247.0,1069400.0,863350.0,311950.0,380.7868475668647,780.5,1320.0,15.708579881656805,1.4438817778374216,100873.0,90153.0,5987.0,126654300.0,113255700.0,7484100.0,207.1994181126338,767.0,1320.0,1416076.0,1.442421416216865
146,894.5,648.0,256.0,1115500.0,821400.0,321150.0,395.2956498454081,768.5,1320.0,15.869598765432098,1.4370663253528204,101962.0,90789.0,6151.0,128008000.0,114051200.0,7687700.0,208.17455573781726,770.0,1320.0,1425797.0,1.4317112344887761
147,676.5,634.0,156.0,841400.0,792050.0,193350.0,319.7092435457319,770.5,1320.0,15.608044164037855,1.4353462055311756,102226.0,91421.0,6299.0,128337100.0,114839800.0,7870800.0,209.01854955127797,771.0,1320.0,1435867.0,1.4389811765735752
148,575.5,650.5,188.0,720850.0,813800.0,234750.0,342.22883143154814,771.5,1320.0,15.620292083013068,1.4391268760707598,103113.0,92090.0,6527.0,129449700.0,115678800.0,8157200.0,210.45417304860965,772.0,1320.0,1446119.0,1.4392725755679445
149,933.5,620.0,217.5,1171100.0,772750.0,272350.0,372.0545687865398,774.0,1320.0,15.398387096774194,1.4330429619432183,104093.0,92661.0,6734.0,130679300.0,116385300.0,8415500.0,211.76602510054155,776.0,1320.0,1454961.0,1.4268133483184924
150,987.5,642.5,268.0,1280250.0,845750.0,332700.0,404.1038190892782,741.5,1320.0,15.82490272373541,1.4355793992720995,105088.0,93375.0,7063.0,132010200.0,117370300.0,8822600.0,213.96515500205317,707.0,1320.0,1466454.0,1.4443454502257067
151,990.5,669.5,316.5,1291300.0,887150.0,395300.0,427.41951626546654,709.0,1320.0,16.116504854368934,1.4442118134152937,106074.0,94000.0,7367.0,133261900.0,118159600.0,9206100.0,215.961361695066,711.0,1320.0,1476541.0,1.4440781766048807
152,983.0,689.0,288.0,1237550.0,860700.0,360000.0,405.36355617421594,714.5,1320.0,16.211175616835995,1.4434672539882916,107054.0,94753.0,7639.0,134485300.0,119091700.0,9542600.0,217.61771063032913,718.0,1320.0,1488793.0,1.4428563313717024
153,974.0,753.0,229.5,1233250.0,955900.0,284500.0,354.7981571790385,718.5,1320.0,16.197211155378486,1.446482459703928,108022.0,95506.0,7826.0,135728400.0,120071400.0,9775100.0,218.60153417915598,719.0,1320.0,1500934.0,1.4501085880361537
154,980.0,701.5,192.0,1239550.0,898950.0,240600.0,339.4796988337265,722.0,1320.0,16.138275124732715,1.4486727597945865,109014.0,96156.0,8023.0,136964400.0,120889600.0,10023800.0,219.70802991655202,725.0,1320.0,1511435.0,1.4472369315530196
155,992.5,629.0,199.5,1280950.0,805750.0,252600.0,357.1012448660409,712.5,1320.0,15.51987281399046,1.444082087445323,110007.0,96764.0,8225.0,138290300.0,121682900.0,10280300.0,220.78742051589757,700.0,1320.0,1520458.0,1.4409272433376266
156,986.5,646.5,273.5,1281450.0,846950.0,345900.0,404.58304222676384,700.0,1320.0,15.503480278422273,1.4431239599918022,110987.0,97449.0,8570.0,139527300.0,122583500.0,10715600.0,222.91660595151518,700.0,1320.0,1531481.0,1.4453206766459779
157,531.0,676.5,323.5,670400.0,867700.0,408700.0,429.4530827538888,700.0,1320.0,16.066518847006652,1.4464334268606995,111069.0,98117.0,8874.0,139631100.0,123418300.0,11100400.0,224.7025886107366,700.0,1320.0,1542196.0,1.4475461770754212
158,497.0,662.5,312.0,620550.0,823650.0,393200.0,424.7848690844544,701.0,1320.0,15.944905660377358,1.4447482361551696,111981.0,98774.0,9194.0,140768400.0,124230800.0,11502000.0,226.56066016059665,702.0,1320.0,1552608.0,1.441950295234918
159,945.5,652.0,297.5,1180650.0,814050.0,369200.0,418.7733590240799,704.5,1320.0,15.845858895705522,1.4474008799364393,112961.0,99421.0,9469.0,141993500.0,125046400.0,11838800.0,228.08710870454607,707.0,1320.0,1562859.0,1.4528514646379607
160,980.0,629.5,287.0,1226750.0,796150.0,356300.0,421.0711690305232,710.0,1320.0,16.086576648133438,1.4521790451904604,113941.0,100033.0,9768.0,143221900.0,125823100.0,12214600.0,229.80778689676967,713.0,1320.0,1572861.0,1.45150662574296
161,987.0,644.0,333.0,1272000.0,851300.0,416300.0,442.855760887294,700.0,1320.0,15.85947204968944,1.4514396037776804,114935.0,100709.0,10135.0,144537500.0,126749000.0,12671400.0,231.87313182140485,687.0,1320.0,1583286.0,1.4513725818124006
162,1295.5,729.0,344.5,1646600.0,952750.0,426850.0,423.9399226059249,691.5,1320.0,15.572702331961592,1.4524378038905044,116532.0,101491.0,10457.0,146515100.0,127728600.0,13068300.0,233.53095922113081,696.0,1320.0,1595566.0,1.4535030259686081
163,1471.5,730.0,342.5,1839850.0,918250.0,425050.0,423.32645720857175,699.5,1320.0,15.793835616438356,1.4443869358929569,117878.0,102169.0,10820.0,148217200.0,128585500.0,13521500.0,235.50771025784982,703.0,1320.0,1606345.0,1.4352708458173056
164,1163.0,658.0,312.0,1462400.0,833700.0,389000.0,424.3830956879139,704.0,1320.0,15.60258358662614,1.425217145647856,118858.0,102807.0,11081.0,149439900.0,129396000.0,13846300.0,236.7819878171685,705.0,1320.0,1616099.0,1.4151634454784063
165,654.0,645.5,269.5,814600.0,811500.0,334850.0,403.61219202145344,706.0,1320.0,15.735089078233926,1.4223609222798648,119186.0,103460.0,11359.0,149846400.0,130208500.0,14191200.0,238.18698112440825,707.0,1320.0,1626659.0,1.429558399081323
166,497.0,654.5,284.0,618400.0,817050.0,354550.0,410.5570110975975,710.0,1320.0,15.804430863254392,1.4341635351421247,119852.0,104116.0,11649.0,150676700.0,131030100.0,14555400.0,239.59955546453503,713.0,1320.0,1636787.0,1.4387686712029262
167,829.0,654.0,360.5,1059450.0,842800.0,449850.0,451.1270835912603,693.5,1320.0,15.185015290519878,1.4365110710587703,120844.0,104768.0,12080.0,151965300.0,131894100.0,15090900.0,241.88456660216764,674.0,1320.0,1646521.0,1.4342534709146144
168,1470.0,689.0,426.0,1864150.0,883950.0,533250.0,477.2943479559255,679.0,1320.0,15.789550072568941,1.4392348607848806,122792.0,105494.0,12501.0,154405000.0,132798000.0,15621900.0,244.09177451835748,684.0,1320.0,1658545.0,1.4442162506551468
169,1464.0,715.5,401.5,1836000.0,887250.0,506200.0,459.62346572293507,686.0,1320.0,16.097134870719778,1.4373374872584015,123772.0,106199.0,12883.0,155637300.0,133668600.0,16103300.0,245.9693879910911,688.0,1320.0,1669556.0,1.430458723861656
170,980.0,668.0,404.5,1222400.0,829700.0,505050.0,472.4209110576158,689.5,1320.0,15.706586826347305,1.442930487205143,124752.0,106830.0,13310.0,156849800.0,134457400.0,16632000.0,248.16840176887123,691.0,1320.0,1679529.0,1.4554022505486297
171,986.0,666.0,367.0,1228250.0,833650.0,453650.0,456.98493937465406,694.0,1320.0,16.05855855855856,1.4455900485801074,125744.0,107531.0,13617.0,158093800.0,135335900.0,17010600.0,249.56794619393796,697.0,1320.0,1690946.0,1.4357778466115851
172,996.5,741.0,324.5,1283500.0,962900.0,402000.0,411.9575130771696,695.0,1320.0,15.691632928475034,1.430136286308823,126745.0,108312.0,13961.0,159416800.0,136383200.0,17438400.0,251.03523467061115,693.0,1320.0,1702784.0,1.424494726006061
173,990.5,734.5,321.0,1271550.0,952600.0,399950.0,410.7837358417631,696.5,1320.0,15.669843430905377,1.4245251322009556,127725.0,109000.0,14259.0,160636900.0,137241100.0,17810500.0,252.32901461041556,700.0,1320.0,1713965.0,1.4245555383958504
174,990.5,746.0,306.5,1254500.0,953800.0,383450.0,399.92786060369843,701.5,1320.0,15.732573726541554,1.4333659831922598,128726.0,109804.0,14574.0,161925800.0,138290800.0,18205300.0,253.55512546793224,703.0,1320.0,1726257.0,1.4421764279886695
175,990.5,730.0,298.5,1256600.0,934600.0,374200.0,397.9501702951183,704.5,1320.0,15.484931506849316,1.4356558545804758,129706.0,110460.0,14856.0,163150100.0,139110300.0,18558900.0,254.7193136723344,706.0,1320.0,1736573.0,1.429135281172282
176,980.0,672.0,294.0,1225300.0,838450.0,367150.0,412.7418777059649,707.5,1320.0,15.87202380952381,1.4283549205801327,130686.0,111148.0,15162.0,164376400.0,139967700.0,18939600.0,255.98999844175742,709.0,1320.0,1747589.0,1.4275745599879834
177,980.0,705.5,298.0,1223900.0,881300.0,371150.0,406.1561256281385,713.0,1320.0,15.885187810063785,1.4335260972747161,131666.0,111871.0,15452.0,165597900.0,140872900.0,19301200.0,257.1064211202842,717.0,1320.0,1758987.0,1.4394776345614488
178,987.0,697.0,322.0,1255950.0,898300.0,402850.0,420.3106194197146,701.5,1320.0,15.573888091822095,1.4422805181967853,132660.0,112542.0,15806.0,166888300.0,141764300.0,19745300.0,258.59919707012006,686.0,1320.0,1769299.0,1.4450834018321215
179,987.0,641.0,338.5,1260150.0,827300.0,424800.0,444.8603961417201,688.5,1320.0,15.505460218408736,1.4541946792980112,133640.0,113153.0,16129.0,168118200.0,142527500.0,20150800.0,259.9514423689268,691.0,1320.0,1778865.0,1.4633059567639009
180,980.0,653.5,316.0,1229750.0,812000.0,394300.0,427.8882275704146,695.5,1320.0,15.54016832440704,1.4613147911436974,134620.0,113849.0,16438.0,169347800.0,143388300.0,20533900.0,261.1186459033892,700.0,1320.0,1789610.0,1.459323625523494
181,980.0,679.5,315.0,1230600.0,847050.0,391900.0,422.27765641068595,702.0,1320.0,15.857983811626196,1.4555899237828451,135600.0,114512.0,16759.0,170579400.0,144221600.0,20934600.0,262.41098666834665,704.0,1320.0,1800416.0,1.4518562220421964
182,981.5,684.5,313.0,1232550.0,861350.0,391600.0,422.3579195973511,708.5,1320.0,16.122717311906502,1.458860208983256,136583.0,115218.0,17064.0,171812900.0,145111000.0,21317100.0,263.55036262236484,713.0,1320.0,1811682.0,1.465864195924316
183,989.5,742.0,321.0,1270250.0,961250.0,402200.0,409.93487384578765,700.5,1320.0,15.7088948787062,1.4687873393588053,137579.0,115996.0,17401.0,173119900.0,146144100.0,21739000.0,264.76213237731474,688.0,1320.0,1823728.0,1.4717104827932947
184,988.0,717.0,335.0,1267500.0,929400.0,416950.0,422.19025384382405,695.5,1320.0,15.45955369595537,1.4617588450967796,138559.0,116652.0,17734.0,174347900.0,146969800.0,22151000.0,266.0340910697478,703.0,1320.0,1833851.0,1.4518072074002644
185,986.5,686.0,324.5,1246600.0,871300.0,406050.0,424.105258558544,707.5,1320.0,15.358600583090379,1.4491394707091385,139552.0,117368.0,18050.0,175613100.0,147886700.0,22551100.0,267.1401948063301,712.0,1320.0,1844800.0,1.4464717340180127
186,1470.5,661.0,317.5,1854800.0,834950.0,399850.0,428.8520702910773,717.0,1320.0,15.739788199697427,1.4393879318988771,141500.0,117974.0,18369.0,178057500.0,148639700.0,22950700.0,268.37109982953876,722.0,1320.0,1854659.0,1.4323041297797416
187,1266.0,625.0,289.5,1587500.0,775700.0,364700.0,422.02183705224553,723.0,1320.0,15.8168,1.4409075583196105,142084.0,118618.0,18629.0,178788100.0,149438100.0,23280500.0,269.2042000207816,724.0,1320.0,1864571.0,1.4495109868594793
188,496.0,648.5,264.0,621200.0,809950.0,334500.0,398.54071907993216,725.0,1320.0,15.645335389360062,1.453577939554791,142492.0,119271.0,18907.0,179299900.0,150259600.0,23632200.0,270.1432042465487,726.0,1320.0,1874951.0,1.4576448922501029
189,699.0,689.0,322.0,896700.0,887050.0,403100.0,423.2343349739899,707.5,1320.0,15.618287373004355,1.4544655614945003,143483.0,119996.0,19273.0,180582500.0,151212200.0,24086700.0,271.4405119988615,689.0,1320.0,1886093.0,1.4512862307388978
190,1469.5,745.0,411.5,1858600.0,956300.0,510300.0,455.1053792398659,694.0,1320.0,15.611409395973155,1.4586921723621318,145431.0,120761.0,19730.0,183017100.0,152172200.0,24652800.0,273.1883637995407,699.0,1320.0,1898212.0,1.4660981139853655
191,1464.0,744.5,389.5,1831600.0,935100.0,486850.0,447.2102718493059,702.0,1320.0,15.885829415715245,1.455118727302822,146411.0,121485.0,20052.0,184245700.0,153082400.0,25060400.0,274.25706043030226,705.0,1320.0,1909747.0,1.4441393406202787
192,984.0,696.5,282.0,1241250.0,880900.0,356100.0,401.1522078424748,709.5,1320.0,16.057430007178752,1.454644115611936,147399.0,122154.0,20294.0,185499600.0,153934000.0,25365000.0,274.94637544443646,714.0,1320.0,1920580.0,1.4651488906035934
193,984.0,660.0,254.0,1240200.0,834500.0,318100.0,391.81822849763546,716.0,1320.0,16.091666666666665,1.45592217311125,148379.0,122805.0,20560.0,186726100.0,154751400.0,25696600.0,275.7560442494148,718.0,1320.0,1930988.0,1.4466954556189064
194,987.0,686.0,283.5,1285000.0,873900.0,352750.0,402.75214098849614,710.5,1320.0,15.879737609329446,1.4486706381583088,149373.0,123526.0,20861.0,188069600.0,155681800.0,26070500.0,276.66270294891996,703.0,1320.0,1942367.0,1.450645820697711
195,994.5,659.0,305.5,1307450.0,874200.0,381950.0,423.6357803969702,700.0,1320.0,15.926403641881638,1.4487419169999969,150368.0,124123.0,21171.0,189341000.0,156499800.0,26460500.0,277.7193738502829,697.0,1320.0,1951979.0,1.4468380133022827
196,868.0,594.5,355.0,1095700.0,791650.0,444200.0,469.3147199417277,698.5,1320.0,15.561816652649284,1.4494064253318304,151109.0,124716.0,21573.0,190261000.0,157266200.0,26961600.0,279.17217553516997,700.0,1320.0,1960880.0,1.451974837361378
197,980.0,722.5,405.0,1221000.0,914550.0,506650.0,454.09117725607837,701.5,1320.0,15.141176470588235,1.452242314578442,152328.0,125568.0,21981.0,191783000.0,158328900.0,27473800.0,280.4148744411372,703.0,1320.0,1973858.0,1.4525097917955059
198,1099.5,790.5,372.5,1372250.0,987850.0,465800.0,424.2065688742409,705.0,1320.0,15.559772296015181,1.442104263610874,153308.0,126297.0,22318.0,193005500.0,159241900.0,27893200.0,281.4421348185983,707.0,1320.0,1985480.0,1.431698735426242
199,986.0,737.5,340.0,1227450.0,927750.0,421600.0,420.5679441082446,709.0,1320.0,15.409491525423729,1.4411250395528492,154300.0,127046.0,22661.0,194237900.0,160188000.0,28317000.0,282.42838980239355,711.0,1320.0,1996612.0,1.4505513436794564
200,994.5,739.0,350.5,1272050.0,958650.0,435800.0,424.3099356259122,701.0,1320.0,15.168470906630581,1.4508974755391935,155297.0,127775.0,23019.0,195549600.0,161159200.0,28764800.0,283.50659983682914,691.0,1320.0,2007899.0,1.4512436073989305
201,988.5,749.0,323.5,1272700.0,969100.0,405350.0,408.32103255665265,691.0,1320.0,15.493324432576769,1.4559725302726472,156277.0,128544.0,23308.0,196783300.0,162126200.0,29127700.0,284.20669841016866,691.0,1320.0,2019821.0,1.460701453146364
202,1153.0,753.0,314.5,1446650.0,942600.0,393950.0,400.10512162497247,697.5,1320.0,15.260956175298805,1.4529141539284294,157603.0,129281.0,23648.0,198442900.0,163044400.0,29552700.0,285.1343999533384,704.0,1320.0,2030882.0,1.4451268547104947
203,1153.0,718.0,322.5,1438650.0,898400.0,401250.0,413.79611705039804,705.5,1320.0,15.422701949860723,1.4391018134414788,158583.0,129980.0,23953.0,199660600.0,163923000.0,29930200.0,285.95860073254465,707.0,1320.0,2041968.0,1.4330767721724629
204,1291.5,706.0,313.5,1605800.0,886700.0,388900.0,414.69477395917477,712.5,1320.0,15.715297450424929,1.43232974019683,160186.0,130693.0,24275.0,201654500.0,164817800.0,30330500.0,286.83909771415307,718.0,1320.0,2053072.0,1.4315827082211972
205,1287.0,699.0,322.0,1639000.0,884950.0,400050.0,418.74945960465664,713.0,1320.0,15.399141630901287,1.4243041132812524,161157.0,131378.0,24597.0,202938600.0,165692900.0,30730300.0,287.69707762830893,708.0,1320.0,2063496.0,1.4170255183413076
206,757.5,692.5,307.0,987850.0,896600.0,382850.0,409.02412943969114,709.5,1320.0,15.04115523465704,1.4275420781159862,161701.0,132078.0,24889.0,203630200.0,166611000.0,31096200.0,288.39514375197837,711.0,1320.0,2073904.0,1.4380586378906648
207,686.5,697.5,289.5,864350.0,890400.0,361000.0,398.7788431227212,714.5,1320.0,15.246594982078854,1.4398613594872707,162530.0,132773.0,25176.0,204667300.0,167473700.0,31452300.0,289.0853447593834,718.0,1320.0,2084765.0,1.4416640810838763
208,904.5,702.5,281.5,1128600.0,878050.0,350650.0,395.2261787705979,722.5,1320.0,15.740213523131672,1.4441986275870415,163510.0,133483.0,25452.0,205887400.0,168367100.0,31797500.0,289.71797054857336,727.0,1320.0,2096019.0,1.4467331740902065
209,980.0,689.5,262.5,1221650.0,867500.0,327400.0,389.4349507069187,729.0,1320.0,15.976794778825235,1.4436456238987923,164490.0,134152.0,25701.0,207110600.0,169208700.0,32107100.0,290.2806032138647,731.0,1320.0,2106797.0,1.4405580737073778
210,987.5,646.5,260.0,1256500.0,822000.0,323850.0,399.7778672386296,728.5,1320.0,15.927300850734726,1.4429452708406776,165485.0,134776.0,25972.0,208400400.0,170011100.0,32445200.0,290.95928361435966,726.0,1320.0,2116613.0,1.4453324679739774
211,987.5,645.0,299.0,1257100.0,832200.0,371600.0,422.40431803700767,718.0,1320.0,15.513953488372094,1.4426461787817222,166465.0,135442.0,26299.0,209624800.0,170873100.0,32850300.0,291.8228811371247,710.0,1320.0,2126810.0,1.439959889589467
212,981.5,687.5,304.5,1231250.0,871850.0,380100.0,412.3191219217889,712.5,1320.0,15.363636363636363,1.4427242802807645,167448.0,136151.0,26581.0,210862900.0,171754800.0,33205400.0,292.438881475886,715.0,1320.0,2137738.0,1.4454886709720622
213,982.0,681.0,276.0,1234650.0,850800.0,346850.0,398.9554210846685,719.0,1320.0,15.78193832599119,1.4451327135313434,168429.0,136804.0,26851.0,212094100.0,172574700.0,33544000.0,293.07583204885725,723.0,1320.0,2148305.0,1.4447767560906248
214,980.5,635.5,258.0,1227150.0,796750.0,324050.0,401.59676527872364,725.0,1320.0,16.02124311565696,1.4425214161188824,169409.0,137422.0,27097.0,213317200.0,173348300.0,33853500.0,293.6245508414646,727.0,1320.0,2158101.0,1.44026607614714
215,807.5,645.0,258.5,1009550.0,805300.0,323500.0,397.5533837111887,728.5,1320.0,15.637209302325582,1.435058511418541,170044.0,138094.0,27368.0,214113200.0,174185300.0,34191000.0,294.2168247592913,730.0,1320.0,2168477.0,1.4298509466899423
216,822.5,705.0,284.0,1072150.0,925050.0,354350.0,395.3154164751639,720.0,1320.0,15.167375886524823,1.4313517253744452,171054.0,138832.0,27665.0,215461500.0,175198400.0,34562200.0,294.8326478775886,710.0,1320.0,2179487.0,1.4328525040589484
217,997.5,695.0,304.0,1293100.0,917850.0,378650.0,408.1718135165133,714.5,1320.0,15.058273381294963,1.430359841009285,172039.0,139484.0,27976.0,216699400.0,176021000.0,34948300.0,295.57644537040403,719.0,1320.0,2189408.0,1.4278671779596217
218,982.5,658.5,295.0,1232800.0,830600.0,367900.0,414.5921373454627,724.0,1320.0,15.5292331055429,1.4349571746728755,173019.0,140149.0,28255.0,217927100.0,176859600.0,35298000.0,296.18879943227387,729.0,1320.0,2199939.0,1.4420471713861296
219,980.0,667.5,273.5,1225250.0,836900.0,340250.0,401.80592054557417,734.0,1320.0,15.967790262172285,1.4407205017392601,173999.0,140819.0,28523.0,219149900.0,177694800.0,35628800.0,296.7570377354385,739.0,1320.0,2210725.0,1.4393938320923905
220,980.0,686.0,253.0,1219900.0,854950.0,315700.0,383.4439199745304,742.5,1320.0,15.846209912536443,1.4338132206911343,174979.0,141521.0,28761.0,220366900.0,178569500.0,35929400.0,297.1511155689071,746.0,1320.0,2221680.0,1.428232609289878
221,987.5,641.5,285.0,1263100.0,835750.0,359300.0,413.8645822831658,736.5,1320.0,15.4871395167576,1.4316206968530976,175974.0,142102.0,29093.0,221676100.0,179366300.0,36347400.0,298.02459975563033,727.0,1320.0,2230595.0,1.435008784416317
222,987.5,645.5,318.0,1266700.0,842700.0,399250.0,432.3831866929002,728.5,1320.0,15.333075135553834,1.4323450929133623,176954.0,142812.0,29397.0,222900300.0,180254900.0,36727900.0,298.6643477522183,730.0,1320.0,2241475.0,1.4296814014104076
223,982.0,708.0,295.0,1228950.0,881850.0,367050.0,400.8694468141482,731.5,1320.0,15.20409604519774,1.4255163255786867,177938.0,143518.0,29683.0,224134000.0,181130000.0,37081500.0,299.21574047190387,733.0,1320.0,2252124.0,1.421351249746966
224,982.0,694.0,271.5,1225200.0,863000.0,336550.0,391.169967595649,736.0,1320.0,15.385446685878962,1.4241953763875594,178918.0,144200.0,29940.0,225350700.0,181980900.0,37401000.0,299.6901221401681,739.0,1320.0,2262830.0,1.427039503028153
225,980.0,698.0,253.5,1218350.0,870550.0,313900.0,382.0322804323979,742.0,1320.0,15.901862464183381,1.4244262983451688,179898.0,144914.0,30190.0,226570700.0,182871100.0,37709300.0,300.11577631086067,745.0,1320.0,2274323.0,1.4218130936621844
226,994.5,702.0,253.0,1294150.0,919200.0,314700.0,378.9308704432847,738.5,1320.0,15.779202279202279,1.4281969193779198,180907.0,145604.0,30446.0,227939000.0,183819300.0,38030400.0,300.54982011948556,732.0,1320.0,2284984.0,1.4345807450936554
227,996.5,653.0,266.5,1303200.0,872100.0,333950.0,396.33469896915244,737.0,1320.0,15.243491577335375,1.4310334126373518,181891.0,146220.0,30723.0,229177100.0,184615300.0,38377200.0,301.11579664943594,742.0,1320.0,2294231.0,1.4274860801810483
228,982.0,636.5,282.0,1230350.0,811800.0,352050.0,412.5258397925843,743.5,1320.0,15.248232521602514,1.4332332063773476,182871.0,146877.0,31010.0,230399700.0,185442900.0,38734500.0,301.70617189414867,745.0,1320.0,2304395.0,1.4389803325736472
229,980.0,642.0,258.5,1223500.0,805550.0,323000.0,400.1451570123366,747.5,1320.0,15.763239875389408,1.4409349731553855,183851.0,147504.0,31240.0,231624100.0,186226400.0,39023200.0,302.1136028863651,750.0,1320.0,2314471.0,1.4428896137371239
230,980.0,651.5,237.0,1226150.0,812900.0,299700.0,385.36068563504506,753.5,1320.0,16.27475057559478,1.4422509515123902,184831.0,148180.0,31486.0,232852000.0,187068700.0,39336800.0,302.54132522629794,757.0,1320.0,2325601.0,1.4416122892876564
231,902.5,710.0,230.0,1150400.0,901900.0,288350.0,363.5251809760048,751.5,1320.0,16.04225352112676,1.4412254919400178,185656.0,148924.0,31700.0,233924900.0,188030200.0,39599900.0,302.7527968296319,746.0,1320.0,2337251.0,1.440838694592379
232,902.5,723.0,207.0,1150500.0,917700.0,257350.0,342.38606079343884,750.5,1320.0,15.659751037344398,1.4314344105054453,186636.0,149626.0,31900.0,235153000.0,188904100.0,39851500.0,302.9495929573932,755.0,1320.0,2348245.0,1.4220301264185116
233,982.0,684.5,210.5,1231700.0,852550.0,263500.0,355.01673273310195,757.0,1320.0,15.820306793279766,1.4234142271592138,187620.0,150293.0,32121.0,236388300.0,189735300.0,40126900.0,303.2656546435447,759.0,1320.0,2358909.0,1.4247983278999161
234,983.0,634.5,213.5,1231600.0,796550.0,265600.0,367.90034232931896,763.0,1320.0,15.628841607565011,1.4228506883968812,188602.0,150895.0,32327.0,237616200.0,190497200.0,40382700.0,303.55081153886675,767.0,1320.0,2368078.0,1.4209030488938463
235,981.0,624.5,199.5,1228600.0,787400.0,247650.0,358.76360524041957,771.0,1320.0,15.587670136108887,1.4209490353364727,189582.0,151542.0,32520.0,238845500.0,191310100.0,40622200.0,303.7625558104543,775.0,1320.0,2378378.0,1.4209950217790988
236,573.5,670.0,208.0,718750.0,841550.0,257600.0,355.0965425293638,775.0,1320.0,15.706716417910448,1.4163006153561208,189749.0,152235.0,32743.0,239053700.0,192180300.0,40897900.0,304.0401362348811,775.0,1320.0,2389125.0,1.411606208933143
237,583.5,723.5,273.5,775250.0,951350.0,340250.0,384.36412308479106,757.0,1320.0,15.291637871458189,1.4105657564754646,190749.0,152997.0,33067.0,240396000.0,193222500.0,41302700.0,304.619226959699,739.0,1320.0,2400625.0,1.4095253040177864
238,992.0,675.0,291.5,1292500.0,890050.0,366300.0,408.0549811877879,744.5,1320.0,15.473333333333333,1.4064803472480043,191733.0,153585.0,33326.0,241638700.0,193960400.0,41630500.0,305.1158390843333,750.0,1320.0,2410014.0,1.4034353904782222
239,982.0,593.0,248.0,1232900.0,742750.0,312650.0,404.7422038186708,754.5,1320.0,15.900505902192243,1.401790320300578,192713.0,154183.0,33563.0,242861800.0,194708000.0,41928000.0,305.51621995596423,759.0,1320.0,2419483.0,1.4001452501229337
240,980.0,638.0,228.0,1221700.0,801650.0,284650.0,378.6790556863233,763.0,1320.0,15.862852664576803,1.4100945604414479,193693.0,154861.0,33782.0,244082100.0,195563700.0,42199800.0,305.79124973383875,767.0,1320.0,2430255.0,1.4200438707599619
241,980.0,684.5,221.0,1228450.0,860000.0,276900.0,365.62822682407045,770.5,1320.0,16.304601899196495,1.4241174176810822,194673.0,155552.0,34005.0,245318700.0,196428000.0,42481800.0,306.0905213240918,774.0,1320.0,2441804.0,1.4281909646022026
242,987.5,667.0,229.5,1263150.0,853200.0,288350.0,374.1744523815705,766.5,1320.0,16.272113943028486,1.4250415147353193,195668.0,156195.0,34241.0,246608400.0,197270100.0,42776500.0,306.4350937672537,759.0,1320.0,2451962.0,1.421892064868436
243,987.5,645.5,229.0,1255800.0,828050.0,284250.0,375.0150887876605,763.0,1320.0,15.617350890782339,1.4281075400749454,196648.0,156843.0,34463.0,247830300.0,198084100.0,43050300.0,306.72065874003107,767.0,1320.0,2461966.0,1.4343230152814548
244,897.5,688.0,190.0,1117100.0,860750.0,234600.0,336.7812128135459,770.5,1320.0,15.712936046511627,1.4325940636641983,197463.0,157571.0,34621.0,248842600.0,198991600.0,43245700.0,306.7123570510799,774.0,1320.0,2473583.0,1.430865112046942
245,981.0,637.0,147.5,1217900.0,797550.0,183150.0,312.2670637862621,780.0,1320.0,15.660125588697017,1.4358439235850975,198610.0,158117.0,34758.0,250266100.0,199679200.0,43416600.0,306.7657776487414,786.0,1320.0,2481917.0,1.4408227351232532
246,573.5,621.0,171.5,711750.0,782450.0,213500.0,339.9627800351663,786.0,1320.0,15.975040257648953,1.4422379862436303,198610.0,158813.0,34964.0,250266100.0,200556500.0,43672700.0,306.98432906235934,786.0,1320.0,2493424.0,1.4436532373640074
247,495.0,670.0,210.5,628600.0,855250.0,261850.0,359.14200365024095,790.0,1320.0,16.044776119402986,1.442299076986401,199600.0,159457.0,35179.0,251523300.0,201389700.0,43940300.0,307.23965983902735,794.0,1320.0,2503417.0,1.4409449166087944
248,993.5,654.0,242.0,1282550.0,857850.0,302750.0,382.74769078665355,780.5,1320.0,15.541284403669724,1.4387998308823526,200597.0,160121.0,35448.0,252831200.0,202272200.0,44278200.0,307.6785492312505,767.0,1320.0,2513752.0,1.436654745155911
249,988.5,700.0,256.5,1267700.0,902100.0,321050.0,381.34262432738427,769.0,1320.0,15.637857142857143,1.4381381531951876,201577.0,160857.0,35692.0,254058700.0,203193900.0,44582400.0,307.9608996879514,771.0,1320.0,2525310.0,1.4396215612344643
250,980.0,677.0,243.0,1226900.0,846150.0,302250.0,379.3737124308616,774.0,1320.0,16.015509601181684,1.442005081976924,202557.0,161475.0,35934.0,255285000.0,203964500.0,44882700.0,308.34680194661405,777.0,1320.0,2535437.0,1.4443886027193835
251,980.0,620.0,239.0,1223850.0,774650.0,297450.0,392.35518822990156,778.5,1320.0,16.168548387096774,1.4508173438124565,203537.0,162097.0,36170.0,256506400.0,204743200.0,45177300.0,308.6921831981426,780.0,1320.0,2545359.0,1.4572460849055295
252,980.0,634.5,235.5,1227650.0,794450.0,294100.0,385.5735094223151,785.0,1320.0,16.02521670606777,1.4422321585134639,204517.0,162744.0,36405.0,257740300.0,205553400.0,45470900.0,309.02154533476954,790.0,1320.0,2555773.0,1.4272182321213984
253,986.0,672.5,186.0,1266150.0,858000.0,231850.0,339.30984701404265,788.0,1320.0,15.915241635687732,1.43038962639184,205509.0,163442.0,36542.0,259038700.0,206459200.0,45641000.0,308.9550568718958,786.0,1320.0,2566765.0,1.4335610206622817
254,988.5,663.0,189.0,1268200.0,861200.0,234250.0,343.4222361735162,781.0,1320.0,16.004524886877828,1.4240695608660567,206494.0,164070.0,36783.0,260276700.0,207275800.0,45939400.0,309.3133944840936,776.0,1320.0,2576995.0,1.4145781010698317
255,983.0,639.5,205.5,1234200.0,817700.0,256600.0,362.27291986180785,780.5,1320.0,16.002345582486317,1.4224592510868102,207475.0,164721.0,36953.0,261507100.0,208094600.0,46154200.0,309.4018531294843,785.0,1320.0,2587232.0,1.4303404011037886
256,490.5,678.5,205.5,615200.0,853600.0,258150.0,350.7113473856252,785.0,1320.0,15.641857037582904,1.421654742241222,207475.0,165427.0,37194.0,261507100.0,208983000.0,46455700.0,309.67461854640607,785.0,1320.0,2598221.0,1.4129690833786552
257,496.5,638.0,243.5,632700.0,811900.0,304700.0,388.27067382146254,787.5,1320.0,15.778996865203762,1.418070487664317,208468.0,165997.0,37440.0,262772500.0,209718400.0,46763600.0,310.0853361285443,790.0,1320.0,2607366.0,1.423171891949979
258,988.0,613.5,234.5,1252900.0,778600.0,293050.0,386.9730000224575,793.5,1320.0,15.621026894865526,1.425866732881063,209451.0,166654.0,37663.0,264012900.0,210540200.0,47041800.0,310.316259011876,797.0,1320.0,2617388.0,1.428561573812147
259,986.5,693.0,312.0,1268050.0,897500.0,390000.0,416.0236089863379,770.0,1320.0,15.63852813852814,1.427268627525493,210441.0,167383.0,38064.0,265308600.0,211513400.0,47543600.0,311.12178800393946,743.0,1320.0,2629041.0,1.4259756812388389
260,985.0,656.0,333.0,1260300.0,851050.0,417550.0,440.99904649762516,748.0,1320.0,16.01829268292683,1.4325332376056168,211421.0,167966.0,38329.0,266533500.0,212242300.0,47876900.0,311.56927315980363,753.0,1320.0,2638404.0,1.4390907939723947
261,980.0,589.5,276.0,1222000.0,741150.0,345000.0,425.65267734229576,757.5,1320.0,16.05089058524173,1.4459013360048432,212401.0,168562.0,38616.0,267752600.0,212995700.0,48233600.0,312.0787089581175,762.0,1320.0,2647965.0,1.4527118780372916
262,980.0,613.0,271.0,1228600.0,770500.0,340350.0,416.94859203835415,767.5,1320.0,16.200652528548122,1.4440598693700433,213381.0,169192.0,38871.0,268990700.0,213783300.0,48557600.0,312.4647261513366,773.0,1320.0,2658266.0,1.435407860702795
263,980.0,651.5,218.0,1230800.0,814400.0,275900.0,370.56521350210244,775.5,1320.0,16.367613200306984,1.437931238751677,214361.0,169865.0,39052.0,270214200.0,214624500.0,48785400.0,312.5655435929344,778.0,1320.0,2669292.0,1.4404546168005592
264,986.5,702.0,169.0,1267550.0,892150.0,211050.0,318.27519220266913,776.5,1320.0,15.706552706552706,1.4386159503331366,215354.0,170596.0,39209.0,271525800.0,215567600.0,48979700.0,312.5129701486747,775.0,1320.0,2680318.0,1.4367772838657142
265,989.0,661.5,171.5,1281550.0,863450.0,213900.0,326.6453013582705,770.5,1320.0,15.37641723356009,1.4396468854416666,216339.0,171188.0,39395.0,272777300.0,216351400.0,49213200.0,312.6769337642072,766.0,1320.0,2689635.0,1.442516487017619
266,639.0,620.5,203.0,809100.0,804350.0,255800.0,365.3631773562734,767.5,1320.0,15.995165189363417,1.430876123836256,216632.0,171837.0,39615.0,273144000.0,217176300.0,49491300.0,312.9246205055922,769.0,1320.0,2700168.0,1.4192357606548927
267,490.5,662.5,230.5,607250.0,834400.0,287800.0,373.2225988477463,772.5,1320.0,15.743396226415094,1.429725764397784,217320.0,172513.0,39856.0,273991800.0,218020200.0,49788800.0,313.1861161676614,776.0,1320.0,2710495.0,1.4402157681406758
268,840.5,666.5,233.0,1060300.0,843650.0,292300.0,372.08519494067383,778.0,1320.0,15.513128282070518,1.4404351413915193,218313.0,173170.0,40081.0,275264600.0,218863600.0,50075900.0,313.423703151904,780.0,1320.0,2720847.0,1.4406545146423628
269,989.0,678.5,221.5,1256800.0,861350.0,279600.0,362.80643465076463,784.0,1320.0,15.717759764185704,1.440272786316625,219298.0,173870.0,40299.0,276505400.0,219742900.0,50348000.0,313.6031539895195,788.0,1320.0,2731824.0,1.439891057990887
270,989.5,713.5,316.0,1285050.0,935600.0,394200.0,412.32988530940173,743.5,1320.0,15.499649614576034,1.429688084388622,220292.0,174597.0,40713.0,277834700.0,220734800.0,50864300.0,314.36953859411506,699.0,1320.0,2742965.0,1.419485110786357
271,987.0,668.0,355.5,1273250.0,879600.0,441150.0,449.01885935097863,700.5,1320.0,15.75748502994012,1.4301117230203457,221272.0,175206.0,41010.0,279051900.0,221502100.0,51230300.0,314.885186535099,702.0,1320.0,2752876.0,1.4407383352543344
272,980.0,585.5,299.5,1221800.0,736100.0,370100.0,443.27682025284207,705.5,1320.0,15.932536293766011,1.430831466522302,222252.0,175773.0,41312.0,280278300.0,222213100.0,51604500.0,315.4184395020416,709.0,1320.0,2761727.0,1.4209245977902696
273,980.0,572.0,294.0,1222900.0,712000.0,363900.0,440.6642337690754,710.0,1320.0,15.678321678321678,1.4261394005641936,223232.0,176350.0,41598.0,281497700.0,222926100.0,51958100.0,315.8847337197916,711.0,1320.0,2770812.0,1.4313542033381177
274,980.0,612.0,285.5,1226500.0,759550.0,355450.0,421.35200903364887,713.0,1320.0,15.49673202614379,1.4380900296009473,224212.0,176997.0,41883.0,282731300.0,223732200.0,52315400.0,316.28718382454315,715.0,1320.0,2780695.0,1.4448258558637772
275,986.5,666.0,330.0,1270300.0,866200.0,410550.0,430.74664117484576,695.0,1320.0,15.064564564564565,1.4370380379957477,225205.0,177682.0,42258.0,284038300.0,224658500.0,52779200.0,316.9250398016796,675.0,1320.0,2790878.0,1.4292502201277182
276,988.5,685.0,367.0,1272700.0,895700.0,456600.0,447.4070358682116,676.0,1320.0,15.314598540145985,1.4313268929893534,226189.0,178367.0,42617.0,285276700.0,225523600.0,53228600.0,317.5355826620157,677.0,1320.0,2801676.0,1.433403565850989
277,982.0,711.5,347.5,1228400.0,896500.0,434500.0,433.84327399775873,679.5,1320.0,15.889669711876317,1.4391013038253768,227169.0,179105.0,42953.0,286495100.0,226451500.0,53648200.0,318.04021160376294,682.0,1320.0,2813489.0,1.4447990417997645
278,988.5,757.0,323.5,1245900.0,969750.0,403450.0,409.2784846635345,683.0,1320.0,15.68560105680317,1.4372599783352715,228166.0,179881.0,43264.0,287768500.0,227463100.0,54035500.0,318.4240471636854,684.0,1320.0,2825424.0,1.4297209148707786
279,992.0,775.5,309.0,1262350.0,996350.0,382950.0,396.7858830412559,685.5,1320.0,15.606705351386202,1.4362703476287155,229153.0,180656.0,43571.0,289019800.0,228444200.0,54414100.0,318.80193682573923,687.0,1320.0,2837695.0,1.4428197803866523
280,983.5,748.5,301.0,1243150.0,941950.0,374600.0,398.18854925920044,688.5,1320.0,15.820307281229125,1.4322052638782856,230133.0,181378.0,43866.0,290254800.0,229347000.0,54784700.0,319.16735526467215,690.0,1320.0,2849107.0,1.421590747369919
281,1043.5,719.0,295.0,1334450.0,925950.0,369700.0,399.5330186587754,691.0,1320.0,15.641863699582753,1.4255504531767031,231240.0,182094.0,44161.0,291688700.0,230296100.0,55153500.0,319.52555678533093,692.0,1320.0,2860188.0,1.4295101589834873
282,1348.5,662.0,298.5,1712600.0,852200.0,374000.0,416.46309418952455,694.0,1320.0,15.580060422960726,1.427035745381584,232830.0,182702.0,44463.0,293680000.0,231051400.0,55532700.0,319.99012776252397,696.0,1320.0,2869735.0,1.424561331779681
283,1412.5,713.5,348.0,1767150.0,891400.0,433500.0,433.9253080306239,698.5,1320.0,15.988086895585143,1.4306640368906622,234065.0,183521.0,44857.0,295223000.0,232078900.0,56020500.0,320.589015927165,701.0,1320.0,2883003.0,1.4367667420016434
284,1107.5,763.5,353.5,1380150.0,957550.0,440350.0,425.5661225857689,704.0,1320.0,16.169613621480025,1.4375255710575674,235045.0,184229.0,45170.0,296440300.0,232966500.0,56413400.0,321.0182785933265,707.0,1320.0,2894426.0,1.4382844001134913
285,980.0,646.5,274.0,1220400.0,809050.0,341150.0,408.8599038144087,709.5,1320.0,16.14385150812065,1.4357952330865034,236025.0,184814.0,45405.0,297663800.0,233697000.0,56702800.0,321.2948946973807,712.0,1320.0,2903877.0,1.4333060660595154
286,988.5,648.0,264.5,1281150.0,812550.0,329050.0,401.7326379707731,714.0,1320.0,15.975308641975309,1.4341943352649373,237022.0,185525.0,45699.0,299002600.0,234591600.0,57071500.0,321.65533921793116,716.0,1320.0,2915130.0,1.4350826044703593
287,989.0,721.0,353.0,1284500.0,948150.0,442150.0,433.14970737894265,691.5,1320.0,15.711511789181692,1.4455921666662999,238003.0,186256.0,46111.0,300232800.0,235593300.0,57587100.0,322.3288803220173,667.0,1320.0,2926533.0,1.4561017288622407
288,987.0,774.5,499.5,1250050.0,1027150.0,626750.0,484.8197446296884,668.0,1320.0,15.523563589412523,1.4536285959205504,238996.0,187074.0,46698.0,301502700.0,236645900.0,58325000.0,323.4337511106691,669.0,1320.0,2939176.0,1.4511554629788601
289,989.5,739.0,486.0,1251950.0,943900.0,607300.0,488.6413218906841,672.0,1320.0,15.588633288227335,1.4447694732215797,239982.0,187734.0,47083.0,302736700.0,237481100.0,58801700.0,324.0641272668434,675.0,1320.0,2949573.0,1.438383483464299
290,983.0,709.0,361.5,1230800.0,889250.0,449800.0,438.421866032901,675.5,1320.0,15.619181946403385,1.443162914710301,240962.0,188492.0,47421.0,303964300.0,238424400.0,59224600.0,324.4773118896371,676.0,1320.0,2961324.0,1.4479423459563026
291,980.0,718.0,318.0,1226850.0,892550.0,397050.0,410.58416333011115,678.0,1320.0,15.270194986072424,1.448392929208919,241942.0,189170.0,47719.0,305190400.0,239266200.0,59595800.0,324.8208931560285,680.0,1320.0,2971501.0,1.4488435124615355
292,984.5,705.0,346.0,1268800.0,913250.0,433000.0,430.2216105284622,661.0,1320.0,15.326950354609929,1.439231540406749,242931.0,189902.0,48113.0,306501900.0,240250900.0,60090600.0,325.41117956914724,642.0,1320.0,2982935.0,1.4296195683519628
293,1027.0,771.0,365.0,1322450.0,1001100.0,457500.0,426.11586956018334,647.5,1320.0,15.554474708171206,1.439220903009411,243996.0,190712.0,48449.0,307835300.0,241268400.0,60510800.0,325.7831829373485,653.0,1320.0,2995486.0,1.4488222376668591
294,1470.0,735.0,366.0,1839100.0,921650.0,458250.0,434.02864057567336,656.5,1320.0,15.414285714285715,1.442932956831826,245871.0,191372.0,48845.0,310180100.0,242094200.0,61007100.0,326.40684452681774,660.0,1320.0,3005594.0,1.437043675996793
295,1427.5,704.0,432.0,1786400.0,879900.0,538400.0,472.8542686602999,663.0,1320.0,15.367897727272727,1.4367468763256954,246851.0,192120.0,49313.0,311408100.0,243028200.0,61587600.0,327.16719219359425,666.0,1320.0,3017124.0,1.4364500766545978
296,980.0,696.5,449.5,1233550.0,869200.0,561550.0,485.0346718390597,668.5,1320.0,15.699210337401292,1.4362885250938286,247831.0,192765.0,49744.0,312647200.0,243832600.0,62130200.0,327.9060671544306,671.0,1320.0,3027463.0,1.4361269735330593
297,989.0,745.5,442.0,1283200.0,985050.0,551400.0,466.81635454626235,645.5,1320.0,15.299798792756539,1.4412645477013923,248829.0,193611.0,50197.0,313974500.0,244998300.0,62690400.0,328.52755264356796,620.0,1320.0,3039936.0,1.4464021218697254
298,990.0,787.0,425.5,1279350.0,1042950.0,529800.0,449.7382053353339,622.0,1320.0,15.271918678526049,1.4486573712652318,249811.0,194339.0,50595.0,315205900.0,245918500.0,63189800.0,329.1122816248136,624.0,1320.0,3051501.0,1.450912620660738
299,1018.0,747.0,394.0,1285550.0,947950.0,492550.0,446.4930415313811,625.0,1320.0,15.738286479250334,1.448018398641282,250865.0,195105.0,50986.0,316545600.0,246894200.0,63676500.0,329.6241702284832,626.0,1320.0,3063449.0,1.445124176621826
300,1476.0,695.5,414.0,1871050.0,891850.0,520950.0,469.06395495111576,629.0,1320.0,15.654205607476635,1.441394727092618,252763.0,195730.0,51423.0,318948000.0,247702200.0,64231700.0,330.3688019304988,632.0,1320.0,3073276.0,1.4376652775634098
301,1439.0,689.5,484.5,1818050.0,875700.0,608950.0,504.2132555959886,634.5,1320.0,15.996374184191444,1.4378306021391463,253743.0,196484.0,51955.0,320181700.0,248645600.0,64894400.0,331.27421379025566,637.0,1320.0,3085508.0,1.4379959267148827
302,987.5,774.5,528.0,1262000.0,997650.0,656050.0,496.7171636760133,620.5,1320.0,15.783731439638476,1.455357287963778,254738.0,197279.0,52479.0,321472000.0,249697500.0,65543800.0,332.1038313683841,604.0,1320.0,3097725.0,1.472718649212673
303,987.5,750.0,454.0,1251200.0,967150.0,563800.0,472.3780978897439,606.0,1320.0,15.574666666666667,1.4718470308200269,255718.0,197984.0,52863.0,322684100.0,250579900.0,66022000.0,332.62873727633115,608.0,1320.0,3108870.0,1.470975412427381
304,1376.0,680.0,403.0,1720000.0,850300.0,504650.0,469.62265868142987,614.0,1320.0,15.781617647058823,1.4640259284108237,257490.0,198639.0,53285.0,324912000.0,251398100.0,66553100.0,333.2861950175798,620.0,1320.0,3119188.0,1.457076444394266
305,1470.0,687.0,454.0,1843800.0,858200.0,567550.0,491.95437108395134,622.0,1320.0,15.864628820960698,1.445461189380648,258658.0,199358.0,53771.0,326371700.0,252296300.0,67157100.0,334.0650843418549,624.0,1320.0,3130668.0,1.4338459343670298
306,1074.0,680.0,540.0,1340200.0,852700.0,672600.0,529.387433637918,625.0,1320.0,15.86985294117647,1.4276727210570201,259638.0,199999.0,54365.0,327592400.0,253103500.0,67898300.0,335.1673064257724,626.0,1320.0,3140771.0,1.4214995077470105
307,984.5,738.0,470.0,1243300.0,930950.0,586600.0,483.7234643138919,628.5,1320.0,16.01558265582656,1.4388833750998244,260627.0,200834.0,54711.0,328858300.0,254158200.0,68330300.0,335.48000009450936,631.0,1320.0,3154307.0,1.4562672424526384
308,992.5,718.0,370.0,1280050.0,930750.0,462700.0,439.42031790805254,630.5,1320.0,15.607938718662952,1.4509285922127795,261623.0,201435.0,55105.0,330152500.0,254965000.0,68823700.0,336.0515917340486,630.0,1320.0,3163184.0,1.4455899419729206
309,993.0,649.0,379.0,1277650.0,849850.0,473850.0,461.8125588054551,632.5,1320.0,15.208782742681048,1.452174217171025,262613.0,202133.0,55469.0,331413600.0,255859100.0,69278000.0,336.4875425011563,635.0,1320.0,3174069.0,1.4587584923691295
310,1436.0,659.5,360.5,1808700.0,841500.0,450050.0,450.57823779800606,639.0,1320.0,15.471569370735406,1.4434492599407487,264495.0,202754.0,55826.0,333769900.0,256648000.0,69723800.0,336.95512007332616,643.0,1320.0,3183591.0,1.4281400275123681
311,1473.5,735.0,474.5,1843700.0,927600.0,591200.0,486.20983886930645,644.0,1320.0,15.666666666666666,1.4374938950115177,265560.0,203603.0,56418.0,335101000.0,257714300.0,70460400.0,337.8804232104619,645.0,1320.0,3197099.0,1.4468477625106675
312,1022.5,797.5,518.5,1272450.0,1000300.0,648350.0,487.7957019011202,646.0,1320.0,15.728526645768024,1.4475945697983976,266540.0,204349.0,56863.0,336314800.0,258648600.0,71020500.0,338.4750058801444,647.0,1320.0,3208678.0,1.4483413770861278
313,987.0,812.5,437.0,1261850.0,1046300.0,549650.0,448.6571078485249,630.5,1320.0,15.620307692307692,1.4589262482986238,267534.0,205228.0,57292.0,337624700.0,259806900.0,71559700.0,338.9349369043168,614.0,1320.0,3222482.0,1.4695111195111197
314,987.0,804.0,388.5,1266800.0,1034800.0,487450.0,430.71688288069726,615.0,1320.0,15.996890547263682,1.4648750779185562,268514.0,205957.0,57640.0,338848400.0,260718200.0,71995400.0,339.3096014053077,616.0,1320.0,3234401.0,1.4602390363259927
315,1470.0,710.0,359.0,1837150.0,881350.0,450600.0,438.8957491878838,618.0,1320.0,15.902816901408451,1.4544164989093846,270474.0,206648.0,58010.0,341299000.0,261569600.0,72460900.0,339.7424553494884,620.0,1320.0,3245064.0,1.4485939614927765
316,1470.0,759.0,537.5,1833650.0,942350.0,673250.0,503.48008631077204,620.5,1320.0,15.64163372859025,1.4422457512662006,271454.0,207476.0,58715.0,342515700.0,262603900.0,73341900.0,340.9076834404475,621.0,1320.0,3258148.0,1.4358975410396249
317,980.0,757.0,561.5,1217300.0,944350.0,699250.0,512.4090329122871,624.0,1320.0,15.414134742404228,1.4341264413541182,272434.0,208162.0,59133.0,343733600.0,263458300.0,73859400.0,341.44589823107253,627.0,1320.0,3268401.0,1.4323553416686112
318,980.0,736.5,394.0,1222750.0,921200.0,490500.0,448.7622884522687,628.5,1320.0,15.635437881873727,1.438334606600709,273414.0,208949.0,59503.0,344961200.0,264446300.0,74322900.0,341.81607399790977,630.0,1320.0,3281179.0,1.4443138715328065
319,1481.0,791.5,417.5,1902650.0,1042200.0,519700.0,446.5736116098754,616.0,1320.0,15.827542640555906,1.4456883740120035,275396.0,209745.0,59968.0,347538900.0,265542700.0,74898800.0,342.38837712882776,602.0,1320.0,3293456.0,1.4470628764912004
320,1483.5,745.0,512.5,1906800.0,982550.0,634600.0,498.03017713886464,602.5,1320.0,15.585234899328858,1.4456969812154346,276381.0,210439.0,60528.0,348774800.0,266411400.0,75592100.0,343.265986604979,603.0,1320.0,3304401.0,1.4443310859396687
321,982.5,701.0,553.0,1229950.0,880150.0,685450.0,525.100266594077,605.5,1320.0,15.517831669044222,1.4425419772814332,277361.0,211147.0,61074.0,349998800.0,267303000.0,76269700.0,344.07172051078135,608.0,1320.0,3315212.0,1.4407528686231976
322,980.0,720.5,457.5,1230250.0,901200.0,572650.0,478.0416137235783,611.5,1320.0,15.149895905621097,1.4448368903482554,278341.0,211880.0,61443.0,351235300.0,268213800.0,76737400.0,344.4277306861264,615.0,1320.0,3326232.0,1.448920912073313
323,980.0,728.0,367.5,1229400.0,908150.0,465150.0,435.0689233681133,616.5,1320.0,15.30631868131868,1.4521321065109927,279321.0,212603.0,61809.0,352457600.0,269119300.0,77200000.0,344.7982735458548,618.0,1320.0,3337498.0,1.455343300948672
324,1477.0,722.0,426.0,1859600.0,912450.0,536850.0,468.34803972681004,624.0,1320.0,15.745844875346261,1.4525518485924196,281295.0,213324.0,62295.0,354954500.0,270038700.0,77811100.0,345.46002900212534,630.0,1320.0,3348969.0,1.4497603962361671
325,1477.0,742.0,489.5,1858700.0,946150.0,613250.0,489.48358619747376,635.0,1320.0,15.642183288409704,1.449194154345769,282275.0,214087.0,62788.0,356175000.0,271011600.0,78426500.0,346.0853522819662,640.0,1320.0,3360711.0,1.448627912455371
326,980.0,772.5,480.5,1223200.0,974750.0,599050.0,475.5062987452102,642.0,1320.0,15.436245954692557,1.445339634605005,283255.0,214869.0,63256.0,357400900.0,271988200.0,79009200.0,346.6317897283326,644.0,1320.0,3372818.0,1.442051356754639
327,980.0,720.0,408.0,1223600.0,897150.0,507600.0,458.97506485827216,647.0,1320.0,15.715972222222222,1.4423288841023747,284235.0,215527.0,63604.0,358622200.0,272805900.0,79441700.0,346.997752522614,650.0,1320.0,3383342.0,1.4426064114501107
328,982.0,731.0,348.5,1229350.0,914750.0,436150.0,427.4169351347415,652.5,1320.0,15.751025991792066,1.4513320552669864,285219.0,216331.0,63953.0,359859600.0,273817700.0,79881500.0,347.25406973337147,655.0,1320.0,3395846.0,1.4600576990838618
329,1484.0,740.5,407.5,1892300.0,943450.0,510400.0,453.88997553362225,659.5,1320.0,15.602295746117488,1.4555456015575299,287203.0,217008.0,64419.0,362406800.0,274692800.0,80462500.0,347.8698242997824,664.0,1320.0,3406449.0,1.451033504031198
330,1482.0,718.5,482.0,1884200.0,930900.0,599800.0,492.2886587921652,659.0,1320.0,15.615866388308977,1.4442834044880475,288183.0,217768.0,64917.0,363628000.0,275679500.0,81081100.0,348.48592868708397,654.0,1320.0,3418286.0,1.4375333049448973
331,981.0,758.0,447.5,1219750.0,968400.0,557700.0,465.1985439949688,656.5,1320.0,15.443931398416886,1.4380536970961204,289165.0,218524.0,65314.0,364846300.0,276629600.0,81577900.0,348.8664475256551,659.0,1320.0,3429862.0,1.4385740892473433
332,981.0,738.0,363.5,1222100.0,919950.0,455250.0,430.30913438512073,662.5,1320.0,15.447154471544716,1.440475400029904,290145.0,219244.0,65644.0,366072200.0,277519400.0,81991600.0,349.11865636305816,666.0,1320.0,3441086.0,1.4423767108124645
333,980.0,689.5,330.5,1225850.0,858150.0,414050.0,426.15241650455465,667.0,1320.0,15.541696881798405,1.443983597248339,291125.0,219905.0,65975.0,367298000.0,278348300.0,82406000.0,349.4162709481086,668.0,1320.0,3451323.0,1.4455904836842137
334,980.0,719.0,331.0,1225500.0,896400.0,411800.0,420.1146515880951,669.5,1320.0,15.686369958275382,1.44617967626754,292105.0,220682.0,66306.0,368523200.0,279312200.0,82815200.0,349.63816097639653,671.0,1320.0,3463643.0,1.4467688688508666
335,1477.5,726.0,342.5,1869100.0,929100.0,427150.0,424.42459326416855,672.5,1320.0,15.679063360881543,1.4447785766580465,294080.0,221357.0,66660.0,371036200.0,280206500.0,83260300.0,349.972810266237,674.0,1320.0,3474089.0,1.4427882844652264
336,1477.5,679.0,372.0,1863600.0,874300.0,465700.0,453.3829356213649,675.5,1320.0,15.683357879234167,1.4384726434134798,295060.0,222040.0,67050.0,372250400.0,281060800.0,83746600.0,350.39249878228355,677.0,1320.0,3484941.0,1.434157002361733
337,980.0,664.5,444.5,1221650.0,830600.0,556600.0,493.86161843945195,680.0,1320.0,15.868322046651619,1.4377097477382959,296040.0,222686.0,67549.0,373479500.0,281867700.0,84373500.0,351.0724205011451,683.0,1320.0,3495178.0,1.4412624931148588
338,981.0,700.5,422.0,1232600.0,873700.0,527850.0,473.1648961155912,684.5,1320.0,15.950749464668094,1.4412909062964694,297022.0,223441.0,67894.0,374715600.0,282808200.0,84802300.0,351.3385712830587,686.0,1320.0,3507288.0,1.44131931947808
339,981.0,721.5,353.5,1235200.0,896800.0,441150.0,430.52580735928456,688.5,1320.0,15.51074151074151,1.4395195190831318,298002.0,224129.0,68256.0,375949900.0,283661300.0,85255800.0,351.656666552567,691.0,1320.0,3517560.0,1.4377197186881834
340,993.0,719.5,390.0,1282400.0,933350.0,487150.0,444.90512244129474,676.0,1320.0,14.824878387769283,1.4370659182926642,299008.0,224880.0,68674.0,377280400.0,284674900.0,85776600.0,352.0458489117754,661.0,1320.0,3528621.0,1.436412117897145
341,993.0,765.5,383.5,1276650.0,995150.0,480350.0,433.5508852700676,664.0,1320.0,15.36120182887002,1.4428383894705012,299988.0,225660.0,69023.0,378503200.0,285651600.0,86216500.0,352.29529489085934,667.0,1320.0,3541078.0,1.4492646610438573
342,1233.0,779.5,328.5,1541550.0,979350.0,411100.0,405.6685269020079,670.0,1320.0,15.858242463117383,1.4515696097684234,301474.0,226439.0,69331.0,380363500.0,286633600.0,86598800.0,352.4476065424561,673.0,1320.0,3553344.0,1.4538745584929893
343,1241.0,752.0,347.0,1550350.0,948300.0,429950.0,420.69249953609403,676.5,1320.0,15.569148936170214,1.4554459169450185,302470.0,227164.0,69717.0,381603900.0,287548200.0,87076400.0,352.80168316026777,680.0,1320.0,3564494.0,1.4570172753970476
344,988.0,732.5,376.0,1232900.0,920900.0,467200.0,439.96611422205723,682.5,1320.0,15.486689419795221,1.4566549788489933,303450.0,227904.0,70083.0,382829300.0,288475400.0,87533200.0,353.09873740227795,685.0,1320.0,3576032.0,1.456292682300939
345,1219.5,724.5,365.5,1539650.0,927750.0,455200.0,435.48332486028215,692.5,1320.0,15.303657694962043,1.4507955350392177,304909.0,228613.0,70448.0,384683200.0,289403700.0,87986800.0,353.404389560989,700.0,1320.0,3586669.0,1.445298387777496
346,1219.5,727.0,355.5,1539650.0,925000.0,441300.0,429.46858897540693,703.0,1320.0,15.360385144429161,1.4432361570875845,305889.0,229358.0,70794.0,385908600.0,290325400.0,88415800.0,353.6495940637557,706.0,1320.0,3598366.0,1.441173926397673
347,980.0,719.5,313.0,1223000.0,891350.0,390500.0,408.3871390441205,709.0,1320.0,15.518415566365531,1.4289466840593945,306869.0,230052.0,71074.0,387129200.0,291186400.0,88767800.0,353.7814389611824,712.0,1320.0,3609000.0,1.416719441721116
348,980.0,683.0,322.5,1221200.0,850950.0,404450.0,423.4190568651556,715.0,1320.0,15.348462664714495,1.4197683663030805,307849.0,230724.0,71439.0,388351000.0,292027300.0,89224700.0,354.11393413747004,718.0,1320.0,3619332.0,1.422817290885045
349,981.5,706.0,338.0,1231650.0,883350.0,426900.0,427.8543942746353,719.5,1320.0,15.670679886685553,1.4205562032748178,308832.0,231464.0,71750.0,389592500.0,292953100.0,89621600.0,354.29152204011217,721.0,1320.0,3631127.0,1.4182951156645909
350,981.5,736.0,299.0,1229550.0,919350.0,377750.0,399.7296569099509,724.0,1320.0,15.883152173913043,1.4214037101015995,309812.0,232196.0,72037.0,390810100.0,293866000.0,89980200.0,354.4243033154978,727.0,1320.0,3642712.0,1.4245123045386083
351,993.0,752.0,296.0,1281350.0,985150.0,371900.0,390.3624524016526,721.5,1320.0,15.34375,1.429552983410026,310818.0,232968.0,72342.0,392155200.0,294923400.0,90365400.0,354.5391545121499,716.0,1320.0,3654204.0,1.4345936622814435
352,998.0,761.5,301.0,1308850.0,1004300.0,380000.0,389.62042319596173,717.5,1320.0,15.23112278397899,1.4336536408267848,311808.0,233719.0,72639.0,393427800.0,295874600.0,90740200.0,354.6684351963237,719.0,1320.0,3665909.0,1.4327136193721262
353,1160.0,683.5,302.5,1468500.0,859850.0,380000.0,411.12461169438126,723.0,1320.0,15.509875640087783,1.4340505972080373,313138.0,234335.0,72947.0,395092200.0,296643100.0,91125400.0,354.9022949550115,727.0,1320.0,3675406.0,1.4353875750439484
354,1237.5,657.5,294.5,1544550.0,822300.0,367500.0,414.6663833573051,729.0,1320.0,15.634220532319391,1.4393429429868414,314283.0,235034.0,73228.0,396516900.0,297519200.0,91475200.0,355.0390163685033,731.0,1320.0,3686468.0,1.4432983109297344
355,1062.5,746.5,288.5,1322550.0,934600.0,358450.0,388.5002194990045,734.5,1320.0,15.527796383121233,1.4417979068951694,315263.0,235828.0,73524.0,397737300.0,298512300.0,91842300.0,355.12711232747387,738.0,1320.0,3698589.0,1.4402975028606044
356,986.0,767.5,295.5,1261750.0,974650.0,370400.0,386.8802320400431,730.5,1320.0,15.323778501628665,1.4383778865018235,316255.0,236569.0,73819.0,399040400.0,299468500.0,92216000.0,355.25711250790795,723.0,1320.0,3709990.0,1.4364582701430428
357,986.0,712.0,350.0,1271350.0,921000.0,440250.0,430.7283755974102,700.0,1320.0,15.338483146067416,1.4300356916862622,317235.0,237252.0,74224.0,400280000.0,300354300.0,92722800.0,355.6426483019481,677.0,1320.0,3720431.0,1.4236131132294814
358,980.0,717.5,386.5,1232050.0,914050.0,484850.0,448.91912726007644,680.5,1320.0,15.558188153310105,1.4291821421942097,318215.0,238004.0,74592.0,401504500.0,301296600.0,93185700.0,355.9186876034711,684.0,1320.0,3732316.0,1.4347511711589382
359,1136.0,681.0,344.5,1421700.0,857250.0,434350.0,439.0886620232705,686.5,1320.0,15.883994126284875,1.4244941008290524,319507.0,238614.0,74913.0,403123400.0,302068800.0,93591500.0,356.18852720278323,689.0,1320.0,3742065.0,1.4142370304991665
360,983.0,649.0,326.5,1229100.0,815200.0,407400.0,437.870542299394,690.5,1320.0,15.855161787365176,1.4247227085826153,320181.0,239302.0,75245.0,403962700.0,302927000.0,94000500.0,356.4269997746626,692.0,1320.0,3752896.0,1.4352083866660643
361,829.5,689.5,317.0,1040550.0,861150.0,396700.0,419.0894691267337,694.5,1320.0,15.632342277012327,1.440161962332162,321166.0,239993.0,75547.0,405204500.0,303791100.0,94384900.0,356.5898062675389,697.0,1320.0,3763622.0,1.4451155379982596
362,992.0,676.0,337.0,1274850.0,870600.0,425100.0,434.1671491742146,693.0,1320.0,15.667899408284024,1.448245738832509,322165.0,240654.0,75919.0,406512400.0,304668200.0,94850700.0,356.92452022866064,689.0,1320.0,3774079.0,1.4513759396667585
363,993.0,684.5,352.5,1271050.0,893200.0,441200.0,441.90845621933283,691.5,1320.0,15.804967129291454,1.453506672447906,323152.0,241362.0,76252.0,407746600.0,305577500.0,95267300.0,357.1469318350521,694.0,1320.0,3785259.0,1.4556374052290535
364,1216.0,723.0,366.0,1521200.0,909200.0,456950.0,438.5767261676087,702.0,1320.0,15.822959889349931,1.459454448709228,324597.0,242100.0,76651.0,409554800.0,306486600.0,95764600.0,357.48244319842416,710.0,1320.0,3796959.0,1.4632714921894028
365,1212.5,707.0,368.5,1516900.0,873150.0,459800.0,446.37633367920074,715.0,1320.0,16.096888260254598,1.4545016793839913,325577.0,242776.0,76989.0,410780400.0,307323800.0,96186900.0,357.7471615142434,720.0,1320.0,3808020.0,1.4457318665785797
366,980.0,691.5,344.5,1230750.0,862900.0,431700.0,437.72651113558936,722.0,1320.0,15.981923355025307,1.4487926921721221,326557.0,243483.0,77340.0,412016300.0,308212400.0,96628000.0,358.00069067060036,724.0,1320.0,3819062.0,1.4518535177656646
367,980.0,669.0,308.0,1233300.0,838850.0,388050.0,419.6390068533576,727.0,1320.0,15.481315396113603,1.4446858670693077,327537.0,244114.0,77605.0,413247000.0,309001500.0,96963000.0,358.12306926539503,730.0,1320.0,3828734.0,1.4375182163729507
368,986.5,616.5,250.0,1259250.0,796650.0,314650.0,392.9646909513363,729.0,1320.0,15.063260340632603,1.4372821998710914,328530.0,244716.0,77840.0,414534800.0,309805700.0,97257300.0,358.18854212115923,728.0,1320.0,3837635.0,1.437046183369232
369,986.5,609.0,253.0,1257300.0,786300.0,315650.0,398.4280054773853,730.5,1320.0,15.201149425287356,1.4346303067146888,329510.0,245332.0,78111.0,415761600.0,310574100.0,97594300.0,358.3379006577258,733.0,1320.0,3847249.0,1.4322144300601456
370,983.5,634.5,267.0,1233550.0,803000.0,335200.0,402.70112916207415,737.5,1320.0,15.341213553979511,1.4342141508841202,330497.0,245985.0,78374.0,417001900.0,311411700.0,97927700.0,358.4359722662604,742.0,1320.0,3857103.0,1.436213871708095
371,983.5,682.0,257.0,1231750.0,864150.0,321950.0,381.5409792890074,747.5,1320.0,15.112170087976539,1.4340982900825594,331477.0,246696.0,78625.0,418225100.0,312302400.0,98238200.0,358.4718464579344,753.0,1320.0,3867862.0,1.4319827084570236
372,911.0,713.5,235.5,1154150.0,912200.0,294500.0,361.3367667760862,755.0,1320.0,15.308339173090399,1.4355696731542515,332319.0,247412.0,78845.0,419310200.0,313236100.0,98516700.0,358.4528476374546,757.0,1320.0,3878948.0,1.4391566378514793
373,920.0,727.5,209.5,1215250.0,951750.0,260500.0,341.387466593237,748.0,1320.0,15.391752577319588,1.4408753137704524,333317.0,248151.0,79044.0,420655600.0,314205900.0,98759200.0,358.3739961611188,739.0,1320.0,3890257.0,1.4425939896894253
374,989.0,734.0,259.0,1281550.0,970750.0,320400.0,372.5689653007221,725.5,1320.0,15.365122615803815,1.445555838087757,334297.0,248880.0,79363.0,421873300.0,315177600.0,99157500.0,358.53825573352725,712.0,1320.0,3901504.0,1.4485176864860885
375,980.0,711.5,285.5,1221850.0,917400.0,354250.0,394.93877176512285,717.0,1320.0,15.552354181307098,1.4605008450890729,335277.0,249576.0,79615.0,423099300.0,316043300.0,99467700.0,358.5945262270802,722.0,1320.0,3912430.0,1.4724840036920572
376,980.0,706.5,265.5,1220800.0,879900.0,330100.0,383.6937113137174,725.0,1320.0,15.499646142958245,1.4569201866711263,336257.0,250293.0,79894.0,424314900.0,316937400.0,99817700.0,358.6863603095645,728.0,1320.0,3923405.0,1.4413563696501954
377,980.0,658.0,264.5,1221550.0,818550.0,328500.0,394.89159973525784,730.5,1320.0,15.443768996960486,1.4488101805264462,337237.0,250900.0,80144.0,425542400.0,317689900.0,100124700.0,358.793081180336,733.0,1320.0,3932924.0,1.4562639914026967
378,820.0,617.5,233.0,1059900.0,763500.0,288900.0,386.6073429110467,735.5,1320.0,15.910121457489879,1.4499295434697697,337897.0,251528.0,80362.0,426434700.0,318464400.0,100398100.0,358.83331929803813,738.0,1320.0,3943054.0,1.4435950955368428
379,571.5,688.5,239.0,746550.0,881450.0,298550.0,370.8231142109538,735.5,1320.0,15.561365286855484,1.4418647785064351,338380.0,252277.0,80622.0,427035500.0,319452800.0,100721800.0,358.8601156600783,733.0,1320.0,3954352.0,1.4401344614760272
380,731.5,690.0,255.0,912150.0,889100.0,317000.0,378.22157141223323,735.5,1320.0,15.114492753623189,1.4366096225086102,339360.0,252908.0,80872.0,428259000.0,320242600.0,101032100.0,358.94310357659225,738.0,1320.0,3963912.0,1.4330847835411935
381,982.5,620.5,256.0,1226350.0,783050.0,318250.0,395.5592692839687,742.0,1320.0,14.883158742949234,1.4372513261326678,340345.0,253518.0,81134.0,429488200.0,321018900.0,101358300.0,359.05235600617715,746.0,1320.0,3972822.0,1.441417868724142
382,983.5,668.5,262.0,1229250.0,846350.0,326650.0,386.10164490109634,748.5,1320.0,14.820493642483171,1.448761181487899,341327.0,254245.0,81396.0,430717500.0,321935300.0,101685400.0,359.0936872222281,751.0,1320.0,3983727.0,1.456104494251656
383,989.0,691.5,254.5,1251600.0,883300.0,315800.0,377.48519153319114,751.5,1320.0,15.170643528561099,1.4553758310506053,342323.0,254901.0,81643.0,431991400.0,322785500.0,101989900.0,359.1559826488066,752.0,1320.0,3993803.0,1.454647167849555
384,994.5,678.0,277.5,1281550.0,889550.0,345250.0,398.1336890515315,738.0,1320.0,15.517699115044248,1.451692611527202,343316.0,255601.0,81951.0,433280600.0,323714400.0,102375900.0,359.3147063348263,724.0,1320.0,4004769.0,1.448738055204849
385,986.5,674.0,293.5,1252000.0,869050.0,365750.0,410.3228096285313,726.5,1320.0,15.539317507418398,1.440373367927827,344296.0,256249.0,82230.0,434495400.0,324523600.0,102721400.0,359.448490633661,729.0,1320.0,4014750.0,1.4320086806508052
386,980.0,655.5,266.5,1218300.0,819500.0,331650.0,398.33606747503694,732.0,1320.0,15.634630053394355,1.4348773759615705,345276.0,256912.0,82484.0,435717200.0,325353400.0,103039200.0,359.52671646441655,735.0,1320.0,4025266.0,1.437746071272336
387,980.0,643.0,258.5,1224450.0,802750.0,325550.0,398.24953483369654,737.0,1320.0,16.035769828926906,1.4369404771482126,346256.0,257535.0,82747.0,436944300.0,326129100.0,103372500.0,359.65407977059056,739.0,1320.0,4035372.0,1.4361348830240892
388,980.0,650.5,248.0,1225650.0,808600.0,312500.0,389.6467677842316,748.5,1320.0,16.080707148347425,1.4353247871547459,347236.0,258213.0,82980.0,438168500.0,326970600.0,103664200.0,359.68535316628834,758.0,1320.0,4046187.0,1.4345146912854025
389,987.0,664.5,270.0,1264650.0,861800.0,337350.0,399.1347045830475,733.0,1320.0,15.80285929270128,1.4374187311844957,348230.0,258864.0,83287.0,439473600.0,327852700.0,104047200.0,359.8697427023789,708.0,1320.0,4056374.0,1.4403227710835889
390,913.0,639.5,291.5,1175500.0,832650.0,358550.0,418.35086756707574,709.0,1320.0,15.59968725566849,1.439263542935091,349062.0,259492.0,83563.0,440519500.0,328635900.0,104381300.0,360.003772043186,710.0,1320.0,4066139.0,1.438204314786593
391,908.0,604.5,311.5,1143050.0,758550.0,385500.0,439.83567524984693,712.5,1320.0,15.445822994210092,1.4314038162603029,350046.0,260073.0,83910.0,441759700.0,329369800.0,104818200.0,360.2956288317143,715.0,1320.0,4075048.0,1.424603317734013
392,948.5,586.0,303.0,1188500.0,737200.0,379800.0,442.1932319556186,717.5,1320.0,15.588737201365188,1.4329966969490027,350959.0,260665.0,84169.0,442896500.0,330111600.0,105140900.0,360.42670511399496,720.0,1320.0,4084417.0,1.4413900761639924
393,951.5,645.5,228.0,1197500.0,810950.0,286650.0,371.8688115764126,722.5,1320.0,15.201394268009295,1.4340819232573838,351949.0,261364.0,84366.0,444154700.0,330991700.0,105391500.0,360.3541090048406,725.0,1320.0,4094673.0,1.426773770350775
394,996.5,653.0,208.5,1283950.0,830650.0,262650.0,352.1211109751624,727.5,1320.0,14.849923430321592,1.418536444910399,352952.0,261971.0,84586.0,445464400.0,331772900.0,105666200.0,360.38541165086696,730.0,1320.0,4103811.0,1.410299119470023
395,991.5,640.5,218.5,1268300.0,833550.0,271400.0,363.0558870497816,733.0,1320.0,14.879781420765028,1.4100920276702222,353932.0,262645.0,84803.0,446691300.0,332658800.0,105934300.0,360.3674682835849,736.0,1320.0,4113734.0,1.4098849358704217
396,682.0,687.0,217.5,857600.0,881650.0,270600.0,357.1454604824272,737.5,1320.0,15.629548762736535,1.4124422335125937,354316.0,263345.0,85021.0,447179600.0,333536200.0,106207400.0,360.3685871856099,739.0,1320.0,4125286.0,1.4149995311547656
397,597.5,728.5,241.5,751550.0,911800.0,301650.0,368.1431060659117,741.0,1320.0,16.171585449553877,1.4114346163920388,355127.0,264102.0,85286.0,448194400.0,334482400.0,106537600.0,360.41064302713073,743.0,1320.0,4137296.0,1.407869701629312
398,895.5,710.5,262.0,1118150.0,886250.0,325600.0,384.6889244741596,744.0,1320.0,16.047149894440533,1.4147553333218854,356107.0,264766.0,85545.0,449415900.0,335308700.0,106858600.0,360.5036187890323,745.0,1320.0,4148089.0,1.4216409650144588
399,980.0,635.5,255.5,1222250.0,794700.0,316750.0,401.848753469853,748.5,1320.0,16.363493312352478,1.4258022662337642,357087.0,265373.0,85797.0,450638900.0,336071800.0,107171100.0,360.6209192831002,752.0,1320.0,4158094.0,1.4299635674530695
400,986.5,613.5,242.5,1258700.0,795350.0,299350.0,397.9541478346692,753.0,1320.0,16.12713936430318,1.4219357705885964,358080.0,265993.0,86030.0,451933300.0,336899400.0,107457300.0,360.6857526431434,754.0,1320.0,4167877.0,1.4139079737241231
401,986.5,636.5,237.5,1257650.0,820900.0,293750.0,383.7880212941753,756.0,1320.0,15.714061272584447,1.4180772467332106,359060.0,266646.0,86272.0,453154200.0,337713600.0,107758600.0,360.7356657520109,758.0,1320.0,4178098.0,1.4222465197422982
402,981.5,662.5,231.5,1228750.0,831650.0,285950.0,373.83283329026676,759.5,1320.0,15.833962264150943,1.4240799069601737,360043.0,267318.0,86493.0,454390800.0,338562700.0,108029200.0,360.7521920138719,761.0,1320.0,4188857.0,1.4259132941780492
403,983.0,701.5,226.0,1239150.0,883050.0,280000.0,362.0664761958419,763.5,1320.0,15.893086243763364,1.4229451928708334,361026.0,268049.0,86724.0,455632500.0,339479700.0,108318600.0,360.74262415463204,766.0,1320.0,4200396.0,1.4199770915636174
404,878.5,736.0,227.5,1112100.0,931800.0,285500.0,353.40915156005144,768.0,1320.0,15.737771739130435,1.4323162661476134,361800.0,268790.0,86948.0,456615000.0,340426300.0,108600200.0,360.7124154396675,770.0,1320.0,4212023.0,1.4446554407316092
405,885.5,683.5,203.0,1134800.0,878250.0,255900.0,346.45551136828374,771.5,1320.0,15.567666422823702,1.4365410676434047,362797.0,269416.0,87130.0,457902100.0,341236200.0,108830400.0,360.6715784803855,773.0,1320.0,4221677.0,1.4284266945552
406,989.0,638.0,200.0,1258300.0,823150.0,252000.0,355.20215119050226,764.5,1320.0,15.553291536050157,1.431392487276765,363778.0,270066.0,87348.0,459131600.0,342072600.0,109104200.0,360.6865764885304,756.0,1320.0,4231869.0,1.4343582799983297
407,926.0,617.0,205.0,1154400.0,785350.0,257050.0,365.5725704125189,759.0,1320.0,15.703403565640194,1.4376240192976526,364649.0,270650.0,87540.0,460210900.0,342806900.0,109344500.0,360.69407277318027,762.0,1320.0,4241055.0,1.4408897585969755
408,597.5,662.0,219.0,739250.0,831450.0,273150.0,364.75872252691886,762.0,1320.0,15.590634441087614,1.439341805157439,364973.0,271390.0,87786.0,460610100.0,343735500.0,109650500.0,360.7065531053413,762.0,1320.0,4252511.0,1.4377938517179023
409,652.0,684.0,238.5,815500.0,854500.0,296950.0,371.3056167027625,765.5,1320.0,15.498538011695906,1.428968778711929,365953.0,272018.0,88017.0,461841900.0,344515900.0,109938400.0,360.74845164898477,769.0,1320.0,4262257.0,1.4201437057059556
410,980.0,607.5,237.0,1229550.0,754150.0,295450.0,387.38100044605557,772.5,1320.0,15.218930041152264,1.4201875674834956,366933.0,272605.0,88260.0,463069200.0,345243800.0,110241400.0,360.8314007396605,776.0,1320.0,4271002.0,1.4202314292610358
411,985.0,635.0,226.5,1246550.0,803600.0,281900.0,372.5626590840046,778.5,1320.0,15.100787401574804,1.4194094599311877,367923.0,273288.0,88470.0,464335000.0,346123100.0,110502200.0,360.8047209765759,781.0,1320.0,4281435.0,1.4185874906013396
412,985.0,677.0,222.5,1239800.0,860500.0,277400.0,364.0456206807511,783.0,1320.0,15.736336779911374,1.4233615225636609,368903.0,273959.0,88705.0,465548800.0,346964800.0,110796200.0,360.8473449240132,785.0,1320.0,4292309.0,1.4281355545259822
413,982.5,621.5,216.0,1227250.0,783350.0,270000.0,377.1134254198392,787.0,1320.0,16.205953338696702,1.4314364177967693,369888.0,274531.0,88902.0,466789500.0,347689800.0,111042200.0,360.87988498188747,789.0,1320.0,4301579.0,1.4347372810675563
414,880.5,648.5,190.0,1118050.0,825650.0,238250.0,347.30525496497523,792.0,1320.0,15.735543562066306,1.4319344012335593,370664.0,275256.0,89085.0,467784900.0,348616100.0,111272700.0,360.78501297437987,795.0,1320.0,4312718.0,1.4291315213995626
415,881.0,640.5,136.5,1126700.0,807200.0,171550.0,301.521107871099,801.5,1320.0,15.402810304449648,1.434762216220168,371650.0,275812.0,89175.0,469042900.0,349304200.0,111385300.0,360.6271539541247,808.0,1320.0,4321310.0,1.4403929110407738
416,957.0,612.0,192.0,1235750.0,791250.0,240800.0,355.87232709547635,793.5,1320.0,15.441176470588236,1.4351751943349003,372578.0,276480.0,89469.0,470256400.0,350198600.0,111754300.0,360.7634263628766,779.0,1320.0,4331618.0,1.429957477629027
417,954.0,652.0,269.5,1215850.0,850900.0,336500.0,400.9374497652501,782.0,1320.0,15.434815950920246,1.4290385931838143,373558.0,277116.0,89714.0,471474600.0,351006000.0,112058300.0,360.8296779439291,785.0,1320.0,4341437.0,1.4281197087386017
418,630.5,630.0,214.5,785350.0,796100.0,268750.0,369.57934020560214,785.5,1320.0,15.71031746031746,1.4206093497463,373839.0,277740.0,89902.0,471827100.0,351790800.0,112296600.0,360.81087204311694,786.0,1320.0,4351413.0,1.4130989907539981
419,630.5,639.5,220.0,790400.0,800800.0,277950.0,370.6034321923688,788.5,1320.0,15.575449569976545,1.4072669568087461,374819.0,278395.0,90154.0,473055400.0,352607600.0,112614200.0,360.87526505324996,791.0,1320.0,4361358.0,1.4014349228634941
420,980.0,620.0,241.0,1227900.0,775000.0,305200.0,389.43470626734626,795.0,1320.0,15.448387096774194,1.414765946654505,375799.0,278980.0,90384.0,474282900.0,353340800.0,112907000.0,360.94431829812305,799.0,1320.0,4370569.0,1.428096970445516
421,980.0,653.0,204.5,1229450.0,821900.0,259600.0,358.69776853209993,802.0,1320.0,16.018376722817763,1.4267074541364126,376779.0,279703.0,90563.0,475514300.0,354254000.0,113133400.0,360.864078786527,805.0,1320.0,4382303.0,1.4253179378273093
422,987.5,675.5,210.5,1265900.0,871550.0,265350.0,358.0687864470729,794.0,1320.0,15.943745373797187,1.410368368866234,377774.0,280331.0,90805.0,476814700.0,355083900.0,113437700.0,360.9305889847717,783.0,1320.0,4392109.0,1.3954187999051588
423,848.5,661.5,212.5,1093500.0,850550.0,265150.0,359.1208823053795,786.5,1320.0,15.523053665910808,1.4043013822528798,378476.0,281026.0,90988.0,477701300.0,355955100.0,113663700.0,360.85588794572755,790.0,1320.0,4402840.0,1.413183964600601
424,847.0,685.5,180.5,1079550.0,864250.0,224600.0,330.4357094319744,793.0,1320.0,15.619985412107951,1.4132638397082364,379468.0,281702.0,91170.0,478973800.0,356812400.0,113892000.0,360.79578440373166,796.0,1320.0,4413524.0,1.413343714815872
425,986.5,660.5,160.0,1253450.0,840300.0,200100.0,321.3932233257402,799.5,1320.0,15.906888720666162,1.4146697328412356,380449.0,282347.0,91309.0,480208200.0,357635700.0,114065100.0,360.6842860216876,803.0,1320.0,4423853.0,1.4159957508665995
426,631.5,693.0,172.5,791800.0,878300.0,214550.0,324.0098949971723,803.5,1320.0,15.781385281385282,1.4103697350571198,380731.0,283088.0,91515.0,480557400.0,358569000.0,114321100.0,360.62580078223783,804.0,1320.0,4435397.0,1.40474371924764
427,631.0,686.0,209.5,783350.0,859750.0,261350.0,352.05928559303305,805.0,1320.0,15.646501457725947,1.402607965488134,381711.0,283719.0,91728.0,481774900.0,359355200.0,114587800.0,360.64314206323866,806.0,1320.0,4445320.0,1.4004722117286283
428,987.5,653.0,303.0,1278050.0,863900.0,378300.0,421.4198744819937,772.0,1320.0,15.505359877488514,1.4054332526436109,382706.0,284394.0,92121.0,483113500.0,360296800.0,115077700.0,360.9345222645532,738.0,1320.0,4455647.0,1.4103942935585936
429,987.5,664.0,322.0,1280900.0,882650.0,403900.0,430.34598928054066,739.5,1320.0,15.620481927710843,1.4088239707908856,383686.0,285047.0,92372.0,484336700.0,361120500.0,115395600.0,361.00733680360014,741.0,1320.0,4466064.0,1.4072536480231777
430,980.0,671.5,256.5,1227000.0,845500.0,323500.0,390.6882579307493,743.5,1320.0,15.946388682055101,1.4095315642485209,384666.0,285737.0,92634.0,485567500.0,361987800.0,115724700.0,361.08047143453916,746.0,1320.0,4477063.0,1.4118094804738641
431,980.0,653.5,255.5,1223850.0,815500.0,319500.0,393.7028220433377,749.0,1320.0,15.851568477429227,1.411166798997284,385646.0,286354.0,92883.0,486784400.0,362751500.0,116034600.0,361.16407359923454,752.0,1320.0,4486782.0,1.4105241175207042
432,980.0,617.0,236.0,1225550.0,766350.0,295300.0,386.30320327076413,753.0,1320.0,15.486223662884926,1.4112218821373195,386626.0,286971.0,93106.0,488018600.0,363520500.0,116315300.0,361.19368528465975,754.0,1320.0,4496173.0,1.411919646753935
433,987.5,645.5,239.5,1258200.0,827000.0,297000.0,381.28271390665606,753.0,1320.0,15.547637490317584,1.4219361938579582,387621.0,287645.0,93362.0,489300800.0,364405500.0,116628600.0,361.257536431529,752.0,1320.0,4506854.0,1.4319527409619812
434,849.0,688.0,239.0,1083100.0,881550.0,296150.0,371.62871874662585,755.0,1320.0,15.622093023255815,1.4311283262116028,388324.0,288347.0,93584.0,490184800.0,365283600.0,116907600.0,361.24433985849225,758.0,1320.0,4517669.0,1.4303039114612246
435,851.5,696.0,215.0,1086850.0,883350.0,271150.0,352.52050770651135,758.0,1320.0,15.439655172413794,1.4299338265794288,389324.0,289037.0,93792.0,491474500.0,366172200.0,117170900.0,361.2159542464359,758.0,1320.0,4528346.0,1.429563741697633
436,992.0,683.0,188.5,1262100.0,873000.0,237650.0,335.85112999359745,761.5,1320.0,15.533674963396779,1.4282127058758918,390308.0,289713.0,93961.0,492709000.0,367029600.0,117382900.0,361.12898055659883,765.0,1320.0,4538888.0,1.4268616700541505
437,708.5,659.5,186.5,890150.0,836050.0,232950.0,340.1527517837417,765.0,1320.0,15.57543593631539,1.423742433491772,390741.0,290356.0,94165.0,493254800.0,367844300.0,117636800.0,361.1232702615114,765.0,1320.0,4548890.0,1.4206231969293939
438,631.0,668.5,226.0,787500.0,842350.0,280700.0,367.94875692105546,767.5,1320.0,15.679880329094988,1.431841026601807,391570.0,291053.0,94413.0,494284000.0,368717600.0,117944300.0,361.15910726995764,770.0,1320.0,4559901.0,1.44305885627422
439,910.5,682.0,269.0,1160850.0,875950.0,334550.0,392.9427557025586,765.0,1320.0,15.667155425219942,1.4331353161465783,392562.0,291720.0,94703.0,495576500.0,369596200.0,118305900.0,361.2798879092942,760.0,1320.0,4570260.0,1.4232117760189364
440,986.0,638.0,261.5,1254700.0,819600.0,325300.0,400.1659432041025,763.0,1320.0,15.689655172413794,1.428478650782003,393542.0,292329.0,94936.0,496793400.0,370356800.0,118594900.0,361.34030954190393,766.0,1320.0,4579921.0,1.43374552554507
441,980.0,629.5,238.0,1222550.0,786300.0,294850.0,384.95934742040157,768.0,1320.0,15.499602859412231,1.4348298270211595,394522.0,292979.0,95179.0,498021600.0,371168800.0,118895600.0,361.3857310511364,770.0,1320.0,4589774.0,1.435914128497249
442,980.0,643.0,230.0,1226600.0,807500.0,287900.0,374.7860131055907,773.5,1320.0,15.337480559875583,1.4355610172350497,395502.0,293615.0,95396.0,499246600.0,371971800.0,119170700.0,361.4006579598719,777.0,1320.0,4599645.0,1.4352079059728502
443,980.0,657.0,204.5,1224000.0,823850.0,258450.0,354.3299318645751,781.0,1320.0,15.520547945205479,1.429455381941659,396482.0,294293.0,95588.0,500469600.0,372816500.0,119412500.0,361.354549377758,785.0,1320.0,4610168.0,1.423702857910468
444,986.0,655.0,224.0,1258000.0,839000.0,282000.0,368.3954652721139,769.0,1320.0,15.552671755725191,1.4223674843524825,397474.0,294925.0,95844.0,501762600.0,373649800.0,119734700.0,361.43212634977726,753.0,1320.0,4620019.0,1.421032110794497
445,853.0,673.0,278.5,1110400.0,873050.0,346500.0,399.20422079631203,754.5,1320.0,15.460624071322437,1.425166420911784,398188.0,295639.0,96145.0,502690400.0,374562600.0,120105500.0,361.5383953865527,756.0,1320.0,4630978.0,1.4293007310290713
446,847.0,710.5,262.5,1070700.0,909050.0,325800.0,381.97383382978126,759.0,1320.0,15.600281491907108,1.4313159374545008,399168.0,296346.0,96369.0,503904000.0,375467900.0,120386300.0,361.53391559326553,762.0,1320.0,4642187.0,1.4333311438799305
447,1016.0,663.5,226.5,1272400.0,842150.0,282550.0,369.58413740472275,764.0,1320.0,15.625470987189148,1.4418595781388421,400220.0,296966.0,96598.0,505235200.0,376246900.0,120670600.0,361.57478443837823,766.0,1320.0,4651713.0,1.4503880123977537
448,1016.0,639.0,214.0,1278950.0,802600.0,265400.0,363.17566247881376,769.5,1320.0,15.247261345852895,1.4417302613447447,401200.0,297624.0,96797.0,506461900.0,377073100.0,120917100.0,361.54101668622616,773.0,1320.0,4661673.0,1.4330725102917357
449,657.5,653.0,209.5,844300.0,820050.0,261800.0,355.30258858597637,774.0,1320.0,15.144716692189892,1.432236428297613,401535.0,298272.0,97017.0,506923800.0,377887000.0,121194200.0,361.54741322934996,775.0,1320.0,4671492.0,1.4314003463034903
450,604.0,680.0,226.5,777600.0,869700.0,284000.0,362.64044957135405,776.0,1320.0,15.208823529411765,1.4214978732471901,402408.0,298984.0,97250.0,508017100.0,378812500.0,121485100.0,361.5460472283312,777.0,1320.0,4682357.0,1.41159540019089
451,926.0,634.0,237.5,1158500.0,810600.0,295950.0,382.7619470918977,780.0,1320.0,15.344637223974763,1.4046134855395778,403388.0,299540.0,97492.0,509242200.0,379508200.0,121786100.0,361.64054661034186,783.0,1320.0,4690949.0,1.3976315708882658
452,980.0,589.5,221.0,1224350.0,740550.0,275950.0,382.9396774114562,786.5,1320.0,15.461407972858355,1.4022720240587652,404368.0,300163.0,97692.0,510465800.0,380293600.0,122037000.0,361.63321233754687,790.0,1320.0,4700586.0,1.4069124772292645
453,980.0,630.0,207.0,1223400.0,794050.0,258600.0,360.4481037120755,793.5,1320.0,15.388095238095238,1.4106080058237749,405348.0,300807.0,97906.0,511689000.0,381104900.0,122303300.0,361.6320551830149,797.0,1320.0,4710449.0,1.4143035344182853
454,980.0,647.5,208.5,1225150.0,812250.0,262000.0,357.6861620941845,798.5,1320.0,15.493436293436293,1.4192563574922819,406328.0,301458.0,98109.0,512916100.0,381918100.0,122561000.0,361.61630065560905,800.0,1320.0,4720650.0,1.4242091805662782
455,987.0,686.5,287.0,1280200.0,897050.0,361550.0,403.5834434977448,763.0,1320.0,15.788783685360524,1.4298501608637613,407322.0,302180.0,98480.0,514249400.0,382899000.0,123026400.0,361.835917193319,726.0,1320.0,4732127.0,1.4354911411612443
456,906.0,715.5,304.5,1189850.0,944950.0,382200.0,405.1573274547912,731.5,1320.0,15.61215932914046,1.4192952535016445,408140.0,302889.0,98718.0,515295800.0,383808000.0,123325400.0,361.8374713390637,737.0,1320.0,4742991.0,1.4030993658420448
457,899.0,689.0,245.5,1135550.0,872500.0,307900.0,373.2601388007699,740.0,1320.0,15.45355587808418,1.4177187722893816,409120.0,303558.0,98971.0,516520500.0,384644000.0,123642200.0,361.88896149617483,743.0,1320.0,4753422.0,1.4323381787367186
458,982.5,636.0,234.5,1233300.0,798800.0,293050.0,380.2077910303269,747.5,1320.0,15.632075471698114,1.4316414251925458,410105.0,304161.0,99187.0,517762400.0,385405600.0,123911500.0,361.9167644719975,752.0,1320.0,4762875.0,1.430944671648373
459,982.5,631.5,222.5,1231850.0,796000.0,277350.0,371.9971451193384,755.5,1320.0,15.532858273950911,1.4266238020402473,411085.0,304821.0,99416.0,518984200.0,386236000.0,124196900.0,361.9316710394098,759.0,1320.0,4773040.0,1.422302932432122
460,579.0,662.5,236.0,721000.0,831400.0,292850.0,374.04037719953953,759.0,1320.0,15.522264150943396,1.4275628732645966,411263.0,305486.0,99659.0,519204400.0,387068400.0,124497200.0,361.9705381383925,759.0,1320.0,4783442.0,1.4328228140970716
461,586.0,696.0,279.0,760750.0,897950.0,347950.0,395.7746487387875,755.0,1320.0,15.670258620689655,1.4313241824451821,412257.0,306213.0,99974.0,520505700.0,388031900.0,124892800.0,362.0941425279452,751.0,1320.0,4794853.0,1.4298255507932929
462,987.0,649.5,278.0,1264950.0,841600.0,348100.0,407.20958305893276,754.0,1320.0,15.733641262509623,1.4316719805831513,413237.0,306785.0,100215.0,521734300.0,388751600.0,125193400.0,362.17672592298084,757.0,1320.0,4803880.0,1.4335184103730099
463,980.0,584.5,246.5,1227300.0,732300.0,307450.0,403.528265562346,762.5,1320.0,15.618477331052182,1.42893571480827,414217.0,307382.0,100467.0,522960300.0,389496500.0,125507700.0,362.26298813620514,768.0,1320.0,4813111.0,1.42435301924353
464,980.0,651.5,244.0,1226100.0,812050.0,305300.0,383.3540688553533,772.0,1320.0,15.591711435149655,1.424330991667748,415197.0,308088.0,100703.0,524186500.0,390375700.0,125804000.0,362.2695083501673,776.0,1320.0,4824196.0,1.424308964091966
465,980.0,642.5,226.5,1228000.0,802400.0,283800.0,373.31172802617783,780.5,1320.0,15.580544747081712,1.4315832174255645,416177.0,308667.0,100920.0,525416300.0,391101300.0,126075300.0,362.309871240231,785.0,1320.0,4833132.0,1.4388574707591628
466,988.0,638.0,226.0,1260250.0,822150.0,282200.0,372.02403835547335,782.5,1320.0,15.265673981191222,1.4473662533204483,417173.0,309364.0,101155.0,526707000.0,392020000.0,126368400.0,362.3105681497116,780.0,1320.0,4843675.0,1.455875035881734
467,996.0,672.0,216.5,1287200.0,881450.0,270300.0,355.88344011056523,782.5,1320.0,15.179315476190476,1.4498898021948672,418169.0,310011.0,101353.0,527990700.0,392864200.0,126615900.0,362.28211050249706,785.0,1320.0,4853533.0,1.443904568508
468,899.0,652.0,152.0,1141550.0,834200.0,189500.0,310.5689715997022,788.5,1320.0,15.296779141104295,1.445363269102485,418971.0,310668.0,101459.0,528990100.0,393688400.0,126747400.0,362.10868744970384,792.0,1320.0,4863622.0,1.4468219696969697
469,894.0,630.0,160.5,1121450.0,794850.0,198800.0,322.574606706789,795.0,1320.0,15.284920634920635,1.4417893210432717,419957.0,311271.0,101674.0,530233600.0,394453900.0,127013500.0,362.1300864714486,798.0,1320.0,4872792.0,1.4367566723895737
470,666.0,661.5,191.5,837350.0,839650.0,235500.0,341.17883288120765,798.0,1320.0,15.27588813303099,1.4289544865647632,420303.0,311991.0,101842.0,530664800.0,395367700.0,127218400.0,362.0224054666468,798.0,1320.0,4883832.0,1.4211523007399525
471,670.0,662.5,181.0,868300.0,834150.0,226000.0,332.3802977070802,801.0,1320.0,15.295849056603773,1.41839844366389,421297.0,312596.0,102036.0,531970200.0,396122200.0,127465500.0,362.0090444543216,804.0,1320.0,4893059.0,1.4156445865878273
472,903.0,640.5,207.5,1162300.0,822200.0,260950.0,356.55403472278834,798.5,1320.0,15.174863387978142,1.4184371437564798,422109.0,313272.0,102257.0,532989400.0,397012100.0,127740300.0,362.0000860694904,793.0,1320.0,4903271.0,1.4212297009251322
473,896.0,683.0,212.5,1119800.0,875250.0,265450.0,352.34055572814054,796.5,1320.0,15.38433382137628,1.4254818948652477,423089.0,313962.0,102461.0,534209800.0,397872700.0,127996400.0,361.9674611044387,800.0,1320.0,4914074.0,1.429734088805363
474,980.0,671.5,202.0,1220050.0,839450.0,253200.0,349.84750223508263,803.0,1320.0,15.713328369322413,1.4257945044039237,424069.0,314615.0,102661.0,535429500.0,398691000.0,128246700.0,361.9492071213626,806.0,1320.0,4924374.0,1.4218549200024844
475,961.5,664.5,213.5,1194850.0,830850.0,266800.0,361.31974725157414,806.5,1320.0,15.857035364936042,1.427360127436652,425012.0,315291.0,102888.0,536599500.0,399534400.0,128530000.0,361.96474125115515,807.0,1320.0,4935148.0,1.4328653348708198
476,891.0,676.5,188.5,1113850.0,846550.0,236750.0,340.6538344066798,810.5,1320.0,15.92830746489283,1.414275387394611,425851.0,315968.0,103038.0,537657200.0,400384100.0,128720200.0,361.86128237852694,814.0,1320.0,4945925.0,1.3956854399184024
477,921.5,657.0,214.0,1212400.0,875500.0,269500.0,359.59340242745157,765.5,1320.0,15.3896499238965,1.4023928399545733,426855.0,316605.0,103316.0,539024300.0,401285400.0,129069000.0,361.95490399073964,717.0,1320.0,4955370.0,1.409100239990744
478,675.0,656.5,307.0,898750.0,877000.0,384800.0,420.9540825886865,718.5,1320.0,15.287890327494289,1.4124683946223402,427201.0,317281.0,103652.0,539454700.0,402138100.0,129489800.0,362.13180482747896,720.0,1320.0,4965998.0,1.4158365492539364
479,665.0,676.0,312.0,835700.0,852750.0,391550.0,420.9783073867771,722.5,1320.0,15.6198224852071,1.409911410008628,428185.0,317957.0,103940.0,540695700.0,402990900.0,129852100.0,362.2313464520771,725.0,1320.0,4976488.0,1.40398627076332
480,983.5,636.0,275.0,1239650.0,799900.0,345200.0,408.3463707594299,727.0,1320.0,15.56367924528302,1.4143198531918078,429168.0,318553.0,104202.0,541934000.0,403737900.0,130180200.0,362.3309815116774,729.0,1320.0,4985795.0,1.4246534356202958
481,981.5,620.5,269.5,1232500.0,778750.0,335800.0,408.987786789865,730.0,1320.0,15.555197421434327,1.419619383762032,430148.0,319199.0,104479.0,543160700.0,404549600.0,130523700.0,362.42733346870233,731.0,1320.0,4995805.0,1.4145853319037678
482,958.5,641.0,272.0,1228100.0,803050.0,335650.0,405.00881214316416,733.0,1320.0,15.585023400936038,1.4125219676447842,431085.0,319835.0,104746.0,544390200.0,405344000.0,130851500.0,362.51452650952945,735.0,1320.0,5005775.0,1.4104586033858009
483,903.0,671.5,317.0,1156550.0,872800.0,391550.0,424.9364216556163,720.0,1320.0,15.602382725241995,1.4065684672805947,431954.0,320542.0,105113.0,545473800.0,406295200.0,131306800.0,362.7176635889766,705.0,1320.0,5016759.0,1.4026783311753888
484,924.5,694.5,345.0,1154350.0,901950.0,429700.0,435.112302979617,706.5,1320.0,15.670986321094313,1.4122560953387842,432934.0,321224.0,105436.0,546698900.0,407147900.0,131710900.0,362.86827604611875,708.0,1320.0,5027542.0,1.4218338595021798
485,980.0,691.5,315.0,1226450.0,866900.0,394850.0,420.2638254702189,709.0,1320.0,15.908893709327549,1.423725540350264,433914.0,321925.0,105743.0,547926700.0,408029000.0,132096500.0,362.9885288953986,710.0,1320.0,5038761.0,1.4256172211983482
486,980.0,627.5,298.5,1227050.0,786600.0,374400.0,427.6269761036973,711.5,1320.0,15.842231075697212,1.4324656229173478,434894.0,322479.0,106033.0,549153000.0,408721100.0,132459700.0,363.14815878570795,713.0,1320.0,5047424.0,1.4393140246363474
487,981.0,602.5,275.0,1230100.0,756550.0,343700.0,419.03889961191527,714.5,1320.0,15.714522821576763,1.4366202228142508,435876.0,323130.0,106293.0,550386900.0,409542100.0,132783900.0,363.2175999991999,716.0,1320.0,5057697.0,1.4339264209921543
488,995.5,630.0,267.0,1294100.0,836950.0,335700.0,404.9882367044621,716.0,1320.0,15.61031746031746,1.4268040363949472,436885.0,323739.0,106567.0,551741200.0,410395000.0,133131100.0,363.3225953489587,716.0,1320.0,5067093.0,1.4196816517977404
489,995.0,640.0,285.0,1290800.0,843100.0,358800.0,412.0667338192737,718.0,1320.0,15.27734375,1.4157078068375872,437866.0,324410.0,106863.0,552968500.0,411228300.0,133501500.0,363.42714452799567,720.0,1320.0,5077252.0,1.4117339618774338
490,982.5,691.0,280.0,1231200.0,863050.0,349550.0,397.1667951817496,722.0,1320.0,15.48480463096961,1.4162918821244879,438850.0,325122.0,107127.0,554203600.0,412122500.0,133830200.0,363.4741267607034,724.0,1320.0,5088511.0,1.420849802371542
491,982.0,696.5,259.0,1225000.0,877000.0,320600.0,384.82225734228376,725.0,1320.0,15.817659727207467,1.4224664181618856,439830.0,325803.0,107381.0,555418500.0,412982300.0,134142700.0,363.52152950202054,726.0,1320.0,5099286.0,1.4240830339522292
492,980.0,691.0,262.0,1215500.0,863150.0,324850.0,386.69128027578137,726.5,1320.0,15.712735166425471,1.4173687176661556,440810.0,326504.0,107651.0,556634600.0,413848800.0,134479900.0,363.57605324916955,727.0,1320.0,5110226.0,1.4106544013800817
493,987.5,635.0,239.5,1259200.0,817300.0,301550.0,382.62293089466255,719.0,1320.0,15.443307086614173,1.4135617721599063,441805.0,327073.0,107860.0,557936900.0,414616900.0,134745800.0,363.5983421399111,711.0,1320.0,5118899.0,1.4164691429397311
494,987.5,611.0,243.0,1267150.0,791850.0,305650.0,390.9090942142982,713.0,1320.0,15.256137479541735,1.417316315413995,442785.0,327726.0,108137.0,559168900.0,415432500.0,135091200.0,363.6831622122348,715.0,1320.0,5128869.0,1.4181634878882587
495,980.0,654.0,254.5,1231150.0,814200.0,318750.0,389.59662959297214,719.5,1320.0,15.444189602446484,1.4257397194931185,443765.0,328381.0,108369.0,560399200.0,416245300.0,135383300.0,363.7065021589211,724.0,1320.0,5139100.0,1.4333159510979783
496,980.0,662.0,250.5,1221650.0,822600.0,313050.0,386.5278495921166,728.0,1320.0,15.778700906344412,1.4226463884756293,444745.0,329050.0,108638.0,561612200.0,417077700.0,135717300.0,363.77841626185057,732.0,1320.0,5149760.0,1.4119768258532805
497,674.0,667.0,243.0,836050.0,833800.0,301150.0,382.6357228983713,733.5,1320.0,16.083958020989506,1.4111086199041836,445113.0,329715.0,108855.0,562071300.0,417912900.0,135985600.0,363.7850555979283,735.0,1320.0,5160556.0,1.4102404139550864
498,583.5,668.5,253.5,759250.0,863650.0,315950.0,387.28835482857926,724.0,1320.0,15.805534779356769,1.4183975878231583,445912.0,330387.0,109145.0,563130700.0,418805000.0,136349200.0,363.8770491866813,713.0,1320.0,5170892.0,1.4265547616912302
499,894.5,657.0,295.5,1155100.0,857950.0,366000.0,412.4309865909443,714.0,1320.0,15.219178082191782,1.4247717228802488,446902.0,331029.0,109446.0,564381500.0,419628800.0,136717600.0,363.99544324431395,715.0,1320.0,5180554.0,1.4229886840692672
500,985.5,614.0,291.0,1237600.0,777400.0,359500.0,423.9891709382467,718.5,1320.0,15.452768729641694,1.429289552604411,447883.0,331615.0,109727.0,565605900.0,420359800.0,137068200.0,364.1235766877351,722.0,1320.0,5189868.0,1.4355904211395545
501,982.5,598.0,276.0,1231100.0,750500.0,346450.0,421.5436091296274,725.0,1320.0,15.72324414715719,1.4275736991332753,448867.0,332225.0,109998.0,566843700.0,421129800.0,137410500.0,364.2229171522007,728.0,1320.0,5199359.0,1.419556977126996
502,898.0,646.5,275.5,1124400.0,812050.0,346600.0,406.3906593913522,730.5,1320.0,15.620262954369682,1.420506281908775,449679.0,332908.0,110279.0,567854700.0,421983900.0,137762600.0,364.3008729011367,733.0,1320.0,5210065.0,1.4214555866905538
503,896.0,692.0,263.5,1118850.0,864100.0,329850.0,387.13240512425784,734.5,1320.0,15.761560693641618,1.431543546873885,450659.0,333612.0,110525.0,569081400.0,422861100.0,138070200.0,364.3192930083495,736.0,1320.0,5221185.0,1.4416315070572163
504,980.0,667.5,252.0,1228650.0,834900.0,316900.0,387.4903683076058,738.5,1320.0,15.952059925093632,1.442157409441823,451639.0,334243.0,110783.0,570312000.0,423653700.0,138396400.0,364.3966998461985,741.0,1320.0,5231361.0,1.4426833118264295
505,980.0,602.5,258.5,1226000.0,755150.0,323500.0,412.4220171597776,742.0,1320.0,16.27966804979253,1.4334257504752226,452619.0,334817.0,111042.0,571533400.0,424371400.0,138717200.0,364.5050757131724,743.0,1320.0,5240802.0,1.4241681891240157
506,980.0,603.5,269.0,1224750.0,753200.0,333400.0,419.12420646592864,747.5,1320.0,16.35211267605634,1.431434547499372,453599.0,335450.0,111321.0,572761500.0,425160100.0,139063200.0,364.6104547655007,752.0,1320.0,5251098.0,1.4387009058747284
507,574.0,466.0,147.5,719300.0,583600.0,182850.0,358.79372926025405,753.0,1320.0,15.88519313304721,1.4392094500894133,453767.0,335749.0,111337.0,572972000.0,425538600.0,139082900.0,364.48940127447753,754.0,1320.0,5255607.0,1.4397179943040983
508,490.0,381.5,134.0,610450.0,477300.0,166800.0,373.6300209435429,758.0,1320.0,15.474442988204457,1.4406171499880691,454579.0,336213.0,111589.0,573982400.0,426114700.0,139396800.0,364.6312210254314,762.0,1320.0,5262905.0,1.4415163056720397
509,896.0,473.5,157.0,1114950.0,593850.0,195700.0,363.75869280510943,766.0,1320.0,15.3220696937698,1.4463268567350653,455559.0,336696.0,111651.0,575201900.0,426726300.0,139474300.0,364.487346117691,770.0,1320.0,5270117.0,1.451137407798091
510,583.5,482.5,134.0,724600.0,605450.0,166850.0,334.3700133052757,771.5,1320.0,15.116062176165803,1.4506518618795425,455746.0,337178.0,111857.0,575431600.0,427325600.0,139730500.0,364.5481271260266,773.0,1320.0,5277492.0,1.4501663159609943
511,490.0,438.5,209.5,611450.0,545900.0,260050.0,427.36995177479827,776.0,1320.0,15.806157354618016,1.4516024052377152,456539.0,337573.0,112070.0,576424800.0,427818100.0,139994400.0,364.66859181023153,779.0,1320.0,5283979.0,1.4530384945144361
512,704.5,332.5,125.5,881350.0,413900.0,155700.0,387.74738212952474,781.0,1320.0,16.001503759398496,1.44394537219133,457155.0,337843.0,112108.0,577194300.0,428153400.0,140041900.0,364.59535564109376,783.0,1320.0,5288133.0,1.4348522498682241
513,490.0,323.0,100.5,613700.0,403350.0,127950.0,353.48417802454827,784.0,1320.0,15.41640866873065,1.4376244630784645,457519.0,338219.0,112271.0,577652200.0,428624800.0,140250300.0,364.6475631559297,785.0,1320.0,5293938.0,1.4403966762887048
514,189.5,337.0,102.0,238050.0,423350.0,129650.0,350.38522612996724,785.0,1320.0,15.658753709198812,1.4417271558688851,457534.0,338517.0,112312.0,577670400.0,429000100.0,140301200.0,364.56768108220166,785.0,1320.0,5298687.0,1.4430576354490652
515,490.0,337.0,116.5,616000.0,420300.0,146150.0,373.53496701467594,789.0,1320.0,15.97181008902077,1.4379979477274973,458499.0,338893.0,112504.0,578884200.0,429465400.0,140542600.0,364.6654207741686,793.0,1320.0,5304703.0,1.4329382600059295
516,482.0,412.5,104.5,606250.0,513000.0,131400.0,325.83483293514456,793.0,1320.0,15.718787878787879,1.4363042373140797,458499.0,339342.0,112521.0,578884200.0,430026100.0,140564000.0,364.4790485431711,793.0,1320.0,5311655.0,1.43967021462223
517,490.0,333.0,102.5,615500.0,418350.0,128250.0,352.9186122616031,795.0,1320.0,15.618618618618619,1.4447963800035766,459479.0,339559.0,112709.0,580115200.0,430302100.0,140799100.0,364.64279819150846,797.0,1320.0,5315105.0,1.4499225453849232
518,980.0,278.5,112.5,1226850.0,348600.0,141050.0,394.092350229124,797.5,1320.0,15.421903052064632,1.4450567206364011,460459.0,339899.0,112746.0,581337900.0,430723300.0,140846100.0,364.5302091699724,798.0,1320.0,5320245.0,1.440190895887879
519,490.0,367.5,95.0,611350.0,456300.0,118700.0,323.30248762988685,798.0,1320.0,15.285714285714286,1.4404666106777766,460459.0,340294.0,112899.0,581337900.0,431214700.0,141036500.0,364.55841959945263,798.0,1320.0,5326340.0,1.440742325467674
520,152.5,363.0,98.5,190550.0,455100.0,122800.0,333.7646211223554,798.5,1320.0,15.440771349862258,1.4370511447930974,460764.0,340625.0,112943.0,581719000.0,431633500.0,141091700.0,364.467601936288,799.0,1320.0,5331455.0,1.433359964118521
521,490.0,307.5,95.0,609950.0,387700.0,116900.0,354.0896009007454,802.0,1320.0,15.442276422764227,1.4358897180477421,461439.0,340909.0,113089.0,582557800.0,431990100.0,141270300.0,364.53985696470073,805.0,1320.0,5335837.0,1.438419471976963
522,383.5,289.0,79.5,478000.0,363300.0,97750.0,329.68468463853395,805.5,1320.0,14.671280276816608,1.430405429318395,461531.0,341203.0,113102.0,582675000.0,432360100.0,141287200.0,364.41117506436603,806.0,1320.0,5339935.0,1.4223913866598268
523,490.0,346.5,65.0,610650.0,431800.0,82000.0,283.67584399454114,808.0,1320.0,15.12987012987013,1.4235456633141268,462419.0,341602.0,113219.0,583779100.0,432853700.0,141434300.0,364.3935332842325,810.0,1320.0,5346322.0,1.4246999399684268
524,444.0,433.0,102.0,552050.0,540000.0,128300.0,313.4842551685985,810.0,1320.0,15.408775981524249,1.4211618699049413,462419.0,342069.0,113306.0,583779100.0,433440100.0,141543800.0,364.2915114809721,810.0,1320.0,5353279.0,1.4176237998414558
525,490.0,525.0,139.5,616900.0,653950.0,175200.0,326.42838539631373,813.0,1320.0,14.944761904761904,1.415270731035379,463399.0,342652.0,113498.0,585012900.0,434161600.0,141784700.0,364.2829212453348,816.0,1320.0,5362014.0,1.4129176622293018
526,980.0,552.5,162.5,1233550.0,686650.0,202550.0,345.745316637238,819.5,1320.0,15.533031674208145,1.417734028017601,464379.0,343174.0,113631.0,586246200.0,434813400.0,141948900.0,364.23345375693896,823.0,1320.0,5370443.0,1.4225503938059003
527,980.0,633.0,110.0,1226650.0,793350.0,136550.0,283.23849611028226,825.0,1320.0,16.171406003159557,1.4229809392438466,465359.0,343918.0,113718.0,587466200.0,435748300.0,142057800.0,364.01976009596933,827.0,1320.0,5382487.0,1.4234114846817927
528,514.0,698.0,122.0,639650.0,873050.0,153600.0,282.99792131642965,828.5,1320.0,16.111031518624642,1.4194119496008468,465407.0,344570.0,113875.0,587525500.0,436559500.0,142256100.0,363.942849053643,830.0,1320.0,5392934.0,1.415412414519901
529,514.0,652.0,170.0,636650.0,812550.0,213500.0,332.04257100141393,833.0,1320.0,15.995398773006135,1.41960262165231,466387.0,345223.0,114058.0,588739500.0,437374900.0,142484800.0,363.9047800963626,836.0,1320.0,5403359.0,1.4237928287847192
530,980.0,634.5,163.0,1220600.0,795100.0,203100.0,328.91295280249784,838.5,1320.0,15.943262411347519,1.4241758237264674,467367.0,345839.0,114201.0,589966700.0,438149700.0,142662300.0,363.82139725701524,841.0,1320.0,5413166.0,1.4245588186682154
531,956.0,634.0,139.5,1195150.0,792700.0,174200.0,306.69758124729987,842.5,1320.0,15.800473186119874,1.4199645870307984,468299.0,346491.0,114337.0,591129800.0,438960300.0,142833200.0,363.7127354796742,844.0,1320.0,5423394.0,1.4153703553933812
532,956.0,651.5,147.5,1199100.0,814250.0,184700.0,311.69609256951446,847.0,1320.0,15.70069071373753,1.4123797198163823,469279.0,347142.0,114496.0,592364900.0,439778200.0,143031700.0,363.64096099117364,850.0,1320.0,5433624.0,1.4093890842393835
533,979.5,694.0,108.5,1231250.0,869400.0,135500.0,269.8321679531346,853.5,1320.0,15.643371757925072,1.4107987061812148,470258.0,347879.0,114554.0,593592300.0,440699100.0,143104200.0,363.38689733473115,857.0,1320.0,5445107.0,1.4122083281230462
534,514.0,723.5,81.5,644050.0,906200.0,101900.0,239.4747579536874,857.0,1320.0,15.574291637871458,1.416209165894967,470307.0,348589.0,114659.0,593653000.0,441590600.0,143235500.0,363.20942629077416,857.0,1320.0,5456160.0,1.4202100036668879
535,490.5,632.5,125.0,613300.0,793750.0,156400.0,295.3216110015956,858.0,1320.0,15.817391304347826,1.4152620048445623,471239.0,349144.0,114804.0,594818900.0,442286600.0,143417000.0,363.1646333982664,859.0,1320.0,5465116.0,1.4103140060222366
536,956.0,614.5,138.5,1196700.0,770600.0,174050.0,316.93199814289056,861.0,1320.0,16.64279902359642,1.4109932278549766,472219.0,349818.0,114936.0,596046400.0,443131800.0,143583600.0,363.05946780350814,863.0,1320.0,5476614.0,1.4116724496877169
537,979.5,684.0,109.0,1229900.0,854600.0,136550.0,278.58724518413436,864.5,1320.0,16.632309941520468,1.4143461939382982,473198.0,350512.0,115022.0,597278700.0,443995800.0,143690100.0,362.87649174221605,866.0,1320.0,5487869.0,1.4170199381888795
538,979.5,628.5,72.0,1231050.0,782900.0,89850.0,246.98951323903304,868.0,1320.0,16.217979315831343,1.4179557325936547,474178.0,351075.0,115080.0,598508500.0,444697600.0,143763300.0,362.7106267391736,870.0,1320.0,5497000.0,1.4188915269984297
539,514.5,624.0,99.5,645450.0,783300.0,125850.0,273.2469031931804,870.0,1320.0,15.936698717948717,1.408537604428091,474227.0,351760.0,115221.0,598569600.0,445562400.0,143941800.0,362.59876306668053,870.0,1320.0,5507758.0,1.3981836818577527
540,490.5,704.5,139.0,609800.0,883600.0,174850.0,294.528942916928,871.0,1320.0,15.775727466288147,1.3986441680908286,475159.0,352484.0,115358.0,599728100.0,446464800.0,144113000.0,362.4647691620258,872.0,1320.0,5519228.0,1.3991046543239045
541,956.0,631.0,132.5,1189750.0,790050.0,165250.0,302.34415881004776,873.5,1320.0,15.93581616481775,1.4082213678219375,476139.0,353022.0,115486.0,600949100.0,447142500.0,144272300.0,362.40237627990297,875.0,1320.0,5527869.0,1.4173380813199703
542,979.5,681.5,104.5,1219750.0,855950.0,129850.0,269.6590552345939,876.0,1320.0,16.00953778429934,1.418372773861841,477118.0,353847.0,115567.0,602167600.0,448176700.0,144372700.0,362.153976168434,877.0,1320.0,5541049.0,1.4194074664037117
543,979.5,774.5,94.5,1226350.0,967750.0,117500.0,248.530599673728,880.5,1320.0,15.908327953518398,1.4172445900818413,478098.0,354571.0,115675.0,603401800.0,449078000.0,144507300.0,361.98151326832664,884.0,1320.0,5552511.0,1.415081713759971
544,514.5,758.5,114.0,647800.0,945850.0,142950.0,270.17960407828923,884.5,1320.0,16.323665128543176,1.4182513875719287,478147.0,355364.0,115795.0,603463200.0,450068400.0,144658600.0,361.81333685283704,885.0,1320.0,5565812.0,1.4214210613838865
545,514.5,689.5,114.0,639350.0,860750.0,143100.0,279.8592216762125,886.0,1320.0,16.31907179115301,1.4209386161524704,479127.0,355950.0,115903.0,604680500.0,450799500.0,144793500.0,361.70182759802526,887.0,1320.0,5575015.0,1.4204561709210544
546,956.0,667.0,125.5,1188750.0,834550.0,155450.0,288.24649255613383,887.5,1320.0,15.64767616191904,1.4180578921291458,480059.0,356698.0,116046.0,605840700.0,451737500.0,144969500.0,361.5666844400932,888.0,1320.0,5586686.0,1.415659613337237
547,956.0,677.5,141.0,1191300.0,847350.0,174250.0,301.80607422148427,889.0,1320.0,15.85239852398524,1.41739931286615,481039.0,357305.0,116185.0,607063100.0,452494200.0,145142000.0,361.4947496274723,890.0,1320.0,5596495.0,1.4191390123950627
548,980.0,665.5,131.0,1225950.0,833650.0,162900.0,295.8427655528698,893.0,1320.0,15.869271224643125,1.426370731678282,482019.0,358029.0,116308.0,608292600.0,453404800.0,145295300.0,361.3459590849404,896.0,1320.0,5607808.0,1.4336024509615015
549,979.5,657.5,90.0,1227200.0,825250.0,110900.0,255.5368221751173,899.5,1320.0,15.532319391634982,1.421047138906706,482998.0,358620.0,116365.0,609517500.0,454144700.0,145363800.0,361.1612504610964,903.0,1320.0,5616920.0,1.4084918268519107
550,514.0,655.0,87.5,642450.0,820650.0,108850.0,254.02907774829194,903.0,1320.0,15.689312977099236,1.4092396908838594,483047.0,359339.0,116483.0,609577500.0,455046100.0,145513000.0,361.01103222408705,903.0,1320.0,5628361.0,1.4099875549158083
551,490.5,632.5,119.0,607350.0,793200.0,149400.0,288.5446634393796,904.5,1320.0,15.663241106719367,1.4111335024380982,483979.0,359885.0,116603.0,610732200.0,455731100.0,145662600.0,360.93219384205474,906.0,1320.0,5636734.0,1.412279449960388
552,956.0,601.0,109.5,1188200.0,747450.0,136500.0,283.1991718246049,908.5,1320.0,15.504159733777039,1.4123341307244872,484959.0,360541.0,116702.0,611953900.0,456541000.0,145786000.0,360.77934594764474,911.0,1320.0,5646997.0,1.4123888114885865
553,980.0,650.0,85.5,1222600.0,803300.0,106200.0,252.11372140761407,913.0,1320.0,15.766153846153847,1.4147088809962818,485939.0,361185.0,116774.0,613177400.0,457337700.0,145875000.0,360.597286511193,915.0,1320.0,5657230.0,1.417028950503977
554,980.0,615.5,64.0,1226200.0,766600.0,80050.0,233.29511519866756,917.5,1320.0,15.676685621445978,1.4173217366333528,486919.0,361772.0,116830.0,614406300.0,458074200.0,145946100.0,360.41735191170693,920.0,1320.0,5666295.0,1.4176145227627286
555,514.0,655.0,74.0,644750.0,820050.0,92600.0,240.6984714606024,920.5,1320.0,15.790076335877863,1.4146634281203674,486967.0,362495.0,116922.0,614466900.0,458977800.0,146060200.0,360.23265098023825,921.0,1320.0,5677915.0,1.4117123334780062
556,490.0,729.0,96.5,610500.0,909300.0,121900.0,253.85363633963203,921.0,1320.0,15.91289437585734,1.4158237074808446,487899.0,363230.0,117023.0,615627300.0,459892800.0,146189900.0,360.0510102242849,921.0,1320.0,5689496.0,1.419935081483683
557,956.0,652.5,96.0,1190400.0,812750.0,122350.0,265.06233552807697,922.0,1320.0,15.983141762452107,1.423970635031731,488879.0,363800.0,117114.0,616847700.0,460603300.0,146304900.0,359.93640266508794,923.0,1320.0,5698773.0,1.4280061885797786
558,980.0,639.5,72.0,1222750.0,800850.0,91350.0,244.28259687754743,924.5,1320.0,16.140734949179045,1.4226664540253349,489859.0,364509.0,117167.0,618072800.0,461494500.0,146372600.0,359.70899930368165,926.0,1320.0,5710140.0,1.4173267194708912
559,514.0,713.5,62.5,642550.0,892900.0,78400.0,225.48420966049483,926.0,1320.0,16.125437981779957,1.412116282330861,489907.0,365227.0,117239.0,618132800.0,462389100.0,146461700.0,359.50389591115527,926.0,1320.0,5721784.0,1.406905845190831
560,514.0,668.5,88.0,641750.0,836100.0,109850.0,253.59495162856192,927.0,1320.0,15.93792071802543,1.4097338459128714,490887.0,365846.0,117343.0,619356300.0,463166700.0,146592300.0,359.3767265198793,928.0,1320.0,5731449.0,1.4125618466349121
561,956.0,693.5,98.0,1195450.0,866700.0,123300.0,262.7489954603423,931.5,1320.0,16.200432588320115,1.4116955345460207,491819.0,366614.0,117435.0,620523700.0,464122500.0,146708300.0,359.1874754508003,935.0,1320.0,5744254.0,1.4108292224571295
562,956.0,687.5,84.5,1195100.0,855850.0,106100.0,252.4303306169059,938.0,1320.0,16.448,1.4127761293784646,492799.0,367221.0,117512.0,621746500.0,464878400.0,146804500.0,359.03607458309267,941.0,1320.0,5754065.0,1.4147230362997998
563,980.0,656.0,55.0,1224450.0,814900.0,69100.0,222.26583811031122,942.5,1320.0,16.066310975609756,1.4162016327987876,493779.0,367926.0,117545.0,622972600.0,465752300.0,146846500.0,358.7864163385206,944.0,1320.0,5765333.0,1.4176802292977757
564,514.0,684.0,43.5,643350.0,856600.0,54350.0,203.94804125458356,944.0,1320.0,15.529239766081872,1.4224421638301838,493827.0,368589.0,117599.0,623033200.0,466591600.0,146913200.0,358.5719473555751,944.0,1320.0,5775309.0,1.427204098362592
565,490.0,665.0,63.0,610700.0,832350.0,78900.0,224.5020949871491,945.5,1320.0,15.33984962406015,1.4214896054872077,494759.0,369256.0,117671.0,624194000.0,467417000.0,147004300.0,358.3848818746539,947.0,1320.0,5785735.0,1.4157751126118236
566,956.0,649.5,65.0,1189000.0,804550.0,81500.0,235.11834890985682,950.5,1320.0,16.21401077752117,1.4148595357574067,495739.0,369889.0,117729.0,625411200.0,468201900.0,147076200.0,358.20976075307266,954.0,1320.0,5796386.0,1.41394395890299
567,980.0,703.5,49.5,1219000.0,869750.0,61850.0,217.02921052750418,957.5,1320.0,16.565742714996446,1.4126634837901955,496719.0,370663.0,117770.0,626632000.0,469156500.0,147128000.0,357.949035727795,961.0,1320.0,5809043.0,1.4113830086774009
568,835.5,708.0,35.5,1040700.0,877150.0,44650.0,199.72522188528274,963.5,1320.0,16.179378531073446,1.411841854492839,497410.0,371305.0,117800.0,627492600.0,469956200.0,147165500.0,357.72792861212855,966.0,1320.0,5819296.0,1.4123007003082773
569,514.0,677.0,35.0,642150.0,844400.0,43150.0,200.4529022113117,966.0,1320.0,16.01033973412112,1.4180793319757456,497747.0,372017.0,117840.0,627916300.0,470845300.0,147214300.0,357.4911990649979,966.0,1320.0,5830721.0,1.4238579636432138
570,634.5,696.0,45.5,793500.0,865800.0,56250.0,207.4055780117268,967.0,1320.0,15.825431034482758,1.4225736597722618,498679.0,372697.0,117891.0,629079600.0,471687800.0,147278000.0,357.2735187082154,968.0,1320.0,5841325.0,1.4212893559013098
571,956.0,683.5,51.5,1194250.0,855200.0,63400.0,216.87633881863843,970.5,1320.0,16.066569129480616,1.419128458915433,499659.0,373384.0,117943.0,630304800.0,472555700.0,147341100.0,357.0704938227415,973.0,1320.0,5852684.0,1.416967561929556
572,980.0,642.0,38.0,1223150.0,807850.0,46100.0,206.46252628001747,974.0,1320.0,16.065420560747665,1.4192138442192213,500639.0,373981.0,117967.0,631525900.0,473303500.0,147370200.0,356.8565987294739,975.0,1320.0,5861953.0,1.4214601265088862
573,514.0,675.5,28.0,640200.0,847700.0,34800.0,188.435712093741,975.0,1320.0,15.617320503330866,1.4145010161624614,500687.0,374735.0,117999.0,631585200.0,474251100.0,147410700.0,356.58895786643814,975.0,1320.0,5873783.0,1.4075419058160366
574,490.0,731.0,43.5,611250.0,912600.0,54100.0,205.38377253834278,977.5,1320.0,16.09233926128591,1.4162909691628163,501619.0,375443.0,118054.0,632748400.0,475128700.0,147478400.0,356.38115225711374,980.0,1320.0,5885480.0,1.4250400325095958
575,956.0,675.0,45.0,1195600.0,841950.0,56850.0,212.63781758655713,981.5,1320.0,16.312592592592594,1.4187177579376735,502599.0,376085.0,118089.0,633976400.0,475935000.0,147524400.0,356.16949095396814,983.0,1320.0,5895805.0,1.4123954833657515
576,980.0,666.0,29.5,1229550.0,832050.0,38000.0,190.43978804333423,984.5,1320.0,15.831831831831831,1.420226509026316,503579.0,376775.0,118113.0,635207500.0,476792800.0,147554400.0,355.9147347290644,986.0,1320.0,5906568.0,1.4280575346868805
577,514.0,696.5,20.5,644650.0,866950.0,25250.0,179.66303659494469,986.0,1320.0,15.984206748025844,1.4212063463356475,503627.0,377478.0,118130.0,635265700.0,477668900.0,147574900.0,355.6587843964649,986.0,1320.0,5918071.0,1.4143551579844145
578,490.0,697.0,22.0,609200.0,868900.0,26950.0,185.40954632198887,986.0,1320.0,16.26757532281205,1.4101582049236527,504559.0,378169.0,118157.0,636425900.0,478530600.0,147608300.0,355.42073187422733,986.0,1320.0,5929245.0,1.4059612518628912
579,956.0,686.0,23.5,1191600.0,855100.0,29950.0,184.927304624856,987.0,1320.0,15.949708454810496,1.4025127104000092,505539.0,378850.0,118177.0,637648900.0,479379100.0,147634800.0,355.17135017298045,988.0,1320.0,5939954.0,1.3990641689371273
580,980.0,681.5,18.0,1224950.0,850650.0,23550.0,175.97896659463385,988.5,1320.0,15.717534849596479,1.4139678813723124,506519.0,379532.0,118193.0,638875800.0,480231900.0,147655400.0,354.91635891802474,989.0,1320.0,5950668.0,1.4288715938074976
581,514.0,687.0,18.5,643600.0,858100.0,22950.0,177.59930609402915,989.0,1320.0,15.842794759825328,1.4176419131977909,506567.0,380224.0,118214.0,638936100.0,481095300.0,147680700.0,354.66867149640404,989.0,1320.0,5961722.0,1.406412232588084
582,490.0,710.5,26.0,613450.0,887350.0,32100.0,185.99029681451015,990.0,1320.0,15.954257565095004,1.4051171323803788,507499.0,380953.0,118245.0,640102700.0,482006600.0,147719600.0,354.4179032161211,991.0,1320.0,5973339.0,1.4038220321726735
583,956.0,694.0,30.0,1196100.0,867300.0,37400.0,192.72593968996722,991.5,1320.0,16.135446685878964,1.4033112878577085,508479.0,381612.0,118274.0,641328300.0,482829900.0,147755500.0,354.19957839186424,992.0,1320.0,5984118.0,1.4028005435427435
584,607.0,645.5,20.5,758800.0,811000.0,25650.0,182.21880972427857,992.0,1320.0,15.889233152594887,1.4073801821630467,508713.0,382244.0,118286.0,641620300.0,483628600.0,147770900.0,353.95965057885513,992.0,1320.0,5993852.0,1.4119598207833501
585,543.5,652.5,17.0,678800.0,822900.0,22150.0,173.8566751809671,992.0,1320.0,15.527969348659004,1.425296579567115,509566.0,382917.0,118308.0,642685900.0,484475700.0,147799800.0,353.7178004530159,992.0,1320.0,6004382.0,1.43863333835088
586,863.0,661.0,18.5,1076150.0,829150.0,24150.0,177.19399614576577,992.5,1320.0,15.751134644478064,1.4284348354181065,510439.0,383566.0,118323.0,643772600.0,485286900.0,147819200.0,353.4810098348368,993.0,1320.0,6014675.0,1.418236332485333
587,926.5,681.5,18.0,1155150.0,853850.0,22800.0,180.0684664685349,993.0,1320.0,16.03815113719736,1.4207788878946528,511419.0,384280.0,118344.0,644996200.0,486183400.0,147845400.0,353.23446615492395,993.0,1320.0,6026242.0,1.4233214433039725
588,618.0,741.5,18.5,774200.0,926300.0,23400.0,178.9725110140947,993.5,1320.0,16.060687795010114,1.4245391714363198,511675.0,385049.0,118360.0,645321000.0,487139500.0,147866000.0,352.95409649358305,994.0,1320.0,6038493.0,1.4257568995686671
589,490.0,696.5,20.5,611250.0,863600.0,25350.0,181.54326164509206,994.0,1320.0,16.058147882268486,1.428268154693689,512399.0,385673.0,118385.0,646218700.0,487910600.0,147896100.0,352.7460200093077,994.0,1320.0,6048611.0,1.4307794098187112
590,852.0,644.5,19.5,1061900.0,797550.0,23700.0,183.94125619558534,994.0,1320.0,16.180760279286268,1.4332175563294762,513379.0,386338.0,118399.0,647444800.0,488734600.0,147913400.0,352.50941133692555,994.0,1320.0,6059350.0,1.4356557028402412
591,980.0,684.5,15.5,1227550.0,854400.0,18950.0,176.86561047250248,994.0,1320.0,16.111029948867788,1.4326189100659947,514359.0,387042.0,118416.0,648673800.0,489619400.0,147934000.0,352.2588725641168,994.0,1320.0,6070667.0,1.4295821172917484
592,618.0,722.5,22.0,774300.0,906200.0,27750.0,180.98026324695067,994.0,1320.0,15.972318339100346,1.4332642837130272,514615.0,387783.0,118443.0,648993400.0,490547000.0,147968900.0,352.0048799586358,994.0,1320.0,6082430.0,1.436946450134306
593,490.0,713.0,44.0,614450.0,888500.0,55950.0,205.86278759002303,994.0,1320.0,15.9109396914446,1.4343722746644891,515339.0,388468.0,118504.0,649902700.0,491396400.0,148045900.0,351.82168141223644,994.0,1320.0,6093356.0,1.431798099194672
594,852.0,651.5,46.5,1065500.0,809000.0,59450.0,210.28970803973183,994.0,1320.0,15.607828089025325,1.4325740947733525,516319.0,389086.0,118536.0,651124400.0,492165000.0,148087800.0,351.6151522084614,994.0,1320.0,6102767.0,1.4333500903520333
595,980.0,633.0,32.5,1221800.0,792700.0,42150.0,196.81123273806665,994.0,1320.0,15.946287519747235,1.4230169276495863,517299.0,389734.0,118569.0,652346300.0,492981800.0,148130200.0,351.41578393143266,994.0,1320.0,6113544.0,1.4126837649471393
596,673.0,697.5,33.0,840900.0,875300.0,41600.0,197.08937362885183,994.5,1320.0,16.32688172043011,1.4141416662661737,517665.0,390481.0,118602.0,652806200.0,493915600.0,148171000.0,351.17168392823135,995.0,1320.0,6125543.0,1.4155995675852082
597,490.0,777.5,34.5,609550.0,970550.0,43350.0,190.64059285953545,995.0,1320.0,15.794212218649518,1.420972257427633,518279.0,391289.0,118638.0,653565400.0,494922900.0,148216900.0,350.9037519929381,995.0,1320.0,6138104.0,1.4263449472700576
598,797.0,708.5,23.5,991750.0,883800.0,29750.0,177.368287624131,995.0,1320.0,15.254057868736767,1.4208011800540579,519259.0,391898.0,118649.0,654789700.0,495683200.0,148230500.0,350.6733004842201,995.0,1320.0,6147158.0,1.4152574128380582
599,980.0,626.5,14.5,1221350.0,781350.0,18500.0,170.0720170983948,995.0,1320.0,15.395051875498803,1.4190575939713719,520239.0,392542.0,118667.0,656008100.0,496485600.0,148253900.0,350.45026568081295,995.0,1320.0,6157394.0,1.4228577751046856
600,673.0,666.0,13.0,837050.0,829550.0,16550.0,169.2052729987137,995.0,1320.0,15.548048048048049,1.4186815868104237,520605.0,393230.0,118675.0,656463800.0,497342300.0,148263600.0,350.19189557251775,995.0,1320.0,6167868.0,1.414505398516162
601,490.0,698.5,23.0,609700.0,869400.0,28800.0,179.2019582109639,995.0,1320.0,15.40873299928418,1.424275320104938,521219.0,393939.0,118713.0,657227500.0,498224400.0,148311500.0,349.96824023727845,995.0,1320.0,6178920.0,1.4340452416937142
602,797.0,708.5,29.0,998400.0,881200.0,36400.0,188.78396986947024,995.0,1320.0,15.772053634438956,1.4337579297368621,522199.0,394647.0,118733.0,658460600.0,499104700.0,148336400.0,349.72815197048396,995.0,1320.0,6190217.0,1.4334706177800103
603,980.0,645.5,21.5,1226000.0,804400.0,26800.0,184.7876536592333,995.0,1320.0,15.949651432997676,1.4253181615917683,523179.0,395230.0,118756.0,659679500.0,499833200.0,148365100.0,349.53953030647193,995.0,1320.0,6199511.0,1.4171657054035263
604,673.0,655.5,21.5,839650.0,819950.0,26400.0,185.02485882067566,995.0,1320.0,16.102212051868804,1.4162589149174674,523545.0,395958.0,118776.0,660139900.0,500744600.0,148389200.0,349.2949024495167,995.0,1320.0,6211327.0,1.4153521244314085
605,490.0,700.0,29.0,612050.0,872000.0,35250.0,193.45589980767397,995.0,1320.0,16.31642857142857,1.4159511963939864,524159.0,396630.0,118814.0,660903600.0,501577200.0,148435600.0,349.0980275762675,995.0,1320.0,6222354.0,1.4165502683565643
606,797.0,684.0,28.0,996500.0,850450.0,34750.0,191.80906776452113,995.0,1320.0,15.989766081871345,1.41778914246705,525139.0,397326.0,118832.0,662132900.0,502445500.0,148458700.0,348.86042341675676,995.0,1320.0,6233201.0,1.4190280165775355
607,673.0,699.5,18.0,840950.0,876000.0,23050.0,175.91485206418437,995.0,1320.0,15.6168691922802,1.4165136237935378,525505.0,398029.0,118850.0,662585500.0,503329200.0,148481700.0,348.61722286789274,995.0,1320.0,6244202.0,1.4139992310095402
608,490.0,698.5,18.5,610950.0,874050.0,23150.0,175.83981460494,995.0,1320.0,15.738725841088046,1.4118964722711922,526119.0,398723.0,118869.0,663354800.0,504193600.0,148505000.0,348.38106602128613,995.0,1320.0,6255188.0,1.4097937135328442
609,797.0,705.0,20.5,995800.0,882050.0,25400.0,181.08084561043614,995.0,1320.0,16.021985815602836,1.4117945872095654,527099.0,399439.0,118891.0,664577100.0,505093300.0,148532500.0,348.1482257359481,995.0,1320.0,6266793.0,1.4137954608862868
610,980.0,676.5,22.0,1225350.0,844150.0,27300.0,183.9642448522362,995.0,1320.0,15.989652623798966,1.421985213269796,528079.0,400076.0,118913.0,665805500.0,505881900.0,148559600.0,347.9384934442696,995.0,1320.0,6276822.0,1.4301749656533054
611,673.0,684.0,20.5,842600.0,854650.0,25700.0,182.52432554853826,995.5,1320.0,16.048976608187136,1.4222652574751067,528445.0,400807.0,118932.0,666262300.0,506802600.0,148583900.0,347.6992233032586,996.0,1320.0,6288748.0,1.414355549296908
612,490.0,698.0,18.0,610150.0,876950.0,23400.0,178.8781043401871,996.0,1320.0,16.05157593123209,1.4152139778663662,529059.0,401472.0,118949.0,667025800.0,507635800.0,148606400.0,347.47330376668697,996.0,1320.0,6299230.0,1.4160724064358243
613,797.0,644.5,20.0,993750.0,805800.0,25400.0,184.57445450513512,997.0,1320.0,16.193173002327384,1.4104403488119728,530039.0,402096.0,118972.0,668249800.0,508414200.0,148634700.0,347.28316855084034,998.0,1320.0,6309621.0,1.4048082911881212
614,980.0,623.0,19.5,1226100.0,776000.0,23950.0,188.06001233993038,998.0,1320.0,16.529695024077046,1.4131469069067204,531019.0,402718.0,118988.0,669478000.0,509187800.0,148654300.0,347.0806571812854,998.0,1320.0,6319826.0,1.4214855226253196
615,673.0,667.5,18.0,841300.0,832550.0,22400.0,179.83451866642366,998.0,1320.0,16.12059925093633,1.4191694843297118,531385.0,403431.0,119008.0,669932400.0,510079300.0,148679500.0,346.8437448114342,998.0,1320.0,6331142.0,1.416853446034104
616,490.0,724.5,26.0,609700.0,905150.0,32150.0,182.05792908990824,998.0,1320.0,15.578329882677709,1.4212426419248345,531999.0,404167.0,119040.0,670697400.0,510998100.0,148718600.0,346.60723248539074,998.0,1320.0,6342399.0,1.425631837815565
617,797.0,733.5,26.0,988050.0,915850.0,32350.0,182.38408537928157,998.0,1320.0,15.540558963871847,1.4281134279859502,532979.0,404898.0,119060.0,671908500.0,511911000.0,148744200.0,346.3669618962433,998.0,1320.0,6353940.0,1.4305950181563354
618,938.0,683.0,17.5,1168100.0,852850.0,21650.0,175.76750497001743,998.5,1320.0,15.662518301610541,1.425048490877097,533875.0,405533.0,119075.0,673033600.0,512703800.0,148761900.0,346.150993811469,999.0,1320.0,6363794.0,1.419501963597859
619,673.0,692.5,16.0,844350.0,865750.0,19900.0,172.93193501672624,999.0,1320.0,15.68664259927798,1.4192628593475574,534325.0,406283.0,119092.0,673597200.0,513642500.0,148784000.0,345.89918662507887,999.0,1320.0,6375666.0,1.419023755097256
620,532.0,717.5,20.0,665300.0,895650.0,26150.0,177.96960132679484,999.0,1320.0,15.69547038327526,1.4218682722433527,534939.0,406968.0,119115.0,674364200.0,514495100.0,148814200.0,345.6794568982536,999.0,1320.0,6386317.0,1.4247127893894496
621,797.0,681.5,25.0,997550.0,851150.0,31750.0,185.35418306070144,999.0,1320.0,15.714600146735144,1.4167028937943258,535919.0,407646.0,119142.0,675592300.0,515344800.0,148847500.0,345.46855781417815,999.0,1320.0,6397085.0,1.408692998199202
622,673.0,688.5,26.0,843800.0,856750.0,32550.0,186.19866090847978,999.0,1320.0,15.753812636165577,1.4125824744393602,536285.0,408345.0,119167.0,676051800.0,516208600.0,148879300.0,345.24743249412654,999.0,1320.0,6408010.0,1.4164719506795185
623,490.0,661.5,23.0,613600.0,820000.0,29400.0,182.3565495063588,999.0,1320.0,15.566893424036282,1.4168426607505684,536899.0,408969.0,119188.0,676819500.0,516984800.0,148906300.0,345.04576622119754,999.0,1320.0,6417680.0,1.4172133708216181
624,797.0,612.5,20.5,992100.0,764100.0,26200.0,184.59803981672266,999.5,1320.0,16.008163265306123,1.4191343877575036,537879.0,409570.0,119208.0,678036000.0,517736800.0,148931700.0,344.86280580555433,1000.0,1320.0,6427620.0,1.4210554046933892
625,980.0,616.0,15.0,1222000.0,767700.0,18850.0,181.11896208708916,1000.0,1320.0,16.502435064935064,1.413091998736421,538859.0,410201.0,119218.0,679263500.0,518520200.0,148944000.0,344.65500648870363,1000.0,1320.0,6438011.0,1.4051285927794528
626,821.0,685.0,22.0,1030450.0,855950.0,27250.0,183.28506327677525,1000.0,1320.0,15.898540145985402,1.4082087447535105,539521.0,410940.0,119252.0,680096900.0,519448700.0,148986200.0,344.43188469030565,1000.0,1320.0,6449401.0,1.4112888967275685
627,490.0,725.5,30.5,618150.0,911050.0,37900.0,186.9079586229376,1000.0,1320.0,15.34803583735355,1.4078192636888256,539839.0,411652.0,119279.0,680499800.0,520342300.0,149019800.0,344.2057700787501,1000.0,1320.0,6460281.0,1.4043496306500827
628,649.0,676.5,21.5,809950.0,847250.0,26200.0,179.27964824988643,1000.0,1320.0,15.555801921655581,1.4061725574083606,540819.0,412293.0,119295.0,681716800.0,521143200.0,149038600.0,343.99817941089555,1000.0,1320.0,6470448.0,1.4079954841666387
629,821.0,671.0,22.0,1025700.0,838750.0,26600.0,181.7214472154562,1000.0,1320.0,15.657973174366617,1.4134502222627439,541481.0,412997.0,119323.0,682551200.0,522023300.0,149073000.0,343.78143948041804,1000.0,1320.0,6481326.0,1.4189049603588488
630,518.5,695.5,23.0,650250.0,871800.0,27950.0,181.45359989842305,1000.0,1320.0,15.675772825305536,1.419569105247818,541856.0,413684.0,119341.0,683017300.0,522886800.0,149094500.0,343.55997001966784,1000.0,1320.0,6492253.0,1.4202332501367871
631,649.0,646.5,17.5,810250.0,812350.0,21350.0,178.98184114962098,1000.0,1320.0,15.917246713070378,1.422955824665313,542779.0,414290.0,119358.0,684171700.0,523648000.0,149115700.0,343.37133044490565,1000.0,1320.0,6501907.0,1.4256783991938384
632,951.5,646.5,20.0,1189300.0,814700.0,25200.0,181.69248366581513,1000.0,1320.0,15.841453982985305,1.4190648102342944,543759.0,414977.0,119381.0,685395900.0,524516200.0,149144900.0,343.1561782558888,1000.0,1320.0,6512736.0,1.4124512212747506
633,905.5,720.0,19.0,1131150.0,901700.0,23850.0,177.1980250796443,1000.0,1320.0,15.894444444444444,1.4189335311824829,544590.0,415734.0,119396.0,686434000.0,525456300.0,149163400.0,342.9110259740459,1000.0,1320.0,6524855.0,1.4254158410902154
634,490.0,733.5,15.0,611950.0,912350.0,18350.0,175.76302775577747,999.0,1320.0,16.167689161554193,1.420534481710269,544739.0,416444.0,119411.0,686619800.0,526340900.0,149181600.0,342.68853766972524,998.0,1320.0,6536454.0,1.4156531223303224
635,564.5,672.0,15.5,704750.0,839900.0,19000.0,182.09190238521697,998.0,1320.0,16.589285714285715,1.416856302312532,545719.0,417078.0,119427.0,687843500.0,527136100.0,149201400.0,342.49886523941257,998.0,1320.0,6547151.0,1.4180594822947417
636,910.5,659.5,13.0,1136300.0,823950.0,15950.0,177.0777195825216,998.0,1320.0,16.357088703563306,1.4185328400244703,546560.0,417763.0,119437.0,688892400.0,527988800.0,149213500.0,342.27389405407575,998.0,1320.0,6558029.0,1.419006197754199
637,905.5,679.5,12.5,1132600.0,844700.0,15350.0,171.85510079461764,997.5,1320.0,15.977189109639442,1.4243765025982293,547530.0,418437.0,119452.0,690108700.0,528825500.0,149232100.0,342.05979515247765,997.0,1320.0,6568864.0,1.42974680744226
638,559.0,663.5,22.0,701900.0,828750.0,27850.0,184.1092599487703,997.0,1320.0,15.976639035418236,1.423439742319332,547679.0,419090.0,119481.0,690297500.0,529646300.0,149269200.0,341.8712661491969,997.0,1320.0,6579230.0,1.4171326771964041
639,564.5,704.0,22.0,705300.0,882250.0,28050.0,184.1212503861307,997.0,1320.0,16.029119318181817,1.4093990936294305,548659.0,419845.0,119496.0,691519300.0,530590000.0,149288200.0,341.6345970551687,997.0,1320.0,6591433.0,1.4016655100624567
640,905.5,735.0,18.0,1132850.0,918150.0,22900.0,181.649884590462,997.0,1320.0,16.3312925170068,1.3920020876436894,549490.0,420560.0,119517.0,692563200.0,531482600.0,149315000.0,341.4244902253429,997.0,1320.0,6603237.0,1.3823386652249219
641,490.0,713.0,19.5,615750.0,890650.0,24600.0,179.41125550462917,996.5,1320.0,15.870967741935484,1.3922176282323169,549639.0,421271.0,119535.0,692750800.0,532371300.0,149337400.0,341.19514705762447,996.0,1320.0,6614065.0,1.4020965912397119
642,564.5,656.0,18.5,706150.0,818550.0,22300.0,178.2069091138948,995.5,1320.0,15.685975609756097,1.4006132897956505,550619.0,421872.0,119554.0,693975500.0,533119700.0,149359600.0,341.017822431555,995.0,1320.0,6623817.0,1.399129988351589
643,980.0,640.5,16.0,1220500.0,802800.0,18900.0,178.5914580803938,994.5,1320.0,15.914129586260733,1.4013719932602973,551599.0,422552.0,119567.0,695191800.0,533976900.0,149375200.0,340.8013245876007,994.0,1320.0,6634451.0,1.4036139981690057
644,936.5,689.0,12.0,1164700.0,866400.0,15150.0,168.0127596852128,994.0,1320.0,15.519593613933237,1.4010164852505107,552492.0,423250.0,119578.0,696304900.0,534852500.0,149389900.0,340.57099010534847,994.0,1320.0,6645203.0,1.398418972332016
645,490.0,700.5,14.5,611550.0,877450.0,18050.0,169.64467262818516,994.0,1320.0,15.560314061384725,1.4047440534584013,552579.0,423953.0,119596.0,696414900.0,535731800.0,149411300.0,340.35103581455274,994.0,1320.0,6656251.0,1.4110691345847866
646,533.5,724.0,22.0,665950.0,905050.0,27700.0,182.85903731329654,993.0,1320.0,16.116022099447513,1.414007887450496,553559.0,424698.0,119622.0,697636800.0,536662600.0,149445300.0,340.13869617243085,992.0,1320.0,6668539.0,1.4169466403162054
647,980.0,643.0,24.0,1225700.0,798650.0,30900.0,191.56307344152498,992.0,1320.0,16.342923794712288,1.4182133434031368,554539.0,425240.0,119644.0,698866300.0,537330600.0,149473100.0,339.9865709763201,992.0,1320.0,6677287.0,1.419480046490068
648,936.5,628.0,18.0,1179250.0,782850.0,22100.0,184.48163348376025,992.0,1320.0,16.3343949044586,1.4026066693534345,555432.0,425954.0,119658.0,699995300.0,538228300.0,149489500.0,339.7701028772064,992.0,1320.0,6689055.0,1.385733292216801
649,490.0,708.0,19.5,618950.0,888650.0,23950.0,180.71194151364836,991.5,1320.0,15.997175141242938,1.4044466316428044,555519.0,426656.0,119683.0,700104200.0,539107900.0,149521000.0,339.5623937056733,991.0,1320.0,6699939.0,1.4231599710688074
650,533.5,685.5,21.5,667150.0,853200.0,26550.0,181.49994124920067,991.0,1320.0,15.805251641137856,1.424971948926367,556499.0,427325.0,119701.0,701329600.0,539934700.0,149542600.0,339.36099250851913,991.0,1320.0,6710724.0,1.4267839267839268
651,936.5,706.0,18.5,1169000.0,876250.0,22200.0,176.695162243959,991.0,1320.0,15.950424929178471,1.4253194176581274,557392.0,428068.0,119720.0,702442200.0,540860400.0,149565400.0,339.13157992664213,991.0,1320.0,6722461.0,1.423854908532328
652,490.0,693.0,19.5,611350.0,868850.0,23350.0,181.25922221314477,991.0,1320.0,16.17099567099567,1.413275805791224,557479.0,428711.0,119740.0,702552300.0,541672400.0,149589300.0,338.9502082767997,991.0,1320.0,6733137.0,1.4026967030501198
653,533.5,623.0,23.5,665400.0,788700.0,28400.0,190.9141189354698,990.5,1320.0,16.348314606741575,1.4017377416091064,558459.0,429314.0,119767.0,703773000.0,542437800.0,149622200.0,338.7825509544843,990.0,1320.0,6742831.0,1.400778780168093
654,980.0,618.5,26.5,1223500.0,779000.0,32500.0,194.06388365144343,990.0,1320.0,16.314470493128535,1.4037527082205616,559439.0,429948.0,119793.0,704999300.0,543230400.0,149654300.0,338.61022388639213,990.0,1320.0,6753318.0,1.40672663627303
655,936.5,698.0,24.0,1172650.0,872900.0,29750.0,185.03476744489188,990.0,1320.0,16.075214899713465,1.4100420020582716,560332.0,430710.0,119815.0,706118300.0,544183600.0,149681700.0,338.379278079704,990.0,1320.0,6765272.0,1.4133573678435132
656,490.0,748.5,21.5,613050.0,938450.0,27150.0,176.73748801477777,990.0,1320.0,15.559786239144957,1.400619080387517,560419.0,431445.0,119836.0,706225400.0,545107300.0,149708600.0,338.1580334186579,990.0,1320.0,6776611.0,1.387880792931521
657,533.5,721.0,24.5,663050.0,900150.0,30250.0,184.5400984157848,990.0,1320.0,15.919556171983356,1.392785151313471,561399.0,432152.0,119864.0,707444400.0,545983900.0,149742200.0,337.9637571221967,990.0,1320.0,6788228.0,1.3976895096954212
658,980.0,683.0,20.5,1222950.0,850550.0,25550.0,181.321838262758,990.5,1320.0,16.132503660322108,1.3992689176169728,562379.0,432811.0,119877.0,708671300.0,546808400.0,149759700.0,337.75876922876313,991.0,1320.0,6798648.0,1.4008483255385245
659,936.5,682.0,14.0,1169000.0,850350.0,18300.0,172.8698764706676,991.5,1320.0,16.016129032258064,1.4013998339796,563272.0,433516.0,119892.0,709782400.0,547684600.0,149778800.0,337.5484926484863,992.0,1320.0,6810074.0,1.4019513424206755
660,490.0,711.0,22.5,611000.0,887500.0,27650.0,183.0489102226196,992.0,1320.0,16.015471167369903,1.4016335988633122,563359.0,434233.0,119922.0,709893300.0,548583400.0,149815000.0,337.34920987594273,992.0,1320.0,6821422.0,1.4013158553059488
661,533.5,624.0,29.5,670300.0,782450.0,35550.0,194.7823586248382,992.0,1320.0,15.94951923076923,1.4073594306765862,564339.0,434764.0,119951.0,711123000.0,549249500.0,149849900.0,337.21211209780887,992.0,1320.0,6829979.0,1.4134030060472236
662,936.5,563.0,30.5,1174400.0,706500.0,37550.0,200.71839730211505,992.0,1320.0,15.960035523978686,1.4090455105793218,565232.0,435359.0,119983.0,712242100.0,549996400.0,149890100.0,337.0571722225235,992.0,1320.0,6839393.0,1.4046880151114203
663,936.5,619.5,21.5,1167300.0,779150.0,27250.0,182.75048954491686,992.0,1320.0,15.612590799031477,1.3966087647243532,566212.0,436003.0,119994.0,713457600.0,550807800.0,149904400.0,336.8559594564943,992.0,1320.0,6849323.0,1.3885295143372864
664,533.5,669.5,18.5,661250.0,839300.0,23350.0,174.9455753344625,992.0,1320.0,15.377893950709485,1.388865745225453,566299.0,436698.0,120020.0,713564600.0,551675000.0,149936800.0,336.6564926013906,992.0,1320.0,6859984.0,1.3892019761136192
665,533.5,706.0,30.0,665950.0,879400.0,36850.0,186.7789415850484,991.5,1320.0,15.477337110481587,1.3897964001213805,567279.0,437415.0,120054.0,714789500.0,552566600.0,149978100.0,336.4596802547692,991.0,1320.0,6871177.0,1.3903908241291416
666,936.5,737.5,25.0,1172250.0,919700.0,30750.0,185.52985405068884,991.0,1320.0,15.953898305084746,1.3877531596724282,568172.0,438173.0,120070.0,715909100.0,553514400.0,149998300.0,336.2436470775062,991.0,1320.0,6883516.0,1.3851154952157148
667,490.0,729.0,21.5,615850.0,911300.0,27000.0,182.66066251010315,991.0,1320.0,15.989711934156379,1.3796982044478745,568259.0,438873.0,120097.0,716021200.0,554389200.0,150032100.0,336.046684341509,991.0,1320.0,6894490.0,1.3742809136800345
668,533.5,680.0,30.0,665450.0,847850.0,37350.0,192.68452357671848,991.0,1320.0,16.100735294117648,1.3769965918743134,569239.0,439533.0,120130.0,717240000.0,555210100.0,150073000.0,335.8794029602931,991.0,1320.0,6905413.0,1.3797122700685924
669,980.0,670.0,28.0,1218000.0,834550.0,34400.0,194.27806033367216,991.0,1320.0,16.344029850746267,1.3812929620041028,570219.0,440213.0,120153.0,718457200.0,556058300.0,150100900.0,335.69350624163286,991.0,1320.0,6916391.0,1.3828736539396134
670,936.5,678.0,20.0,1163450.0,842800.0,24500.0,187.05746871873978,991.0,1320.0,16.493362831858406,1.3838008995739757,571112.0,440889.0,120170.0,719566900.0,556895700.0,150122000.0,335.5091113863218,991.0,1320.0,6927778.0,1.3847281452083382
671,490.0,715.0,26.0,610300.0,888850.0,32050.0,193.9951638605141,991.0,1320.0,16.71188811188811,1.3867426904081093,571199.0,441643.0,120205.0,719677800.0,557836000.0,150165000.0,335.3197451115617,991.0,1320.0,6940289.0,1.3887572356078803
672,533.5,723.5,31.5,670850.0,901550.0,38200.0,197.12201254437326,991.0,1320.0,16.48514167242571,1.3905995094072208,572179.0,442336.0,120233.0,720908600.0,558698800.0,150198400.0,335.13766447180814,991.0,1320.0,6951632.0,1.3924417832065612
673,980.0,647.0,25.5,1228750.0,807350.0,31050.0,189.54061832201904,991.0,1320.0,16.04482225656878,1.394119710601844,573159.0,442937.0,120256.0,722135300.0,559450700.0,150227100.0,334.97159993658295,991.0,1320.0,6961051.0,1.3957976379971266
674,936.5,647.0,22.0,1169700.0,806700.0,26850.0,181.81437654882973,991.0,1320.0,15.687789799072643,1.3895839193923392,574052.0,443630.0,120277.0,723248000.0,560312200.0,150252100.0,334.77386945021607,991.0,1320.0,6971932.0,1.3833702007875515
675,490.0,707.5,20.0,611250.0,882550.0,24300.0,179.75024116289325,992.0,1320.0,16.009893992932863,1.3829801378679423,574139.0,444352.0,120296.0,723357800.0,561215800.0,150275700.0,334.5716214065676,993.0,1320.0,6983705.0,1.3825900749483329
676,533.5,724.5,22.0,667400.0,907850.0,27500.0,181.27532925903282,993.0,1320.0,15.98136645962733,1.379780962626596,575119.0,445081.0,120321.0,724582800.0,562130400.0,150307100.0,334.36791145434256,993.0,1320.0,6995118.0,1.3769718503048594
677,980.0,680.0,24.5,1229400.0,856750.0,30300.0,184.93225599931327,993.0,1320.0,15.758823529411766,1.3816056300702693,576099.0,445712.0,120345.0,725816600.0,562929300.0,150336300.0,334.19914678677014,993.0,1320.0,7005137.0,1.3862394098356792
678,936.5,683.0,22.0,1172050.0,857000.0,27500.0,180.7331091418025,993.0,1320.0,15.757686676427525,1.3840793514646903,576992.0,446447.0,120365.0,726926900.0,563844400.0,150362100.0,333.98572993514233,993.0,1320.0,7016643.0,1.3819192930937014
679,490.0,694.0,27.0,609700.0,864900.0,33400.0,185.85412631369553,993.0,1320.0,15.727665706051873,1.3813020580628508,577079.0,447100.0,120399.0,727036000.0,564659100.0,150403100.0,333.8222060000499,993.0,1320.0,7026967.0,1.3806848230320001
680,533.5,687.0,35.5,666450.0,857250.0,42950.0,197.75252031492343,993.0,1320.0,15.844978165938864,1.3904157978043397,578059.0,447821.0,120436.0,728259800.0,565558900.0,150448000.0,333.6393074750552,993.0,1320.0,7038414.0,1.4001467725766792
681,936.5,711.5,31.5,1167000.0,888200.0,38750.0,194.1929410061989,993.0,1320.0,16.163035839775123,1.397820244081327,578952.0,448523.0,120462.0,729370000.0,566435500.0,150480600.0,333.45754069642857,993.0,1320.0,7049967.0,1.395493715585975
682,936.5,686.0,21.5,1167100.0,857800.0,26650.0,182.08652128712015,993.0,1320.0,15.817055393586006,1.388648705024774,579932.0,449193.0,120479.0,730594000.0,567274500.0,150501300.0,333.2628677124267,993.0,1320.0,7060115.0,1.3818036944635728
683,533.5,707.5,20.5,665650.0,883500.0,24650.0,175.24133030576922,993.0,1320.0,15.267844522968199,1.3862799946594535,580019.0,449938.0,120503.0,730701300.0,568202500.0,150529900.0,333.053707868267,993.0,1320.0,7071571.0,1.390756294855334
684,533.5,700.5,18.5,668900.0,873700.0,21900.0,176.99997064573967,993.0,1320.0,15.756602426837972,1.3864093020218355,580999.0,450594.0,120516.0,731931800.0,569021900.0,150545100.0,332.8694127808333,993.0,1320.0,7082190.0,1.382062309188337
685,936.5,641.0,12.0,1175200.0,802250.0,14950.0,176.59711858094644,993.0,1320.0,16.34477379095164,1.3804311439373773,581892.0,451220.0,120527.0,733051700.0,569807000.0,150559800.0,332.69632548478387,993.0,1320.0,7092525.0,1.3787999786864173
686,490.0,657.5,13.0,613400.0,824500.0,16100.0,178.20199450683356,994.0,1320.0,16.47300380228137,1.379926362149487,581979.0,451909.0,120542.0,733158600.0,570670900.0,150577300.0,332.5070952935629,995.0,1320.0,7103852.0,1.3810527456125565
687,533.5,695.0,16.0,668850.0,868750.0,19650.0,178.15717068870526,995.0,1320.0,16.277697841726617,1.3671452069332588,582959.0,452610.0,120559.0,734389400.0,571544500.0,150599100.0,332.3129225475695,995.0,1320.0,7115151.0,1.353237668253961
688,980.0,677.0,19.5,1230650.0,848650.0,24600.0,181.14222126916502,995.5,1320.0,15.951255539143279,1.363211858352722,583939.0,453263.0,120581.0,735619900.0,572368200.0,150626500.0,332.13965872628,996.0,1320.0,7125450.0,1.373186048451483
689,936.5,688.5,24.0,1176650.0,865250.0,30400.0,185.70216221194372,996.0,1320.0,15.875816993464053,1.3752380671261035,584832.0,453987.0,120607.0,736742700.0,573275000.0,150659900.0,331.94932610646873,996.0,1320.0,7137012.0,1.377290085800724
690,490.0,742.5,25.0,615350.0,927250.0,31600.0,184.7130129943947,996.0,1320.0,16.036363636363635,1.3747547332635812,584919.0,454748.0,120631.0,736850600.0,574222700.0,150689700.0,331.7463529205452,996.0,1320.0,7149264.0,1.3722193807264387
691,533.5,705.5,22.5,663950.0,881150.0,27750.0,182.14016996920463,996.0,1320.0,15.895109851169384,1.3703428912087423,585899.0,455398.0,120652.0,738070600.0,575037300.0,150715400.0,331.5706747197217,996.0,1320.0,7159440.0,1.3684664016910457
692,980.0,633.0,21.0,1222900.0,792500.0,26600.0,181.76972361827063,996.0,1320.0,15.751184834123222,1.3808022465871121,586879.0,456014.0,120673.0,739296400.0,575807700.0,150742900.0,331.40618671057723,996.0,1320.0,7169205.0,1.3931380914831784
693,936.5,685.0,17.5,1170150.0,857000.0,22350.0,176.9217178806123,996.0,1320.0,16.021167883211678,1.3929372296268263,587772.0,456768.0,120687.0,740410900.0,576751300.0,150760100.0,331.19439988556303,996.0,1320.0,7181389.0,1.392736367770474
694,490.0,714.5,16.0,612650.0,895450.0,19950.0,177.49215787679793,995.5,1320.0,16.272918124562633,1.3882218677867009,587859.0,457443.0,120705.0,740521700.0,577598600.0,150782800.0,331.01724063426775,995.0,1320.0,7192459.0,1.3837073678029275
695,533.5,658.0,19.5,666800.0,826650.0,24800.0,185.06664866316441,995.0,1320.0,16.321428571428573,1.37914070420164,588839.0,458084.0,120726.0,741744500.0,578404600.0,150809700.0,330.8523133581947,995.0,1320.0,7202868.0,1.3745740406003524
696,936.5,685.0,19.5,1169650.0,858750.0,25050.0,182.94427804756336,995.0,1320.0,16.175182481751825,1.373137409927727,589732.0,458813.0,120744.0,742861000.0,579316100.0,150832900.0,330.6572504964823,995.0,1320.0,7214619.0,1.3717007792551015
697,835.0,693.0,15.0,1042300.0,864300.0,19050.0,175.0571264670398,995.0,1320.0,15.97979797979798,1.3796620182284607,590509.0,459470.0,120756.0,743829100.0,580133200.0,150847800.0,330.47210636188976,995.0,1320.0,7225016.0,1.3876232572018197
698,533.5,666.5,17.0,664750.0,829000.0,21350.0,175.79965918613766,994.5,1320.0,15.720180045011253,1.3877109244448107,590799.0,460146.0,120778.0,744190500.0,580974100.0,150875600.0,330.2928477048593,994.0,1320.0,7235574.0,1.387798591687802
699,635.0,612.5,19.0,794950.0,762000.0,24450.0,179.43482790040557,994.5,1320.0,15.684081632653061,1.3891770710752913,591779.0,460695.0,120794.0,745419000.0,581657200.0,150896700.0,330.14405186267044,995.0,1320.0,7244229.0,1.3905555504627807
700,936.5,595.0,20.0,1175200.0,743200.0,26400.0,181.47834607672942,995.0,1320.0,15.748739495798318,1.392239785073913,592672.0,461336.0,120818.0,746540900.0,582460500.0,150928400.0,329.9784260277728,995.0,1320.0,7254315.0,1.3939240196850455
701,656.5,667.0,22.0,821600.0,831350.0,28600.0,179.77452724208308,994.5,1320.0,15.47151424287856,1.3871508032090794,593092.0,462029.0,120838.0,747062200.0,583319900.0,150953900.0,329.78855188595674,994.0,1320.0,7264868.0,1.3803775867331134
702,533.5,705.0,18.5,663200.0,878000.0,23200.0,175.90503073305567,994.0,1320.0,15.64822695035461,1.380781043948873,593739.0,462746.0,120855.0,747867300.0,584216500.0,150974800.0,329.59641125570806,994.0,1320.0,7276379.0,1.3811845011646326
703,813.5,691.5,19.0,1012550.0,864650.0,22950.0,178.56302296383654,993.5,1320.0,15.81995661605206,1.3805501254611392,594719.0,463412.0,120876.0,749087300.0,585049200.0,150999800.0,329.4207684014452,993.0,1320.0,7286747.0,1.379915749757646
704,936.5,685.5,18.0,1168000.0,857400.0,21600.0,173.1811906843273,993.0,1320.0,15.353026987600291,1.3717542849015196,595612.0,464117.0,120891.0,750203300.0,585931300.0,151018000.0,329.220217741528,993.0,1320.0,7297428.0,1.3635928200453933
705,490.0,693.0,14.0,610150.0,867400.0,17600.0,169.71982458073313,993.0,1320.0,15.601731601731602,1.3673522903332875,595699.0,464798.0,120904.0,750307600.0,586784000.0,151035000.0,329.0352188650565,993.0,1320.0,7308371.0,1.371111760621182
706,533.5,711.0,15.5,666400.0,890800.0,20550.0,175.26836530880053,993.0,1320.0,15.937412095639944,1.3771878911786493,596679.0,465539.0,120922.0,751536100.0,587712900.0,151059100.0,328.83879077266846,993.0,1320.0,7320091.0,1.3832640217361167
707,936.5,723.5,14.5,1172600.0,907200.0,19050.0,176.52526049470018,993.0,1320.0,16.172771250863857,1.3862987008268313,597572.0,466245.0,120933.0,752652800.0,588598400.0,151073100.0,328.6518518135754,993.0,1320.0,7331773.0,1.389333379917546
708,490.0,688.0,17.0,612150.0,861400.0,21050.0,181.14304520209043,993.0,1320.0,16.32122093023256,1.3882227764606834,597659.0,466915.0,120956.0,752760400.0,589435700.0,151101200.0,328.4845446859343,993.0,1320.0,7342549.0,1.3871121730038207
709,533.5,686.0,21.5,663650.0,859200.0,26150.0,186.9630835604974,993.0,1320.0,16.418367346938776,1.3859764331877416,598639.0,467622.0,120976.0,753980100.0,590322500.0,151125400.0,328.310057973671,993.0,1320.0,7354400.0,1.3848406933716626
710,980.0,677.0,18.5,1219050.0,845150.0,22450.0,183.19377787669197,993.5,1320.0,16.42688330871492,1.3846703751717593,599619.0,468269.0,120993.0,755198500.0,591126000.0,151146100.0,328.1415742302933,994.0,1320.0,7364791.0,1.3845000569718557
711,936.5,630.0,17.0,1172000.0,781500.0,20900.0,178.05001282389335,994.0,1320.0,15.857142857142858,1.382589990347948,600512.0,468882.0,121010.0,756324100.0,591885500.0,151167200.0,327.98044425043975,994.0,1320.0,7374380.0,1.3806799237240401
712,490.0,640.0,17.5,618200.0,792550.0,22150.0,175.53262011597505,994.0,1320.0,15.74609375,1.383222590391901,600599.0,469549.0,121028.0,756434900.0,592711100.0,151190400.0,327.80176964145795,994.0,1320.0,7384946.0,1.3857652570597618
713,533.5,667.5,18.5,664900.0,834550.0,22600.0,173.79565190043127,994.0,1320.0,15.61123595505618,1.3825992960759157,601579.0,470217.0,121047.0,757653900.0,593554600.0,151212400.0,327.62266577059984,994.0,1320.0,7395221.0,1.3794333350920698
714,936.5,700.5,16.0,1171000.0,880700.0,18550.0,174.43715304697997,994.0,1320.0,15.80870806566738,1.3788722656290862,602472.0,470950.0,121060.0,758776900.0,594472500.0,151227500.0,327.4305402777988,994.0,1320.0,7407094.0,1.3783111961661028
715,704.5,685.5,12.5,885500.0,856250.0,15100.0,170.69638579730446,994.0,1320.0,15.74617067833698,1.3750064263580486,602988.0,471588.0,121072.0,759424900.0,595267100.0,151242600.0,327.2530287327654,994.0,1320.0,7416809.0,1.3717016565499944
716,533.5,649.0,15.0,666700.0,808700.0,18700.0,174.85747651319573,994.0,1320.0,15.86517719568567,1.3799449525415353,603539.0,472248.0,121090.0,760110300.0,596089900.0,151264900.0,327.08905358947015,994.0,1320.0,7427687.0,1.388188248533076
717,765.5,698.5,17.0,955950.0,870700.0,21250.0,178.22797131827335,994.0,1320.0,16.070866141732285,1.388319212577464,604519.0,472985.0,121106.0,761336800.0,597008500.0,151285100.0,326.8940688138972,994.0,1320.0,7439260.0,1.3884501766218518
718,936.5,719.0,11.0,1171950.0,899350.0,13850.0,168.84166871684286,994.0,1320.0,15.806675938803894,1.3895721148569735,605412.0,473686.0,121112.0,762454200.0,597888600.0,151292600.0,326.7006172095324,994.0,1320.0,7450417.0,1.3906940530920955
719,490.0,695.0,9.0,612400.0,871500.0,11700.0,165.35598861063215,993.5,1320.0,15.640287769784173,1.3901490678313495,605499.0,474375.0,121124.0,762561600.0,598751500.0,151308500.0,326.51212758993904,993.0,1320.0,7461000.0,1.3896040825706035
720,533.5,668.0,18.0,665450.0,837550.0,22600.0,178.59861536386424,993.0,1320.0,15.842065868263473,1.384223337478629,606479.0,475022.0,121148.0,763785100.0,599563700.0,151337800.0,326.3597816315398,993.0,1320.0,7471582.0,1.3788425923866545
721,980.0,636.0,18.0,1227050.0,800150.0,22450.0,182.7430034135986,992.5,1320.0,16.18553459119497,1.3868155964718851,607459.0,475647.0,121160.0,765015700.0,600351800.0,151353400.0,326.19703407658756,992.0,1320.0,7481588.0,1.3947886005571155
722,936.5,676.5,9.0,1172350.0,845250.0,11500.0,165.74596061025426,992.0,1320.0,15.702143385070213,1.396527550994087,608352.0,476375.0,121166.0,766129800.0,601254200.0,151360800.0,325.99126876192867,992.0,1320.0,7492827.0,1.3982665014310587
723,490.0,725.5,7.5,612200.0,903200.0,9500.0,164.63566230445508,991.5,1320.0,15.796002756719504,1.3994258429212452,608439.0,477098.0,121175.0,766240100.0,602158200.0,151372400.0,325.8011462945579,991.0,1320.0,7504508.0,1.4005851844114319
724,533.5,726.5,9.5,669300.0,910450.0,12050.0,171.84795886317724,991.0,1320.0,16.30006882312457,1.3948710944182292,609419.0,477828.0,121185.0,767468400.0,603075100.0,151384900.0,325.6124807353395,991.0,1320.0,7516511.0,1.3891570044250265
725,936.5,709.5,12.0,1170150.0,887400.0,14800.0,175.9241328238514,991.0,1320.0,16.470754052149402,1.3944439040596914,610312.0,478517.0,121199.0,768580400.0,603933000.0,151402000.0,325.4405213813688,991.0,1320.0,7527880.0,1.399730803694356
726,566.0,711.5,16.0,703700.0,886850.0,20050.0,178.2083900826251,991.0,1320.0,16.29304286718201,1.4012081882110077,610551.0,479251.0,121217.0,768875800.0,604848800.0,151425000.0,325.25530441303823,991.0,1320.0,7539696.0,1.4026855727276593
727,533.5,693.0,20.5,663350.0,866450.0,25950.0,183.09099329661868,991.0,1320.0,16.151515151515152,1.3920664754913683,611379.0,479903.0,121240.0,769907100.0,605665900.0,151453900.0,325.1026104740186,991.0,1320.0,7550266.0,1.3814473782550771
728,903.5,616.5,20.0,1127350.0,772000.0,25000.0,186.21115378898222,991.0,1320.0,16.18978102189781,1.3864669367056486,612359.0,480484.0,121257.0,771132000.0,606392800.0,151475000.0,324.96115260396255,991.0,1320.0,7559658.0,1.3914864951562198
729,936.5,676.0,16.0,1171600.0,849800.0,20150.0,175.50895916342319,991.0,1320.0,15.821005917159763,1.393502538601552,613252.0,481255.0,121272.0,772250300.0,607365500.0,151494200.0,324.7589949789211,991.0,1320.0,7571656.0,1.395518582046884
730,490.0,746.0,15.5,615050.0,935400.0,19700.0,171.54241396338494,991.0,1320.0,15.63538873994638,1.3915342790690919,613339.0,481976.0,121288.0,772362100.0,608263600.0,151514400.0,324.57383173126027,991.0,1320.0,7582986.0,1.3875499760912997
731,533.5,699.0,17.5,673350.0,874250.0,22200.0,177.99561928911103,991.0,1320.0,15.839771101573676,1.3853544066197994,614319.0,482653.0,121307.0,773597000.0,609114000.0,151538600.0,324.4107733792068,991.0,1320.0,7593800.0,1.383158837148299
732,980.0,641.5,19.0,1222550.0,800850.0,24300.0,183.22973267641257,990.0,1320.0,16.123928293063134,1.3809725883868644,615299.0,483259.0,121326.0,774807200.0,609865300.0,151563000.0,324.2649991355933,989.0,1320.0,7603673.0,1.3787863396254296
733,936.5,627.5,18.0,1164200.0,781150.0,21850.0,179.19710301224129,989.0,1320.0,15.907569721115538,1.3874619093027452,616192.0,483908.0,121343.0,775925400.0,610676300.0,151582300.0,324.1010327122049,989.0,1320.0,7613764.0,1.396137478980061
734,490.0,623.5,19.0,614600.0,779750.0,22650.0,178.55750608896074,988.5,1320.0,15.571772253408179,1.390798036455187,616279.0,484506.0,121364.0,776036400.0,611424800.0,151608300.0,323.95596563242475,988.0,1320.0,7623091.0,1.3854585939303132
735,533.5,616.0,21.5,671200.0,770550.0,27050.0,180.38539657252278,987.0,1320.0,15.533279220779221,1.3858343324117963,617259.0,485140.0,121386.0,777267800.0,612217400.0,151636400.0,323.79892293277527,986.0,1320.0,7632901.0,1.3862100708932796
736,936.5,633.0,20.0,1169600.0,794400.0,25100.0,177.41777929319332,986.0,1320.0,15.43996840442338,1.389849383938162,618152.0,485772.0,121404.0,778375600.0,613013600.0,151658500.0,323.64077057965653,986.0,1320.0,7642638.0,1.3934886969830445
737,490.0,637.5,17.5,608150.0,802700.0,21800.0,180.17396941663242,986.0,1320.0,15.886274509803922,1.3890387332677063,618239.0,486415.0,121421.0,778484100.0,613822800.0,151680000.0,323.4893843580503,986.0,1320.0,7653156.0,1.384588769552368
738,533.5,608.0,14.5,666700.0,761450.0,18650.0,178.26990669278965,986.0,1320.0,16.03700657894737,1.3893000453962792,619219.0,486988.0,121433.0,779709000.0,614536500.0,151695800.0,323.3433010223284,986.0,1320.0,7662139.0,1.3940113212401906
739,936.5,557.0,15.5,1168600.0,696100.0,19900.0,178.63454327031448,985.5,1320.0,15.834829443447038,1.394445359681237,620112.0,487529.0,121452.0,780821300.0,615215000.0,151719800.0,323.2170297311486,985.0,1320.0,7670796.0,1.3948793981222836
740,704.0,569.5,12.5,879400.0,713350.0,15200.0,172.51102446387242,985.0,1320.0,15.707638279192274,1.3967790444019224,620627.0,488127.0,121458.0,781467800.0,615963200.0,151726200.0,323.0552874230534,985.0,1320.0,7680030.0,1.3986786906815611
741,533.5,679.5,16.0,666800.0,844450.0,19250.0,175.3359225211376,984.5,1320.0,15.891832229580574,1.39458741982499,621179.0,488888.0,121484.0,782154900.0,616903900.0,151758300.0,322.88001784310507,984.0,1320.0,7692393.0,1.3904961489684184
742,722.5,706.5,20.5,900800.0,876450.0,25300.0,180.616425632571,984.0,1320.0,15.968860580325549,1.3835111893221272,622072.0,489540.0,121499.0,783269400.0,617716100.0,151776800.0,322.7163465288663,984.0,1320.0,7702594.0,1.376526229675836
743,490.0,682.0,16.0,611400.0,852600.0,19750.0,173.03867423992793,984.0,1320.0,15.511730205278592,1.3793629358551502,622159.0,490252.0,121516.0,783377700.0,618609100.0,151797800.0,322.5380932643919,984.0,1320.0,7713551.0,1.3821996420344644
744,533.5,683.0,15.5,666600.0,852150.0,19300.0,173.49030687073693,984.0,1320.0,15.59809663250366,1.3829930373802257,623139.0,490906.0,121530.0,784602600.0,619420400.0,151815400.0,322.37595377370155,984.0,1320.0,7723901.0,1.383786432725987
745,980.0,667.0,20.5,1230300.0,830400.0,25500.0,182.2579124047769,983.0,1320.0,15.968515742128936,1.3834743449029303,624119.0,491586.0,121557.0,785838300.0,620269900.0,151848800.0,322.223508822131,982.0,1320.0,7734853.0,1.3831622570798738
746,915.5,654.0,18.0,1150550.0,819100.0,22550.0,179.83102689337474,982.0,1320.0,16.089449541284402,1.3895061109740463,624970.0,492214.0,121566.0,786903700.0,621058600.0,151860500.0,322.0638217691937,982.0,1320.0,7744946.0,1.3958499648682186
747,490.0,677.0,21.5,613100.0,847800.0,27200.0,185.39678400813094,982.0,1320.0,16.227474150664698,1.3887869213250938,625099.0,492940.0,121600.0,787064500.0,621965500.0,151903200.0,321.9124681501395,982.0,1320.0,7756825.0,1.3817238777819691
748,554.5,685.0,23.5,696300.0,855450.0,29350.0,188.37610985108898,982.0,1320.0,16.274452554744524,1.3830684957749608,626079.0,493584.0,121613.0,788296300.0,622769500.0,151919200.0,321.7558952224312,982.0,1320.0,7767242.0,1.3844131137679525
749,936.5,649.0,19.5,1176100.0,810350.0,24600.0,182.21645724980277,982.0,1320.0,16.052388289676426,1.3929858356452476,626972.0,494238.0,121639.0,789416700.0,623586200.0,151952400.0,321.60920375388196,982.0,1320.0,7777661.0,1.4015585575225429
750,490.0,641.0,24.5,613500.0,800950.0,31250.0,187.3847628994614,982.0,1320.0,15.938377535101404,1.406303478836214,627059.0,494866.0,121662.0,789523300.0,624371400.0,151981700.0,321.46580624492833,982.0,1320.0,7787675.0,1.4110484001498855
751,533.5,626.0,22.0,672450.0,783150.0,27950.0,186.7751532222022,982.0,1320.0,16.06549520766773,1.4088322517230636,628039.0,495490.0,121683.0,790761600.0,625152500.0,152008300.0,321.32606607694316,982.0,1320.0,7797775.0,1.4066161032962419
752,936.5,642.0,23.5,1175950.0,807150.0,30300.0,188.12499578114802,982.0,1320.0,15.934579439252337,1.4057266015319305,628932.0,496150.0,121709.0,791875200.0,625985700.0,152042300.0,321.17856171385023,982.0,1320.0,7808135.0,1.4048370997676194
753,490.0,665.0,29.5,612050.0,842800.0,37950.0,193.87270701450205,982.0,1320.0,15.898496240601503,1.3969114412211043,629019.0,496820.0,121742.0,791985700.0,626838100.0,152084200.0,321.0398656382848,982.0,1320.0,7818920.0,1.3889857826745893
754,533.5,645.5,37.0,668850.0,813600.0,46000.0,205.0004542940772,981.0,1320.0,16.216111541440743,1.3929454787791937,629999.0,497441.0,121783.0,793212900.0,627612900.0,152134300.0,320.92246195572113,980.0,1320.0,7829070.0,1.3969051748837982
755,936.5,657.5,30.5,1169750.0,820400.0,37250.0,195.65300133004857,980.0,1320.0,16.246387832699618,1.395027058516479,630892.0,498135.0,121803.0,794325200.0,628478900.0,152158700.0,320.7615598636942,980.0,1320.0,7840284.0,1.3931489421491596
756,490.0,663.0,22.0,609600.0,829700.0,27850.0,185.82904643006356,980.0,1320.0,16.193815987933636,1.3865694294145468,630979.0,498767.0,121827.0,794432100.0,629272300.0,152190000.0,320.6242348067798,980.0,1320.0,7850543.0,1.379989916679934
757,533.5,615.5,34.5,667450.0,776400.0,43900.0,203.6595040901453,979.5,1320.0,16.07311129163282,1.3853651702737715,631959.0,499366.0,121872.0,795660100.0,630031700.0,152246500.0,320.51651259919083,979.0,1320.0,7860070.0,1.3907404238676089
758,980.0,583.0,35.5,1228350.0,732850.0,44400.0,203.31116969859616,978.5,1320.0,15.549742710120068,1.3957296255328,632939.0,499933.0,121898.0,796888800.0,630738000.0,152278800.0,320.3908655126483,978.0,1320.0,7868674.0,1.4007188271979913
759,928.0,581.5,27.5,1164600.0,722350.0,33700.0,191.89300497555865,978.0,1320.0,15.515907136715391,1.3983388974099984,633815.0,500529.0,121927.0,797989300.0,631476400.0,152313900.0,320.26482664502674,978.0,1320.0,7878115.0,1.3959589676220054
760,490.0,452.0,22.0,614900.0,563400.0,26800.0,196.7645773267567,978.0,1320.0,16.02654867256637,1.3934102939662374,633919.0,500837.0,121942.0,798118600.0,631864800.0,152332400.0,320.2026804241986,978.0,1320.0,7883162.0,1.3908616203104693
761,52.0,412.5,15.0,64650.0,517450.0,18800.0,185.21064277695072,978.0,1320.0,15.996363636363636,1.387797028586556,633919.0,501354.0,121957.0,798118600.0,632511300.0,152351500.0,320.0795718890427,978.0,1320.0,7891312.0,1.3847324368626426
762,490.0,453.0,17.5,616900.0,566700.0,22200.0,188.3398210649594,977.5,1320.0,16.02317880794702,1.3842480503230283,634899.0,501743.0,121977.0,799352400.0,632998200.0,152376800.0,320.0037402737192,977.0,1320.0,7897679.0,1.3837636637834143
763,599.0,389.5,15.5,754050.0,488050.0,19600.0,193.15091732786394,977.0,1320.0,16.130937098844672,1.386481298766641,635117.0,502133.0,121988.0,799626700.0,633487400.0,152390700.0,319.914840674752,977.0,1320.0,7903878.0,1.3891989337498678
764,490.0,362.0,16.5,613900.0,451100.0,20800.0,196.05812737908695,976.5,1320.0,16.005524861878452,1.3914868120831354,635879.0,502467.0,122010.0,800580200.0,633900400.0,152418400.0,319.8534916193076,976.0,1320.0,7909267.0,1.3937746904164028
765,381.0,344.5,27.5,476750.0,428300.0,34700.0,218.12214453775022,976.0,1320.0,15.718432510885341,1.3942002139397647,635879.0,502822.0,122043.0,800580200.0,634344000.0,152460100.0,319.7936404700262,976.0,1320.0,7914708.0,1.3946257374631268
766,365.5,343.5,23.5,459450.0,431350.0,30100.0,209.37221224551593,976.0,1320.0,15.730713245997089,1.3991513593044753,636610.0,503154.0,122057.0,801499100.0,634763100.0,152478600.0,319.7237861933628,976.0,1320.0,7920074.0,1.4036769811458238
767,490.0,262.5,16.0,614950.0,330350.0,20450.0,211.28416466939265,975.5,1320.0,16.51047619047619,1.4099206382648704,636859.0,503347.0,122075.0,801810100.0,635004700.0,152501000.0,319.69700207543684,975.0,1320.0,7923376.0,1.4161642953839166
768,124.5,272.0,19.0,155500.0,338450.0,23900.0,206.53179036225208,975.0,1320.0,15.134191176470589,1.4134403604122938,636859.0,503698.0,122095.0,801810100.0,635440000.0,152526400.0,319.6185153744601,975.0,1320.0,7928307.0,1.410716425440671
769,490.0,348.5,19.5,611400.0,436750.0,25200.0,193.11424851188167,975.0,1320.0,14.846484935437589,1.4091865066364448,637839.0,504044.0,122114.0,803032900.0,635878200.0,152551400.0,319.54821389957283,975.0,1320.0,7933724.0,1.407656587832219
770,490.0,330.5,20.5,611400.0,417600.0,27100.0,206.59524331751237,975.0,1320.0,15.913767019667171,1.4078790064654956,637839.0,504359.0,122136.0,803032900.0,636275200.0,152580600.0,319.4918705696591,975.0,1320.0,7938826.0,1.4081014250987722
771,193.0,320.5,15.5,242250.0,401100.0,20300.0,191.0390078250457,975.0,1320.0,15.299531981279252,1.4092035258723343,638225.0,504685.0,122145.0,803517400.0,636680400.0,152592000.0,319.4104441909086,975.0,1320.0,7943531.0,1.4103056266458962
772,490.0,338.0,10.5,612250.0,423550.0,13550.0,179.47674214199978,975.0,1320.0,15.596153846153847,1.411718039605458,638819.0,505035.0,122157.0,804257400.0,637122300.0,152607700.0,319.33627141578927,975.0,1320.0,7949369.0,1.41313045256502
773,297.0,347.5,20.5,370000.0,436450.0,25850.0,206.9947024714061,975.0,1320.0,16.34676258992806,1.416375469926472,638819.0,505380.0,122186.0,804257400.0,637553300.0,152643700.0,319.27860469369995,975.0,1320.0,7954892.0,1.4196204872879237
774,310.0,320.5,21.0,385150.0,399950.0,25800.0,208.49879760973784,975.0,1320.0,15.868954758190327,1.4179656281705735,639439.0,505676.0,122199.0,805027700.0,637922200.0,152659300.0,319.2157028398634,975.0,1320.0,7959541.0,1.4163107690532235
775,490.0,313.5,16.0,610050.0,390750.0,20250.0,199.20493407246374,975.5,1320.0,16.057416267942585,1.4116572373067648,639799.0,506007.0,122218.0,805477500.0,638334800.0,152684200.0,319.1526489470491,976.0,1320.0,7964960.0,1.4070037055603062
776,180.0,313.5,23.5,224900.0,393550.0,30300.0,215.00652280723375,976.0,1320.0,16.00956937799043,1.4073428117755309,639799.0,506303.0,122246.0,805477500.0,638709300.0,152719900.0,319.1039581909302,976.0,1320.0,7969579.0,1.4076819179907556
777,490.0,285.0,18.0,616200.0,360500.0,22800.0,204.25701415384898,975.5,1320.0,15.764912280701754,1.405476944456356,640779.0,506577.0,122254.0,806709900.0,639055800.0,152729800.0,319.04192483407616,975.0,1320.0,7973946.0,1.4032719709219563
778,490.0,285.0,18.5,616200.0,358500.0,23000.0,206.86981288183281,975.0,1320.0,15.835087719298246,1.4035252700238598,640779.0,506873.0,122283.0,806709900.0,639426300.0,152765900.0,318.99567641947345,975.0,1320.0,7978605.0,1.4037785691257634
779,0.0,333.5,23.5,0.0,417600.0,29500.0,207.9619058942148,975.0,1320.0,15.505247376311845,1.4047573193355765,640779.0,507244.0,122301.0,806709900.0,639891000.0,152788800.0,318.91594315917945,975.0,1320.0,7984288.0,1.4057360695453895
780,299.5,348.0,20.0,375200.0,434200.0,25450.0,200.1754080969111,975.0,1320.0,15.801724137931034,1.4036853049878797,641378.0,507569.0,122323.0,807460300.0,640294700.0,152816800.0,318.85684036903064,975.0,1320.0,7989603.0,1.4016345404303696
781,490.0,358.5,26.0,612550.0,446500.0,32900.0,213.25356063017296,974.5,1320.0,15.847977684797769,1.4034065333197683,641759.0,507961.0,122353.0,807935000.0,640784000.0,152854600.0,318.78703221611744,974.0,1320.0,7995651.0,1.405178526209167
782,421.0,373.5,19.0,526700.0,466700.0,24150.0,195.55062784409486,974.0,1320.0,15.579651941097724,1.4067583088714455,642220.0,508316.0,122361.0,808513700.0,641228100.0,152865100.0,318.70336184225323,974.0,1320.0,8001241.0,1.408338091533724
783,490.0,369.5,15.0,613750.0,461800.0,18700.0,185.98859088373388,974.0,1320.0,15.583220568335589,1.411859693584531,642739.0,508700.0,122383.0,809162500.0,641707600.0,152892000.0,318.62521197791614,974.0,1320.0,8007167.0,1.4153812956353375
784,313.5,413.0,20.0,392700.0,515650.0,24200.0,194.51657613839166,974.0,1320.0,15.811138014527845,1.411481589797587,642847.0,509142.0,122401.0,809299100.0,642259400.0,152913500.0,318.53307136888964,974.0,1320.0,8014301.0,1.4075818839598366
785,490.0,450.0,15.5,614900.0,563550.0,18700.0,185.40021257941498,973.5,1320.0,15.991111111111111,1.406397100855319,643719.0,509600.0,122414.0,810392300.0,642834700.0,152929400.0,318.42896240996396,973.0,1320.0,8021559.0,1.4052123177508016
786,436.0,417.0,18.5,546600.0,523300.0,22550.0,191.62399964609,973.0,1320.0,15.74220623501199,1.3994550170826625,643719.0,509976.0,122438.0,810392300.0,643306000.0,152958600.0,318.35828428089025,973.0,1320.0,8027430.0,1.3936977164145237
787,353.5,357.0,16.0,441100.0,446150.0,19300.0,195.32033142771036,973.0,1320.0,16.096638655462186,1.393281573478024,644426.0,510314.0,122446.0,811274500.0,643727000.0,152968000.0,318.2838220112145,973.0,1320.0,8033052.0,1.3928654305415242
788,490.0,381.5,19.0,612700.0,475550.0,23500.0,200.37138909554588,972.5,1320.0,16.42332896461337,1.4044014887604428,644699.0,510739.0,122476.0,811617700.0,644257100.0,153005600.0,318.2090340214307,972.0,1320.0,8039961.0,1.4159375469793614
789,330.0,399.0,18.0,413850.0,498500.0,22350.0,190.99073519146486,972.0,1320.0,15.906015037593985,1.4110238150890644,645086.0,511112.0,122482.0,812102200.0,644724000.0,153012700.0,318.11626607727635,972.0,1320.0,8045745.0,1.4061100831987674
790,490.0,355.0,12.5,617750.0,445650.0,15450.0,188.0610649696124,971.5,1320.0,16.31549295774648,1.4027923626070355,645679.0,511449.0,122501.0,812853200.0,645148400.0,153036500.0,318.05814080074634,971.0,1320.0,8051545.0,1.3994746420153037
791,318.0,390.0,17.0,402150.0,488300.0,21700.0,193.0860861027187,971.0,1320.0,16.025641025641026,1.4055596746459642,645722.0,511892.0,122516.0,812906500.0,645700600.0,153056100.0,317.9558416083242,971.0,1320.0,8058245.0,1.4116447072766247
792,490.0,379.5,11.5,612100.0,475950.0,14750.0,177.6385722761608,971.5,1320.0,15.569169960474309,1.4117487850898067,646659.0,512208.0,122524.0,814077400.0,646100300.0,153066000.0,317.88514164112263,972.0,1320.0,8063362.0,1.4118528629029887
793,468.5,325.5,12.5,585450.0,408950.0,16300.0,191.06015597294572,972.0,1320.0,16.450076804915515,1.410375273779962,646659.0,512543.0,122541.0,814077400.0,646518500.0,153088700.0,317.82077052561766,972.0,1320.0,8068954.0,1.4088976846569354
794,490.0,347.5,14.0,612400.0,435200.0,17850.0,192.04772475290952,973.0,1320.0,16.250359712230217,1.4091260491795876,647639.0,512904.0,122552.0,815302200.0,646971900.0,153101700.0,317.74166850266516,974.0,1320.0,8074675.0,1.4093544137022398
795,490.0,332.0,22.0,612400.0,415550.0,26300.0,210.4956908882716,974.0,1320.0,15.906626506024097,1.4081021201789672,647639.0,513207.0,122585.0,815302200.0,647349600.0,153141300.0,317.7012563505676,974.0,1320.0,8079516.0,1.4068498266556944
796,0.0,353.0,21.0,0.0,441450.0,25550.0,203.80888449068397,974.0,1320.0,15.847025495750708,1.4090679472889254,647639.0,513610.0,122594.0,815302200.0,647854800.0,153152800.0,317.6077150499344,974.0,1320.0,8085863.0,1.4112860679221562
797,264.0,355.0,10.0,327200.0,446350.0,12650.0,178.16612263755567,974.0,1320.0,15.80281690140845,1.4129024507454684,648167.0,513917.0,122605.0,815956600.0,648242300.0,153166600.0,317.54122944244733,974.0,1320.0,8090736.0,1.4145188335687804
