Time,Current_Generated_Packets_Number,Current_Arrived_Packets_Number,Current_Lost_Packets_Number,Current_Generated_Packets_Byte,Current_Arrived_Packets_Byte,Current_Lost_Packets_Byte,Current_Latency,Current_Covered_Users_Number,Current_Operational_Satellite_Number,Current_Hop_Count,Current_Load_Deviation,Total_Generated_Packets_Number,Total_Arrived_Packets_Number,Total_Lost_Packets_Number,Total_Generated_Packets_Byte,Total_Arrived_Packets_Byte,Total_Lost_Packets_Byte,Total_Latency,Total_Covered_Users_Number,Total_Operational_Satellite_Number,Total_Hop_Count,Total_Load_Deviation
0,0.0,0.0,0.0,0.0,0.0,0.0,0.0,0.0,1320.0,0.0,0.0,0.0,0.0,0.0,0.0,0.0,0.0,0.0,0.0,1320.0,0.0,0.0
1,490.0,0.0,0.0,615950.0,0.0,0.0,0.0,498.0,1320.0,0.0,0.5065191472812286,980.0,0.0,0.0,1231900.0,0.0,0.0,0.0,996.0,1320.0,0.0,1.0130382945624572
2,980.0,177.5,4.0,1225250.0,223500.0,5150.0,139.7328196168437,996.0,1320.0,12.36338028169014,1.3232869629262212,1960.0,355.0,8.0,2450500.0,447000.0,10300.0,139.7328196168437,996.0,1320.0,4389.0,1.6335356312899851
3,980.0,311.5,7.0,1228100.0,388050.0,9050.0,122.09301117907114,996.0,1320.0,10.382022471910112,1.5837786675302623,2940.0,623.0,14.0,3688100.0,776100.0,18100.0,122.09301117907101,996.0,1320.0,6468.0,1.5340217037705393
4,980.0,332.0,8.0,1233850.0,414200.0,10450.0,104.5814854709868,996.0,1320.0,7.846385542168675,1.501049794701707,3920.0,1019.0,24.0,4918200.0,1275400.0,31200.0,116.81536303085817,996.0,1320.0,9599.0,1.4680778856328747
5,980.0,388.0,8.5,1230250.0,489550.0,11300.0,117.41389669449485,996.0,1320.0,9.105670103092784,1.45229242433729,4900.0,1399.0,31.0,6148600.0,1755200.0,40700.0,119.49822951035134,996.0,1320.0,13534.0,1.4365069630417058
6,980.0,479.0,5.5,1224650.0,603100.0,7350.0,123.88552947881513,995.5,1320.0,11.007306889352819,1.4363959963963393,5880.0,1977.0,35.0,7367500.0,2481600.0,45900.0,120.22042828337821,995.0,1320.0,20144.0,1.4362850297509728
7,490.0,613.5,12.0,609450.0,768050.0,15850.0,143.6335169677735,995.0,1320.0,12.667481662591687,1.4284623584637364,5880.0,2626.0,55.0,7367500.0,3291300.0,72400.0,130.7601633444563,995.0,1320.0,29077.0,1.4206396871765
8,490.0,684.5,23.0,614450.0,853450.0,30100.0,168.9414765295378,995.0,1320.0,14.37618699780862,1.4173116100308083,6860.0,3346.0,81.0,8596400.0,4188500.0,106100.0,140.33723110459673,995.0,1320.0,39825.0,1.4139835328851167
9,980.0,643.5,19.0,1226950.0,803650.0,24150.0,173.18457106887652,995.0,1320.0,15.257187257187256,1.4212871832559606,7840.0,3913.0,93.0,9821400.0,4898600.0,120700.0,144.79220034766564,995.0,1320.0,48713.0,1.4285908336268045
10,490.0,466.5,10.0,612500.0,583300.0,11950.0,169.94017955348892,995.0,1320.0,15.502679528403002,1.429571942148331,7840.0,4279.0,101.0,9821400.0,5355100.0,130000.0,146.77823792464127,995.0,1320.0,54289.0,1.4305530506698578
11,490.0,400.5,11.0,614350.0,500300.0,13700.0,174.38931012407843,994.5,1320.0,15.503121098626716,1.4286873983961814,8820.0,4714.0,115.0,11050100.0,5899200.0,148100.0,149.83639611200365,994.0,1320.0,61131.0,1.426821746122505
12,490.0,472.5,14.5,614350.0,590800.0,18350.0,180.94687211901473,994.0,1320.0,15.742857142857142,1.4269474097310249,8820.0,5224.0,130.0,11050100.0,6536700.0,166700.0,152.994197899486,994.0,1320.0,69166.0,1.427073073339545
13,490.0,388.0,18.5,611750.0,486300.0,23400.0,193.86254184689207,994.0,1320.0,15.574742268041238,1.421958078917395,9800.0,5490.0,152.0,12273600.0,6871800.0,194900.0,156.18046851229852,994.0,1320.0,73217.0,1.4168430844952449
14,490.0,324.5,26.5,611750.0,407750.0,34200.0,214.95060236218106,994.0,1320.0,15.314329738058552,1.415103148598103,9800.0,5873.0,183.0,12273600.0,7352200.0,235100.0,160.1760664484973,994.0,1320.0,79105.0,1.413363212700961
15,303.0,343.0,26.0,375100.0,430000.0,32850.0,210.5129555001613,994.0,1320.0,15.192419825072886,1.4129588621514726,10406.0,6176.0,204.0,13023800.0,7731800.0,260600.0,162.465323590205,994.0,1320.0,83639.0,1.4125545116019844
16,490.0,332.0,19.5,609500.0,415200.0,24200.0,197.3273320762329,994.0,1320.0,15.05421686746988,1.4058982180223365,10780.0,6537.0,222.0,13492600.0,8182600.0,283500.0,164.04014985377884,994.0,1320.0,89101.0,1.3992419244426886
17,629.5,350.5,14.0,792650.0,437050.0,17850.0,185.1503475305483,994.0,1320.0,15.529243937232525,1.4049441748544984,11665.0,6877.0,232.0,14609100.0,8605900.0,296300.0,164.7915836060317,994.0,1320.0,94525.0,1.4106464252663082
18,490.0,300.0,13.5,616600.0,375750.0,16900.0,190.61480362110387,994.0,1320.0,15.753333333333334,1.412992606352463,11760.0,7137.0,249.0,14725800.0,8934100.0,317300.0,166.29608106310934,994.0,1320.0,98553.0,1.4153387874386179
19,128.0,401.5,16.0,157200.0,508650.0,20000.0,181.84742099312555,994.0,1320.0,15.019925280199253,1.408511204080299,11921.0,7680.0,264.0,14923500.0,9623200.0,336300.0,166.58433589936354,994.0,1320.0,106586.0,1.40168362072198
20,490.0,589.0,20.5,608450.0,738700.0,25850.0,179.35412003901024,994.0,1320.0,15.206281833616298,1.4005609583102268,12740.0,8315.0,290.0,15942700.0,10411500.0,369000.0,168.14590668909761,994.0,1320.0,116466.0,1.3994382958984732
21,899.5,625.0,18.5,1122700.0,777650.0,23400.0,180.25376960228607,994.0,1320.0,15.8296,1.3991574397188167,13720.0,8930.0,301.0,17168900.0,11178500.0,383100.0,168.4901490480649,994.0,1320.0,126373.0,1.3988765835391601
22,618.5,642.0,16.5,772850.0,803900.0,20150.0,178.83573639191812,994.0,1320.0,15.97429906542056,1.4057647842071834,13977.0,9599.0,323.0,17488400.0,12019300.0,409300.0,169.56482482239906,994.0,1320.0,136977.0,1.4126529848752067
23,490.0,689.0,17.0,613850.0,862550.0,20550.0,178.10669695762553,994.0,1320.0,16.04934687953556,1.4158516478926626,14700.0,10312.0,335.0,18396600.0,12908400.0,424200.0,169.740592052315,994.0,1320.0,148525.0,1.4190503109101185
24,851.5,677.0,9.0,1064450.0,844550.0,11050.0,167.93550129551738,994.0,1320.0,15.999261447562777,1.414295940225844,15680.0,10953.0,341.0,19617300.0,13708400.0,431400.0,169.3668938963423,994.0,1320.0,158640.0,1.4095415695415696
25,618.5,682.0,11.0,770600.0,851000.0,13600.0,171.42766033504523,994.0,1320.0,16.244134897360702,1.4080329987472846,15937.0,11676.0,357.0,19937800.0,14610400.0,451400.0,169.9349140534669,994.0,1320.0,170682.0,1.4065244279529996
26,490.0,729.5,14.0,609650.0,911150.0,17450.0,174.83570523067547,994.0,1320.0,16.389993145990406,1.409341915903675,16660.0,12412.0,369.0,20836600.0,15530700.0,466300.0,170.0031604211958,994.0,1320.0,182553.0,1.4121594038543508
27,851.5,726.0,16.0,1062100.0,910400.0,19900.0,175.05277127064358,994.0,1320.0,15.912534435261708,1.4102261891957442,17640.0,13131.0,389.0,22062000.0,16434600.0,491200.0,170.49886188956077,994.0,1320.0,193835.0,1.4082929745371373
28,641.0,660.5,20.5,801950.0,825300.0,26050.0,182.9374043221741,994.0,1320.0,15.838758516275549,1.4062899056075215,17942.0,13733.0,410.0,22440500.0,17181300.0,518400.0,171.24875472177763,994.0,1320.0,203476.0,1.404286836677906
29,490.0,654.5,21.0,611600.0,814200.0,26650.0,183.08240982095876,994.0,1320.0,15.929717341482048,1.405354538979319,18620.0,14440.0,431.0,23285200.0,18063000.0,544500.0,171.6420515375548,994.0,1320.0,214687.0,1.4064222412807321
30,829.0,657.0,17.0,1037600.0,826050.0,20800.0,178.70138911051416,994.0,1320.0,15.943683409436835,1.4144164746568788,19600.0,15047.0,444.0,24515700.0,18833400.0,560000.0,171.89727006333214,994.0,1320.0,224426.0,1.4224107080330257
31,832.0,636.5,15.5,1043050.0,798100.0,18500.0,177.92747894898787,994.0,1320.0,16.00471327572663,1.4246339624018516,20284.0,15713.0,462.0,25371300.0,19659200.0,581500.0,172.1487716206784,994.0,1320.0,235061.0,1.4268572167706775
32,490.0,661.0,21.5,611400.0,820700.0,26900.0,182.36289123567633,994.0,1320.0,15.972768532526475,1.4252025843958198,20580.0,16369.0,487.0,25738500.0,20474800.0,613800.0,172.74477676125943,994.0,1320.0,245542.0,1.4235479520209622
33,638.0,645.0,26.5,797200.0,803400.0,33500.0,186.72202632866475,994.0,1320.0,15.699224806201551,1.416692092509097,21560.0,17003.0,515.0,26965700.0,21266000.0,648500.0,173.26601565954266,994.0,1320.0,255313.0,1.4098362329972316
34,980.0,635.0,20.5,1226600.0,794950.0,25100.0,178.47577227798124,994.0,1320.0,15.551181102362206,1.407177976242552,22540.0,17639.0,528.0,28191700.0,22064700.0,664000.0,173.15834725294334,994.0,1320.0,265292.0,1.4045197194878725
35,893.5,668.5,14.5,1111450.0,836400.0,17550.0,172.47475333152818,994.0,1320.0,15.836948391922213,1.4040712885104427,23347.0,18340.0,544.0,29188600.0,22938800.0,683600.0,173.20877861548095,994.0,1320.0,276487.0,1.4036228575330132
36,490.0,689.5,17.5,605750.0,860850.0,22300.0,175.9862780274331,994.0,1320.0,15.829586656997824,1.4052401446723515,23520.0,19018.0,563.0,29403200.0,23786400.0,708600.0,173.3625602203675,994.0,1320.0,287121.0,1.40685743181169
37,576.5,661.5,22.5,721200.0,826550.0,28350.0,184.30281567848235,994.0,1320.0,15.870748299319727,1.4061979932639144,24500.0,19663.0,589.0,30631000.0,24591900.0,740300.0,173.95816843881607,994.0,1320.0,297484.0,1.405538554716139
38,893.5,680.5,20.0,1117800.0,851500.0,24650.0,183.75339311084505,994.0,1320.0,16.260102865540045,1.405458363984607,25307.0,20379.0,603.0,31638800.0,25489400.0,757900.0,174.05637191036615,994.0,1320.0,309251.0,1.405378173253075
39,490.0,742.5,24.5,612350.0,930950.0,30350.0,188.55903781603712,994.0,1320.0,16.494949494949495,1.4066442577932494,25480.0,21148.0,638.0,31855700.0,26453800.0,801000.0,174.98624764677757,994.0,1320.0,321979.0,1.407910342333424
40,576.5,695.5,37.0,721650.0,867650.0,46400.0,202.68418761280975,994.0,1320.0,16.312724658519052,1.4092723019858173,26460.0,21770.0,677.0,33082100.0,27224700.0,850700.0,175.9247618958466,994.0,1320.0,331942.0,1.4106342616382108
41,980.0,607.0,33.0,1225700.0,755100.0,41700.0,200.97407183587524,994.0,1320.0,15.941515650741351,1.4069553591178503,27440.0,22362.0,704.0,34307100.0,27964000.0,884400.0,176.42838824168138,994.0,1320.0,341332.0,1.4032764565974898
42,893.5,634.0,25.5,1118550.0,791850.0,31650.0,188.06431648550506,994.0,1320.0,15.574921135646688,1.4087063050910202,28247.0,23038.0,728.0,35319200.0,28808400.0,914000.0,176.5985005352376,994.0,1320.0,351691.0,1.4141361535845507
43,490.0,672.5,24.0,615050.0,838550.0,30100.0,185.2264129755495,993.0,1320.0,15.807434944237919,1.4135972631336684,28420.0,23707.0,752.0,35537200.0,29641100.0,944600.0,176.92945731459002,992.0,1320.0,362593.0,1.413058372682786
44,576.5,673.0,24.0,722100.0,842150.0,30500.0,189.0084220885032,992.0,1320.0,16.37890044576523,1.4062081935345778,29400.0,24384.0,776.0,36763400.0,30492700.0,975000.0,177.2860772699445,992.0,1320.0,373737.0,1.3993580143863698
45,925.5,698.5,22.5,1156000.0,878950.0,28450.0,185.41085814929482,992.0,1320.0,16.266284896206155,1.404992835358016,30271.0,25104.0,797.0,37849200.0,31399000.0,1001500.0,177.40164680548367,992.0,1320.0,385317.0,1.410627656329662
46,490.0,727.0,21.5,611350.0,912300.0,27050.0,180.86018829119342,992.0,1320.0,15.993810178817057,1.4110795419872288,30380.0,25838.0,819.0,37986100.0,32317300.0,1029100.0,177.48679168637636,992.0,1320.0,396992.0,1.4115314276447959
47,544.5,689.5,23.0,681900.0,860200.0,28900.0,185.74076547563203,992.0,1320.0,16.25018129079043,1.4041055427456857,31360.0,26483.0,843.0,39213000.0,33119400.0,1059300.0,177.83651631089887,992.0,1320.0,407726.0,1.3966796578465752
48,980.0,633.5,26.0,1226200.0,788500.0,33300.0,193.01462330533047,992.0,1320.0,16.380426203630623,1.3946893067249335,32340.0,27105.0,871.0,40438500.0,33894300.0,1095700.0,178.21889098239475,992.0,1320.0,417746.0,1.3926989556032916
49,925.5,664.0,28.0,1155000.0,831900.0,35700.0,189.21260311959318,992.0,1320.0,15.801204819277109,1.3917799099951558,33211.0,27811.0,899.0,41523000.0,34783200.0,1130700.0,178.38491422602354,992.0,1320.0,428710.0,1.39086086438702
50,490.0,718.5,25.0,610800.0,900650.0,30850.0,182.6658685783878,992.0,1320.0,15.69937369519833,1.3997265406239725,33320.0,28542.0,921.0,41660100.0,35695600.0,1157400.0,178.44333030239795,992.0,1320.0,440306.0,1.4085922168609248
51,544.5,668.5,24.5,684900.0,832300.0,30050.0,183.58991630404347,992.0,1320.0,15.701570680628272,1.409972399753634,34300.0,29148.0,948.0,42892800.0,36447800.0,1190800.0,178.62461826909063,992.0,1320.0,449703.0,1.411352582646343
52,925.5,678.5,26.0,1159850.0,844100.0,32750.0,186.1070377281212,992.0,1320.0,15.79439941046426,1.4072351183498526,35171.0,29899.0,973.0,43979800.0,37383800.0,1222900.0,178.79310238593095,992.0,1320.0,461739.0,1.4031176540533623
53,490.0,696.0,31.5,611150.0,867900.0,40550.0,193.75063696391248,992.0,1320.0,15.917385057471265,1.4009902157437841,35280.0,30540.0,1011.0,44115100.0,38183600.0,1271900.0,179.32216691100263,992.0,1320.0,471860.0,1.398862777434206
54,544.5,640.0,35.0,680900.0,797350.0,44500.0,198.172127287851,992.0,1320.0,15.728125,1.3972639060569643,36260.0,31179.0,1043.0,45341600.0,38978500.0,1311900.0,179.60502230454586,992.0,1320.0,481871.0,1.3956650346797224
55,980.0,603.0,25.5,1225050.0,751600.0,32400.0,189.35582074622954,992.0,1320.0,15.883084577114428,1.4023609858817827,37240.0,31746.0,1062.0,46565200.0,39686800.0,1336700.0,179.70659457714765,992.0,1320.0,491015.0,1.4090569370838428
56,925.5,638.0,19.5,1159700.0,800000.0,24950.0,183.9802018343533,991.5,1320.0,16.07601880877743,1.4135118873009969,38111.0,32455.0,1082.0,47661000.0,40578500.0,1361800.0,179.77657495033134,991.0,1320.0,502384.0,1.4179668375181511
57,490.0,702.0,25.0,616050.0,884100.0,30950.0,188.02968531730343,991.0,1320.0,16.064814814814813,1.4110279817717073,38220.0,33150.0,1112.0,47797300.0,41455000.0,1398600.0,180.05980728907915,991.0,1320.0,513570.0,1.4040891260252633
58,544.5,656.5,29.0,679700.0,825700.0,36000.0,195.25990412029896,990.5,1320.0,16.244478293983246,1.4043672344030478,39200.0,33768.0,1140.0,49020400.0,42229900.0,1433800.0,180.38467751398463,990.0,1320.0,523713.0,1.404645342780832
59,925.5,628.0,20.0,1156900.0,787500.0,25500.0,183.86074645416494,989.5,1320.0,16.06449044585987,1.3970557091238662,40071.0,34406.0,1152.0,50111100.0,43030000.0,1449600.0,180.19834199738492,989.0,1320.0,533747.0,1.3894660754669002
60,490.0,686.5,17.0,611700.0,857750.0,21850.0,176.51981108357583,989.0,1320.0,15.874726875455208,1.3959892709517088,40180.0,35141.0,1174.0,50243800.0,43945400.0,1477500.0,180.23493589020455,989.0,1320.0,545509.0,1.4025124664365172
61,544.5,683.0,28.0,673400.0,851150.0,35000.0,190.86421445219625,989.0,1320.0,16.035871156661788,1.3973373861896146,41160.0,35772.0,1208.0,51457900.0,44732300.0,1519600.0,180.60847911557738,989.0,1320.0,555652.0,1.392162305942712
62,980.0,597.5,29.5,1222100.0,744150.0,35900.0,195.19676255875,989.0,1320.0,15.845188284518828,1.3918614149356294,42140.0,36336.0,1233.0,52688000.0,45433700.0,1549300.0,180.7343404695751,989.0,1320.0,564444.0,1.3915605239285467
63,969.0,657.0,23.5,1210700.0,817800.0,28250.0,184.87884690383623,988.5,1320.0,15.838660578386605,1.3929420703517277,43098.0,37086.0,1255.0,53879300.0,46367900.0,1576100.0,180.76006542161622,988.0,1320.0,576464.0,1.3943236167749085
64,490.0,710.0,27.5,609450.0,886350.0,34050.0,188.8655440593041,988.0,1320.0,15.903521126760563,1.3975317733791326,43120.0,37756.0,1288.0,53906900.0,47206400.0,1617400.0,181.04152019744248,988.0,1320.0,587027.0,1.4007399299833567
65,501.0,623.5,29.0,625500.0,776550.0,36800.0,196.64009737854894,988.0,1320.0,16.08420208500401,1.3979537828200237,44100.0,38333.0,1313.0,55130300.0,47921000.0,1649700.0,181.282777465802,988.0,1320.0,596521.0,1.3951676356566907
66,969.0,587.0,26.5,1211800.0,732400.0,33750.0,195.4253470531471,988.0,1320.0,16.208688245315162,1.3964853744479413,45058.0,38931.0,1341.0,56330500.0,48672300.0,1684900.0,181.48704276932273,988.0,1320.0,606106.0,1.3978031132391917
67,691.0,591.0,23.5,865700.0,741300.0,29400.0,190.19174586336374,988.0,1320.0,16.087986463620982,1.3913257053656194,45482.0,39515.0,1360.0,56861700.0,49403600.0,1708500.0,181.5506458978654,988.0,1320.0,615537.0,1.3848482974920469
68,501.0,635.0,24.5,630850.0,792850.0,30200.0,189.65615839954904,988.0,1320.0,16.169291338582678,1.3884160653261755,46060.0,40201.0,1390.0,57592200.0,50258000.0,1745300.0,181.74611476846368,988.0,1320.0,626641.0,1.391983833160304
69,779.0,700.0,26.5,979050.0,872900.0,33800.0,187.87914014468802,988.0,1320.0,16.07357142857143,1.3979174299835697,47040.0,40915.0,1413.0,58819800.0,51149400.0,1776100.0,181.76788512817726,988.0,1320.0,638040.0,1.4038510268068354
70,691.0,687.5,20.0,863500.0,858600.0,26200.0,181.7863274176461,988.0,1320.0,16.01818181818182,1.3961489843320187,47442.0,41576.0,1430.0,59319200.0,51975200.0,1797700.0,181.7474378605576,988.0,1320.0,648666.0,1.388446941857202
71,490.0,697.5,18.0,604500.0,872400.0,22550.0,180.33285490466452,988.0,1320.0,16.210752688172043,1.389487275822775,48020.0,42310.0,1449.0,60028800.0,52894200.0,1821200.0,181.72095699339707,988.0,1320.0,660654.0,1.3905276097883479
72,779.0,698.0,20.0,964400.0,873150.0,25200.0,183.89475608582669,988.0,1320.0,16.360315186246417,1.3976136779109138,49000.0,42972.0,1470.0,61248000.0,53721500.0,1848100.0,181.81682152851783,988.0,1320.0,671505.0,1.40469974603348
73,691.0,646.5,21.5,861250.0,804800.0,26850.0,185.13465942802333,988.0,1320.0,16.095901005413765,1.4015341409935798,49402.0,43603.0,1492.0,61751300.0,54503800.0,1874900.0,181.82209251735006,988.0,1320.0,681466.0,1.3983685359536797
74,490.0,629.0,24.5,616950.0,781000.0,29100.0,187.52096795253001,988.0,1320.0,15.915739268680445,1.3927491454388758,49980.0,44230.0,1519.0,62481900.0,55283500.0,1906300.0,181.97978289108707,988.0,1320.0,691527.0,1.3871297549240718
75,779.0,629.5,23.0,979350.0,782350.0,27500.0,186.8020029681141,988.0,1320.0,16.11119936457506,1.388413895747969,50960.0,44862.0,1538.0,63710000.0,56068500.0,1929900.0,181.9621524987781,988.0,1320.0,701750.0,1.3896980365718665
76,980.0,673.0,17.0,1225400.0,841150.0,20650.0,178.21919703856076,988.0,1320.0,16.177563150074295,1.3895348848432767,51940.0,45576.0,1553.0,64932700.0,56965800.0,1947600.0,181.86966791991287,988.0,1320.0,713302.0,1.389371733114687
77,691.0,672.0,19.0,861600.0,843500.0,23550.0,180.620315612922,988.0,1320.0,16.033482142857142,1.3898788610849742,52342.0,46206.0,1576.0,65433200.0,57755500.0,1977000.0,181.9233425164367,988.0,1320.0,723299.0,1.3903859890552612
78,490.0,664.0,21.0,610500.0,831550.0,26850.0,183.25687301496743,988.0,1320.0,16.01355421686747,1.3935567661214907,52920.0,46904.0,1595.0,66153700.0,58628900.0,2001300.0,181.90885369653188,988.0,1320.0,734568.0,1.3967275431877202
79,779.0,709.5,20.5,976850.0,889050.0,26400.0,182.18620260226817,988.0,1320.0,16.082452431289642,1.3998680720427514,53900.0,47625.0,1617.0,67386900.0,59533600.0,2029800.0,181.9311361829271,988.0,1320.0,746120.0,1.403008600897783
80,691.0,684.5,19.5,869650.0,857850.0,24700.0,179.55335992432808,988.0,1320.0,15.910153396639883,1.4025975518921123,54302.0,48273.0,1634.0,67893000.0,60344600.0,2050700.0,181.84239938689046,988.0,1320.0,756349.0,1.4021865028864418
81,490.0,654.5,15.0,614600.0,816100.0,18700.0,172.11488628268,988.0,1320.0,15.602750190985486,1.3983483215132122,54880.0,48934.0,1647.0,68616100.0,61165800.0,2067200.0,181.67127657919343,988.0,1320.0,766544.0,1.3945101401399826
82,779.0,630.0,15.5,975300.0,789150.0,19550.0,177.5144946696479,988.0,1320.0,15.894444444444444,1.3955320349696474,55860.0,49533.0,1665.0,69843600.0,61922900.0,2089800.0,181.73326768272292,988.0,1320.0,776376.0,1.3965539297993121
83,980.0,650.5,16.0,1230050.0,820000.0,20550.0,180.48602852170046,988.0,1320.0,16.25749423520369,1.388824360468551,56840.0,50235.0,1679.0,71076200.0,62805800.0,2108300.0,181.64084286842848,988.0,1320.0,787695.0,1.3810947911377902
84,691.0,672.0,13.5,867450.0,842400.0,16950.0,174.46170877542474,988.0,1320.0,15.993303571428571,1.381941122427738,57242.0,50877.0,1692.0,71578500.0,63607700.0,2123700.0,181.5436253600252,988.0,1320.0,797871.0,1.3827874537176859
85,490.0,684.0,15.5,612350.0,856350.0,18300.0,175.7413306937462,988.0,1320.0,15.899122807017545,1.3907076205123592,57820.0,51603.0,1710.0,72300900.0,64518500.0,2144900.0,181.48603226815507,988.0,1320.0,809445.0,1.3986277873070327
86,779.0,717.5,17.0,973350.0,897850.0,21100.0,174.80579725192678,988.0,1320.0,15.857839721254356,1.3932535639795418,58800.0,52312.0,1726.0,73525200.0,65403400.0,2165900.0,181.36046037444453,988.0,1320.0,820627.0,1.387879340652051
87,691.0,688.0,18.0,863450.0,856850.0,22600.0,176.5713010516041,988.0,1320.0,15.896802325581396,1.3911698431741182,59202.0,52979.0,1746.0,74027800.0,66232200.0,2190100.0,181.35922367102876,988.0,1320.0,831319.0,1.394460345696185
88,490.0,655.5,18.5,611700.0,820500.0,22150.0,182.40736567752532,986.5,1320.0,16.173150266971778,1.3946592118130439,59780.0,53624.0,1763.0,74748600.0,67045800.0,2210200.0,181.38620385616593,985.0,1320.0,841848.0,1.3948580779299027
89,779.0,619.5,20.5,970300.0,779300.0,25100.0,188.24324865509183,983.5,1320.0,16.401129943502823,1.3946135776868471,60760.0,54218.0,1787.0,75968400.0,67790800.0,2240300.0,181.5165587657451,982.0,1320.0,851640.0,1.3943690774437916
90,980.0,641.0,24.0,1224450.0,802250.0,29550.0,188.62109660025212,981.0,1320.0,16.088923556942277,1.3922536997272017,61740.0,54906.0,1811.0,77197500.0,68650300.0,2269300.0,181.5558603498035,980.0,1320.0,862474.0,1.390138322010612
91,691.0,686.0,20.0,866750.0,854950.0,23950.0,178.46153581088774,980.0,1320.0,15.692419825072886,1.3875662422343658,62142.0,55590.0,1827.0,77701900.0,69500700.0,2288200.0,181.4414295807953,980.0,1320.0,873170.0,1.3849941624581195
92,490.0,701.5,20.0,609050.0,875050.0,24300.0,177.83978811481032,978.5,1320.0,15.650035637918746,1.3857798822560594,62720.0,56309.0,1851.0,78415600.0,70400400.0,2317900.0,181.46366137739835,977.0,1320.0,884431.0,1.3865656020539994
93,779.0,727.5,20.5,969350.0,909300.0,25700.0,179.32974778064172,976.0,1320.0,15.764948453608248,1.3860004677377447,63700.0,57045.0,1868.0,79640600.0,71319300.0,2339600.0,181.38780684942822,975.0,1320.0,896108.0,1.3854353334214897
94,691.0,684.0,16.5,863900.0,855600.0,21050.0,175.49312927825758,975.0,1320.0,15.853070175438596,1.3863843063385703,64102.0,57677.0,1884.0,80143400.0,72111600.0,2360000.0,181.32322190406998,975.0,1320.0,906118.0,1.387333279255651
95,490.0,606.5,16.0,611450.0,762050.0,20550.0,179.66731737032893,973.0,1320.0,16.0280296784831,1.3889174067931496,64680.0,58258.0,1900.0,80863500.0,72843400.0,2380700.0,181.35220045623893,971.0,1320.0,915550.0,1.3905015343306484
96,779.0,600.0,13.0,973250.0,751150.0,16250.0,180.67298136177996,971.0,1320.0,16.498333333333335,1.3894315260744063,65660.0,58877.0,1910.0,82089900.0,73613900.0,2392500.0,181.31010734166577,971.0,1320.0,925916.0,1.388361517818164
97,980.0,656.0,13.0,1227400.0,820150.0,16350.0,176.5493855113696,970.0,1320.0,16.31173780487805,1.3955261935994931,66640.0,59570.0,1926.0,83318300.0,74483700.0,2413400.0,181.24770314915813,969.0,1320.0,936951.0,1.402690869380822
98,691.0,704.5,20.5,862750.0,878050.0,26400.0,177.83651551541118,969.0,1320.0,15.687721788502484,1.403401711746688,67042.0,60286.0,1951.0,83815400.0,75370000.0,2445300.0,181.22917946679925,969.0,1320.0,948020.0,1.4041125541125539
99,490.0,695.0,26.0,610350.0,862600.0,33150.0,186.85487516546408,968.5,1320.0,16.01726618705036,1.408476564561194,67620.0,60960.0,1978.0,84539000.0,76208900.0,2479700.0,181.37617151560582,968.0,1320.0,959215.0,1.4128405750098345
100,779.0,716.0,22.0,975100.0,891200.0,27700.0,182.80594356176329,967.5,1320.0,16.018854748603353,1.4130766463714544,68600.0,61718.0,1995.0,85765600.0,77152400.0,2500700.0,181.26570739366068,967.0,1320.0,970959.0,1.4133127177330742
101,761.5,696.0,20.5,957800.0,876200.0,25250.0,177.93392718445466,967.0,1320.0,15.54094827586207,1.4063041599819832,69143.0,62352.0,2019.0,86454600.0,77961300.0,2530200.0,181.29954172693425,967.0,1320.0,980848.0,1.3992956022308922
102,495.0,622.5,19.0,624250.0,786400.0,24300.0,175.85831328936018,967.0,1320.0,15.340562248995983,1.4005557300358955,69590.0,62963.0,2033.0,87014100.0,78725200.0,2549300.0,181.15896718448096,967.0,1320.0,990058.0,1.4018158578408988
103,713.5,636.5,14.0,895200.0,799100.0,17950.0,174.87228600682224,966.5,1320.0,16.00549882168107,1.4029682878037524,70570.0,63625.0,2047.0,88245000.0,79559500.0,2566100.0,181.17221410341313,966.0,1320.0,1001223.0,1.404120717766606
104,984.5,678.0,116.5,1261750.0,877750.0,146600.0,282.1822441692399,905.5,1320.0,16.221238938053098,1.3997247008122429,71559.0,64319.0,2266.0,89537600.0,80480700.0,2842500.0,183.56981027419764,845.0,1320.0,1012054.0,1.3953286838578798
105,695.5,703.5,205.0,901700.0,908700.0,257500.0,344.1013988239071,845.0,1320.0,15.640369580668088,1.3911274200414154,71961.0,65032.0,2457.0,90048400.0,81376900.0,3081100.0,185.55874122097507,845.0,1320.0,1023229.0,1.386926156224951
106,490.0,673.5,153.0,616800.0,844750.0,190050.0,312.4758335672998,845.5,1320.0,15.99554565701559,1.3922569757905343,72539.0,65666.0,2572.0,90771200.0,82170200.0,3222600.0,186.6924348602566,846.0,1320.0,1033600.0,1.3975877953561173
107,779.0,626.5,126.5,972850.0,782200.0,157100.0,302.0187011997604,846.5,1320.0,16.38707102952913,1.4053409805035582,73519.0,66285.0,2710.0,91994100.0,82941300.0,3395300.0,188.10079064090482,847.0,1320.0,1043762.0,1.413094165650999
108,980.0,674.0,119.5,1225650.0,843250.0,151500.0,284.9226288109725,847.5,1320.0,16.078635014836795,1.4115514551921424,74499.0,67014.0,2811.0,93222500.0,83856700.0,3525600.0,188.925035186784,848.0,1320.0,1055274.0,1.4100087447332859
109,698.0,661.0,127.0,908850.0,859450.0,160950.0,290.2415255707831,815.5,1320.0,15.715582450832073,1.4052237894946702,74915.0,67607.0,2964.0,93811800.0,84660200.0,3717200.0,190.3818097316002,783.0,1320.0,1064538.0,1.4004388342560545
110,706.0,656.0,185.0,927450.0,866100.0,229650.0,340.3895147490764,783.0,1320.0,15.774390243902438,1.3959536628479627,75911.0,68326.0,3181.0,95077400.0,85588900.0,3984900.0,192.48780882606079,783.0,1320.0,1075970.0,1.3914684914398707
111,787.0,702.5,187.0,993300.0,892300.0,232050.0,331.82588138904197,783.5,1320.0,15.738078291814947,1.3930715434683751,76489.0,69012.0,3338.0,95798400.0,86444800.0,4181300.0,193.85975034637002,784.0,1320.0,1086650.0,1.3946745954968793
112,783.0,646.5,169.5,986550.0,813250.0,214050.0,330.4535764953943,784.5,1320.0,15.737819025522041,1.411532123140777,77477.0,69619.0,3520.0,97050500.0,87215400.0,4413000.0,195.5663323611976,785.0,1320.0,1096319.0,1.4283896507846743
113,984.0,661.0,187.0,1237650.0,835150.0,234600.0,343.96475824827417,785.0,1320.0,16.040090771558244,1.425005572616128,78457.0,70334.0,3712.0,98273700.0,88115100.0,4650500.0,197.29785764995984,785.0,1320.0,1107855.0,1.4216214944475816
114,980.0,692.0,164.0,1222150.0,869150.0,203850.0,320.0515777939569,785.0,1320.0,16.220375722543352,1.4244707938810708,79437.0,71013.0,3848.0,99494800.0,88967300.0,4820700.0,198.41082744961224,785.0,1320.0,1118970.0,1.42732009331456
115,988.0,656.5,246.5,1279700.0,867350.0,306500.0,386.22170034564266,725.5,1320.0,15.897182025894898,1.4216810751811193,80433.0,71647.0,4205.0,100833100.0,89849800.0,5263500.0,201.7960443808093,666.0,1320.0,1128728.0,1.4160420570476786
116,699.0,679.5,438.5,921800.0,892850.0,545300.0,485.50493150621014,666.0,1320.0,15.65710080941869,1.426322345622336,80835.0,72372.0,4725.0,101338400.0,90753000.0,5911300.0,206.73725281857006,666.0,1320.0,1140248.0,1.4366026341969933
117,980.0,739.5,460.5,1231950.0,922750.0,578150.0,480.8786320122926,668.0,1320.0,16.15889114266396,1.4440011086499496,82393.0,73126.0,5126.0,103297000.0,91695300.0,6419800.0,210.35554714515433,670.0,1320.0,1152627.0,1.4513995831029058
118,1269.0,701.5,358.0,1596800.0,879400.0,451750.0,440.6590008447558,673.5,1320.0,15.977904490377762,1.4471758039222182,83373.0,73775.0,5441.0,104532000.0,92511800.0,6814800.0,212.9945768953661,677.0,1320.0,1162665.0,1.4429520247415308
119,980.0,679.0,381.5,1232050.0,853750.0,477750.0,456.97089140403375,679.0,1320.0,15.590574374079528,1.4472252254753448,84353.0,74484.0,5891.0,105761100.0,93402800.0,7378000.0,216.88305487863926,681.0,1320.0,1173799.0,1.4514984262091588
120,985.0,662.5,384.5,1245050.0,845450.0,481050.0,464.7781619031083,685.5,1320.0,15.715471698113207,1.4496588477937185,85343.0,75100.0,6210.0,107022100.0,94202700.0,7776900.0,219.47883254665433,690.0,1320.0,1183488.0,1.447819269378278
121,992.5,648.5,373.0,1280350.0,849300.0,466850.0,460.7704239629572,661.0,1320.0,15.468774094063223,1.4436297547517247,86338.0,75781.0,6637.0,108321800.0,95101400.0,8311700.0,222.92860190767774,632.0,1320.0,1193862.0,1.4394402401251716
122,992.5,713.0,400.5,1278400.0,928450.0,500100.0,455.558414719996,634.5,1320.0,15.4109396914446,1.4412855275845193,87328.0,76526.0,7011.0,109578900.0,96059600.0,8777100.0,225.77244171983668,637.0,1320.0,1205464.0,1.4431308150438673
123,985.0,711.0,362.5,1240600.0,904650.0,450900.0,441.322612440255,638.5,1320.0,16.028832630098453,1.4389622318439705,88308.0,77203.0,7362.0,110803000.0,96910700.0,9213500.0,228.47335376262419,640.0,1320.0,1216655.0,1.4347936486440738
124,1181.0,701.0,357.5,1474300.0,880850.0,445250.0,442.18731243423883,643.0,1320.0,16.1811697574893,1.446176648524534,89690.0,77928.0,7726.0,112527500.0,97821300.0,9667600.0,231.121290358575,646.0,1320.0,1228150.0,1.4575596484049944
125,1181.0,714.0,401.0,1469400.0,894900.0,500850.0,459.3598998643053,649.5,1320.0,16.016806722689076,1.4454467985349648,90670.0,78631.0,8164.0,113741800.0,98700500.0,10215200.0,234.40545812124813,653.0,1320.0,1239527.0,1.4333339486649355
126,988.0,709.0,443.5,1271750.0,927750.0,552000.0,478.45058725230876,628.5,1320.0,15.660084626234132,1.4347897895530053,91666.0,79346.0,8613.0,115071000.0,99676800.0,10771600.0,237.60265132607114,604.0,1320.0,1250356.0,1.4362456304410751
127,1277.0,697.0,502.5,1635950.0,915150.0,625350.0,506.57236490263693,606.5,1320.0,15.395265423242467,1.4427256282389251,93224.0,80025.0,9169.0,117013700.0,100530800.0,11465900.0,241.72577573643002,609.0,1320.0,1260988.0,1.4492056260367752
128,1269.0,651.0,493.0,1581100.0,815050.0,615150.0,518.09483463753,612.0,1320.0,15.652073732718893,1.443643213695264,94204.0,80648.0,9599.0,118233200.0,101306900.0,12001900.0,244.71386959833129,615.0,1320.0,1270735.0,1.4380808013537525
129,980.0,648.5,464.0,1225750.0,807450.0,582000.0,504.95608567176765,616.5,1320.0,15.757131842713955,1.4355563798023576,95184.0,81322.0,10097.0,119465200.0,102145700.0,12629900.0,248.13240280089323,618.0,1320.0,1281425.0,1.4330319582509627
130,980.0,690.5,436.0,1230300.0,859350.0,548950.0,480.4971268172288,619.0,1320.0,15.811006517016654,1.4453389332708169,96164.0,82029.0,10471.0,120693800.0,103025600.0,13099800.0,250.45678504172773,620.0,1320.0,1292570.0,1.457645908290671
131,1193.0,687.0,392.5,1528800.0,868700.0,493850.0,460.7723400849226,611.5,1320.0,15.740174672489083,1.4619119409080374,97570.0,82696.0,10882.0,122522800.0,103883100.0,13617600.0,253.03835959197932,603.0,1320.0,1303052.0,1.4661779735254037
132,1195.5,705.5,496.0,1531400.0,917250.0,617050.0,502.38258584096536,602.5,1320.0,15.86392629340893,1.461493709442548,98555.0,83440.0,11463.0,123756600.0,104860100.0,14333900.0,256.83569507956156,602.0,1320.0,1314954.0,1.4568094453596923
133,1271.5,702.0,522.5,1593500.0,897100.0,648800.0,515.2142806481589,604.0,1320.0,16.03988603988604,1.4546613787472276,100113.0,84100.0,11927.0,125709800.0,105677300.0,14915200.0,259.72469604596125,606.0,1320.0,1325572.0,1.452513312134763
134,1269.0,667.5,437.0,1587000.0,831950.0,546950.0,490.82645645315444,609.0,1320.0,16.107116104868915,1.4493397756043642,101093.0,84775.0,12337.0,126930600.0,106524000.0,15427800.0,262.15826687165975,612.0,1320.0,1336457.0,1.4461662390739654
135,980.0,665.5,464.5,1221950.0,835300.0,580450.0,502.53639955269523,613.5,1320.0,15.86701728024042,1.4415552680016592,102073.0,85431.0,12856.0,128153700.0,107347900.0,16076100.0,265.30788049482237,615.0,1320.0,1346691.0,1.4369442969293533
136,1133.0,645.0,495.5,1446750.0,819400.0,622800.0,520.0408401872173,600.0,1320.0,15.662790697674419,1.4383406981113036,103359.0,86065.0,13328.0,129824100.0,108162800.0,16673400.0,268.0764919954895,585.0,1320.0,1356662.0,1.4397370992932539
137,1133.0,686.0,536.0,1445850.0,885050.0,674500.0,526.3373360947729,576.0,1320.0,16.167638483965014,1.4482033986928506,104339.0,86803.0,13928.0,131045400.0,109118000.0,17425100.0,271.64114423176744,567.0,1320.0,1368873.0,1.4566696980924472
138,1325.0,724.5,568.5,1657400.0,918450.0,714150.0,527.8449618240504,570.5,1320.0,16.347135955831607,1.4526572657599446,106009.0,87514.0,14466.0,133138900.0,109999700.0,18103100.0,274.67084565782164,574.0,1320.0,1380349.0,1.448644833427442
139,1325.0,705.0,597.0,1659250.0,879400.0,746450.0,542.9446884428489,576.5,1320.0,16.180851063829788,1.4385518586985637,106989.0,88213.0,15122.0,134363900.0,110876800.0,18918000.0,278.47788327590297,579.0,1320.0,1391688.0,1.4284588839696857
140,1125.0,668.5,588.0,1403350.0,841650.0,730150.0,549.3895112517786,582.5,1320.0,15.827973074046373,1.4333996009920371,108259.0,88851.0,15642.0,135945600.0,111683000.0,19563400.0,281.2776806289458,586.0,1320.0,1401511.0,1.4383403180143886
141,1187.5,686.0,504.0,1496750.0,876100.0,629100.0,508.2744557341027,591.5,1320.0,15.145043731778426,1.4502450982670945,109364.0,89585.0,16131.0,137357400.0,112629000.0,20177200.0,283.6581432608366,597.0,1320.0,1412467.0,1.4621498785198004
142,1337.5,734.5,508.5,1711050.0,958650.0,636250.0,496.4727664843971,592.5,1320.0,15.18788291354663,1.4600611592255017,110934.0,90320.0,16659.0,139367700.0,113600300.0,20835900.0,286.27842828443545,588.0,1320.0,1423822.0,1.4579724399312028
143,1279.5,679.0,546.5,1628300.0,884050.0,679050.0,529.7101589133538,589.0,1320.0,15.470544918998527,1.451714865163467,111923.0,90944.0,17224.0,140614000.0,114398400.0,21535300.0,289.2311958638236,590.0,1320.0,1433479.0,1.445457290395731
144,1129.5,663.0,563.0,1420050.0,833650.0,702400.0,540.3610054814676,593.5,1320.0,15.382352941176471,1.4386803908576777,113193.0,91646.0,17785.0,142207800.0,115267600.0,22240700.0,291.97160918643885,597.0,1320.0,1444219.0,1.4319034913196245
145,1282.0,713.0,532.0,1602750.0,885400.0,669450.0,513.4972098410449,600.5,1320.0,15.481065918653577,1.4329868907897774,114487.0,92370.0,18288.0,143819500.0,116169200.0,22874200.0,294.2775763767853,604.0,1320.0,1455555.0,1.4340702902599303
146,1325.0,703.0,546.0,1652100.0,876400.0,684950.0,521.6588649118854,607.5,1320.0,15.365576102418208,1.4315806351466012,115843.0,93052.0,18877.0,145512000.0,117020400.0,23610600.0,297.0977048792632,611.0,1320.0,1465823.0,1.429090980033272
147,1168.0,659.5,551.5,1463100.0,822550.0,691650.0,536.3202464830647,613.0,1320.0,15.129643669446551,1.4299262984878967,116823.0,93689.0,19391.0,146745700.0,117814300.0,24257500.0,299.46175878744475,615.0,1320.0,1475511.0,1.4307616169425215
148,988.5,666.5,508.0,1287500.0,880950.0,638550.0,515.141144593981,590.5,1320.0,14.909227306826706,1.434122163934608,117820.0,94385.0,19893.0,148087000.0,118782300.0,24887700.0,301.57961775741893,566.0,1320.0,1485697.0,1.4374827109266946
149,1133.5,708.5,529.5,1463200.0,932850.0,663200.0,514.0351515840575,568.0,1320.0,15.53211009174312,1.4427887098511476,119090.0,95107.0,20450.0,149672100.0,119681300.0,25583900.0,304.057495692905,570.0,1320.0,1497526.0,1.4480947087756006
150,1470.0,723.0,555.0,1833900.0,902200.0,688750.0,523.5272068928615,575.0,1320.0,16.21853388658368,1.4419174350627098,120760.0,95831.0,21003.0,151754800.0,120586700.0,26265200.0,306.4352080635811,580.0,1320.0,1509149.0,1.4357401613498189
151,1332.0,669.0,582.0,1678550.0,851950.0,724600.0,548.131531223533,581.0,1320.0,15.978325859491779,1.4420128071092273,121754.0,96445.0,21614.0,153029200.0,121385200.0,27033100.0,309.2301063104582,582.0,1320.0,1518905.0,1.4482854528686357
152,1132.0,648.5,507.0,1430900.0,826350.0,635350.0,524.6027303637076,586.5,1320.0,15.649961449498843,1.4544549837521847,123024.0,97128.0,22017.0,154616600.0,122239400.0,27535900.0,310.66690174804614,591.0,1320.0,1529447.0,1.460624514635734
153,1135.0,714.5,432.5,1448100.0,902300.0,544700.0,471.21974211063116,588.5,1320.0,15.460461861441567,1.4525830948069745,124024.0,97874.0,22479.0,155925400.0,123189800.0,28122500.0,312.3177254352455,586.0,1320.0,1540998.0,1.444541674978215
154,1337.5,698.5,595.5,1706600.0,901750.0,752350.0,541.4118176976252,571.5,1320.0,15.380100214745884,1.4537890258903143,125699.0,98525.0,23208.0,158029800.0,124042900.0,29040600.0,315.57245605523923,557.0,1320.0,1550933.0,1.4630363768024137
155,1327.5,695.5,663.5,1665550.0,891450.0,833100.0,564.9182206120579,559.5,1320.0,15.323508267433501,1.4588303634782926,126679.0,99265.0,23806.0,159256500.0,124972700.0,29788700.0,317.8963600923995,562.0,1320.0,1562313.0,1.4546243501541718
156,1125.0,710.5,526.0,1408550.0,886500.0,659400.0,512.8149296106609,565.0,1320.0,15.52920478536242,1.4620168978229144,127949.0,99946.0,24260.0,160846900.0,125815900.0,30359400.0,319.49964666682496,568.0,1320.0,1573000.0,1.4694094454916573
157,1470.0,691.0,516.0,1832350.0,860200.0,643800.0,516.5960767047608,569.5,1320.0,15.862518089725036,1.4697490187980877,129619.0,100647.0,24838.0,162921200.0,126693100.0,31076300.0,321.7188178833894,571.0,1320.0,1584235.0,1.4700885921045181
158,1325.0,719.5,633.0,1643000.0,898850.0,784450.0,550.3717041988529,573.5,1320.0,15.858234885337039,1.4666700946153788,130599.0,101385.0,25526.0,164132900.0,127613600.0,31928300.0,324.4204881669641,576.0,1320.0,1595820.0,1.4632515971262396
159,986.5,728.5,584.5,1248450.0,936000.0,725150.0,528.5838105950029,568.5,1320.0,15.341798215511325,1.463308819009078,131592.0,102104.0,26007.0,165418100.0,128565100.0,32526600.0,325.9591053751798,561.0,1320.0,1606588.0,1.463366040891916
160,1131.5,696.5,515.0,1443100.0,891850.0,645150.0,510.99899232279773,568.5,1320.0,15.335965541995693,1.4669933429220559,132862.0,102778.0,26556.0,167019100.0,129397300.0,33218600.0,327.9159318675359,576.0,1320.0,1617183.0,1.4706206449521957
161,1474.5,694.0,546.0,1858750.0,862100.0,684800.0,524.723819626597,582.5,1320.0,15.544668587896254,1.456767257006648,134541.0,103492.0,27099.0,169135600.0,130289300.0,33896200.0,329.7337643589042,589.0,1320.0,1628164.0,1.4429138690611008
162,1330.0,655.5,551.0,1669250.0,824550.0,688500.0,537.0799990148927,592.0,1320.0,15.268497330282226,1.4505112105540023,135522.0,104089.0,27658.0,170357600.0,131046400.0,34595600.0,331.74685700455274,595.0,1320.0,1637200.0,1.4581085520469041
163,980.5,637.0,480.5,1219050.0,800650.0,600900.0,515.3743337859322,598.0,1320.0,15.434065934065934,1.4581674810251206,136502.0,104766.0,28060.0,171573700.0,131890600.0,35098000.0,332.8574500278954,601.0,1320.0,1647827.0,1.4582264100033373
164,1137.5,633.0,399.5,1453200.0,799100.0,500650.0,478.7098897458309,604.0,1320.0,15.311216429699842,1.4541620464648726,137797.0,105355.0,28457.0,173264000.0,132644600.0,35596900.0,334.0148050406844,607.0,1320.0,1656584.0,1.4500976829264076
165,1482.5,675.0,495.0,1887250.0,873450.0,618400.0,507.42593292407093,601.5,1320.0,14.932592592592593,1.4464517032787012,139467.0,106117.0,29050.0,175348200.0,133638600.0,36334800.0,335.8782061902602,596.0,1320.0,1668000.0,1.4428057236309948
166,1325.0,764.5,615.0,1653050.0,973900.0,764500.0,528.200420509758,601.0,1320.0,15.197514715500327,1.446004652695589,140447.0,106884.0,29687.0,176570100.0,134592400.0,37125900.0,337.9377324050528,606.0,1320.0,1679821.0,1.4492035817601834
167,980.0,739.0,568.0,1222550.0,924650.0,709400.0,521.2352079556389,610.0,1320.0,15.493234100135318,1.4526467599904183,141427.0,107595.0,30186.0,177793300.0,135487900.0,37753600.0,339.39482461090375,614.0,1320.0,1690899.0,1.4560899382206531
168,1125.0,753.5,485.0,1405000.0,945250.0,608450.0,485.6303416872932,617.0,1320.0,15.603848706038487,1.4571493149586978,142697.0,108391.0,30666.0,179380100.0,136482900.0,38353700.0,340.6113421737123,620.0,1320.0,1703336.0,1.4582086916967425
169,1470.0,704.0,476.5,1834300.0,882200.0,596300.0,494.0811411728716,623.5,1320.0,15.368607954545455,1.4571476264319412,144367.0,109003.0,31139.0,181461900.0,137252300.0,38946200.0,342.0008555895026,627.0,1320.0,1712538.0,1.4560865611671399
170,1331.0,663.0,615.0,1680300.0,847400.0,771700.0,558.3809073622452,593.5,1320.0,15.19155354449472,1.4645664980728268,145359.0,109717.0,31896.0,182740700.0,138177700.0,39897100.0,344.5419065189476,560.0,1320.0,1723480.0,1.4730464349785137
171,986.0,746.5,595.0,1251250.0,949750.0,744750.0,527.5754927130121,563.5,1320.0,15.547220361687877,1.4733645656813712,146339.0,110496.0,32329.0,183964400.0,139151800.0,40435700.0,345.48691721318346,567.0,1320.0,1735750.0,1.4736826963842287
172,1131.5,701.0,467.0,1424500.0,886750.0,584350.0,491.3901067800239,570.5,1320.0,15.616262482168331,1.4662869955852869,147622.0,111119.0,32830.0,185589700.0,139951200.0,41065800.0,346.92495465272935,574.0,1320.0,1745374.0,1.458891294786345
173,1476.5,637.5,528.5,1852000.0,802850.0,658600.0,536.1807162836593,579.5,1320.0,15.534117647058823,1.4585676146839646,149292.0,111771.0,33386.0,187668400.0,140757500.0,41752900.0,348.5504824524231,585.0,1320.0,1755556.0,1.458243934581584
174,1328.0,652.0,571.0,1659550.0,811200.0,712000.0,547.6853007201826,587.5,1320.0,15.63803680981595,1.4560486590201154,150278.0,112423.0,33972.0,188908800.0,141573600.0,42489800.0,350.279302864629,590.0,1320.0,1765766.0,1.453853383458647
175,983.0,660.0,493.0,1230700.0,826850.0,618200.0,513.6605342346143,593.5,1320.0,15.485606060606061,1.4534587796653267,151258.0,113091.0,34372.0,190129800.0,142411200.0,42989300.0,351.13244388959504,597.0,1320.0,1775997.0,1.4530641758720064
176,1133.5,720.5,471.5,1459300.0,942800.0,587150.0,487.545433711836,569.5,1320.0,15.633587786259541,1.448545639309081,152545.0,113866.0,34915.0,191827400.0,143461700.0,43664100.0,352.47735612867524,542.0,1320.0,1788334.0,1.4440271027461555
177,1478.5,730.0,582.5,1892850.0,952750.0,723050.0,530.1864758781905,547.0,1320.0,15.863013698630137,1.4477447893015727,154215.0,114551.0,35537.0,193915500.0,144316700.0,44435400.0,354.2640522391636,552.0,1320.0,1799157.0,1.45146247585699
178,1325.0,652.5,680.0,1653000.0,814300.0,846950.0,585.049562290729,554.0,1320.0,15.576245210727969,1.4527794394614302,155195.0,115171.0,36276.0,195133400.0,145090300.0,45359000.0,356.5741784629952,556.0,1320.0,1808661.0,1.4540964030658703
179,1125.0,659.5,581.0,1396450.0,818750.0,721950.0,549.06686596371,560.0,1320.0,15.62016679302502,1.4543006632545663,156465.0,115870.0,36699.0,196708400.0,145954200.0,45879300.0,357.43183718139136,564.0,1320.0,1819760.0,1.454504923443262
180,1125.0,719.5,492.5,1400350.0,896600.0,613050.0,500.6497360777205,568.0,1320.0,16.19457956914524,1.4509876105669122,157445.0,116610.0,37261.0,197934100.0,146883500.0,46585100.0,358.8438663941734,572.0,1320.0,1831965.0,1.447470297690562
181,1331.5,726.5,634.0,1684600.0,934950.0,792150.0,549.7649152018871,560.5,1320.0,15.991741225051618,1.4509556295140376,159128.0,117323.0,37967.0,200077600.0,147824100.0,47463600.0,360.8019080506934,549.0,1320.0,1842996.0,1.454440961337513
182,1336.0,725.0,599.0,1694950.0,939200.0,743500.0,535.9190378378497,553.5,1320.0,15.604137931034483,1.4497645491952702,160117.0,118060.0,38459.0,201324000.0,148761900.0,48072100.0,361.839637220609,558.0,1320.0,1854591.0,1.445088137053027
183,1129.5,655.5,496.5,1415800.0,827800.0,616000.0,516.400105762515,561.5,1320.0,15.311212814645309,1.445502931770351,161387.0,118634.0,38960.0,202909200.0,149479700.0,48695600.0,363.0767297287272,565.0,1320.0,1863069.0,1.4459177264876746
184,1474.5,601.5,529.5,1853300.0,759400.0,661000.0,547.9889991519037,576.5,1320.0,15.29592684954281,1.44235940969779,163066.0,119263.0,39518.0,205030600.0,150280700.0,49394100.0,364.49152791715727,588.0,1320.0,1872992.0,1.4388010929079056
185,1329.5,679.5,605.5,1667850.0,857600.0,754800.0,550.9936108199182,591.5,1320.0,15.498160412067698,1.4441663350052993,164046.0,119993.0,40172.0,206244900.0,151194900.0,50206500.0,366.0960055235308,595.0,1320.0,1884131.0,1.449531577102693
186,980.0,687.0,529.5,1218700.0,856350.0,658050.0,520.8535985110591,596.5,1320.0,15.708879184861718,1.4443770425220015,165026.0,120637.0,40577.0,207468000.0,151993400.0,50710200.0,366.8513038532116,598.0,1320.0,1894576.0,1.43922250794131
187,1321.5,647.0,495.5,1703700.0,859450.0,619500.0,518.816074885151,569.0,1320.0,15.4258114374034,1.4478326482547819,166689.0,121290.0,41163.0,209652300.0,152917700.0,51445500.0,368.2394266713783,540.0,1320.0,1904136.0,1.4564427885682538
188,1321.5,691.5,629.0,1700500.0,917500.0,788450.0,554.3904813378036,542.5,1320.0,15.14822848879248,1.4450617021643222,167669.0,122020.0,41835.0,210869000.0,153828400.0,52287100.0,369.87404327365493,545.0,1320.0,1915526.0,1.4336806157603903
189,1137.0,719.5,685.5,1414550.0,898850.0,855950.0,565.687151126654,547.0,1320.0,15.469770674079221,1.4429457451945895,168963.0,122729.0,42535.0,212481400.0,154715400.0,53158900.0,371.6004663793161,549.0,1320.0,1926397.0,1.452210874628789
190,1305.5,702.5,589.5,1635000.0,874650.0,738150.0,538.3386378720966,552.5,1320.0,15.35017793594306,1.4532083533140807,170280.0,123427.0,43014.0,214139000.0,155580000.0,53763400.0,372.4863099448304,556.0,1320.0,1937122.0,1.4542058319993727
191,1313.0,703.0,545.5,1646200.0,873900.0,685500.0,524.6053060853948,561.0,1320.0,15.811522048364154,1.4605040531808158,171589.0,124135.0,43626.0,215773800.0,156463200.0,54529900.0,373.87783170704995,566.0,1320.0,1948628.0,1.4668022743622589
192,1313.5,755.5,642.0,1680250.0,980650.0,806750.0,543.1647354929509,559.0,1320.0,15.784910655195235,1.4619855165395674,172907.0,124938.0,44298.0,217499500.0,157541300.0,55376900.0,375.30513217772983,552.0,1320.0,1960973.0,1.4571687587168758
193,1431.0,762.0,562.5,1825450.0,990000.0,706600.0,511.83382949964135,557.0,1320.0,15.387795275590552,1.458004362362658,174451.0,125659.0,44751.0,219424700.0,158443200.0,55943100.0,376.0223387087077,562.0,1320.0,1972079.0,1.4588399660084403
194,1314.0,720.5,541.0,1647750.0,905500.0,679650.0,515.9120528857178,564.5,1320.0,15.507980569049272,1.4599044570554485,175535.0,126379.0,45380.0,220795000.0,159352300.0,56736200.0,377.37053347225344,567.0,1320.0,1983320.0,1.4609689481024566
195,1189.0,709.0,624.0,1492400.0,889850.0,780550.0,548.2127750967855,572.0,1320.0,15.360366713681241,1.453872320968487,176830.0,127077.0,45999.0,222410800.0,160222900.0,57504200.0,378.6746978076611,577.0,1320.0,1993860.0,1.4467756938345175
196,1137.5,707.0,517.5,1418500.0,883150.0,643650.0,507.3077933547384,580.0,1320.0,14.848656294200849,1.4489803484150672,177810.0,127793.0,46415.0,223632000.0,161118600.0,58023500.0,379.197179489957,583.0,1320.0,2004316.0,1.451185002995617
197,1320.5,698.5,463.5,1710050.0,902200.0,581150.0,487.4215699378978,574.5,1320.0,14.950608446671438,1.4466680409863755,179471.0,128474.0,46926.0,225830900.0,162027300.0,58666500.0,380.11556286370785,566.0,1320.0,2014746.0,1.4421510789771341
198,1477.5,713.0,605.5,1906700.0,948600.0,757000.0,540.8460229381761,556.5,1320.0,15.520336605890604,1.4457234109310377,180765.0,129219.0,47626.0,227445400.0,163015800.0,59537500.0,381.60758408252605,547.0,1320.0,2026448.0,1.4492957428849413
199,1137.0,786.5,626.0,1419150.0,1012800.0,778000.0,528.148815037604,550.0,1320.0,15.706293706293707,1.4488705373828155,181745.0,130047.0,48178.0,228669200.0,164052900.0,60222500.0,382.46200100308835,553.0,1320.0,2039452.0,1.4484453318806898
200,1313.0,714.5,543.0,1634650.0,892850.0,673750.0,518.4281384183552,556.0,1320.0,15.681595521343597,1.445518880086731,183391.0,130648.0,48712.0,230714700.0,164801500.0,60885000.0,383.5260926360184,559.0,1320.0,2048857.0,1.4425924282927722
201,1470.0,665.5,594.5,1834300.0,830950.0,741000.0,552.8737039901523,562.0,1320.0,15.603305785123966,1.4499142409988124,184685.0,131378.0,49367.0,232337800.0,165714800.0,61704500.0,384.83793113408683,565.0,1320.0,2060220.0,1.4572360537048525
202,1137.0,757.5,585.0,1421600.0,946950.0,728600.0,522.3770001300702,569.5,1320.0,15.577557755775578,1.4580795214887374,185665.0,132163.0,49882.0,233557900.0,166695400.0,62342200.0,385.5740186247655,574.0,1320.0,2072457.0,1.4589229892726223
203,1328.0,713.0,487.0,1681150.0,917150.0,605300.0,493.98802976727643,572.0,1320.0,15.258064516129032,1.4522610015512363,187341.0,132804.0,50341.0,235700100.0,167549100.0,62915100.0,386.2682745052937,570.0,1320.0,2081978.0,1.4455990138298502
204,1485.0,671.0,555.0,1880350.0,864050.0,695400.0,533.425493433754,574.0,1320.0,15.10655737704918,1.4466230124911565,188635.0,133505.0,50992.0,237318600.0,168423500.0,63733000.0,387.5389926689602,578.0,1320.0,2092730.0,1.4476470111524629
205,1141.0,715.5,585.0,1429000.0,899700.0,730250.0,531.0833617061706,583.0,1320.0,15.076170510132775,1.450159377321146,189623.0,134239.0,51511.0,238558100.0,169353000.0,64375600.0,388.28974478322596,588.0,1320.0,2103588.0,1.4526717434898295
206,984.0,736.0,461.0,1233300.0,926850.0,571950.0,475.67768163173776,590.0,1320.0,15.030570652173912,1.447442154941934,190603.0,134977.0,51914.0,239785200.0,170277200.0,64876900.0,388.66801451258556,592.0,1320.0,2114855.0,1.4422125663940388
207,1313.0,749.5,445.0,1643250.0,936850.0,554400.0,467.0690077751546,599.5,1320.0,15.353569046030687,1.447363420657609,192249.0,135738.0,52401.0,241844600.0,171226700.0,65484400.0,389.2900884615045,607.0,1320.0,2126603.0,1.4525142749211792
208,1473.5,689.0,532.5,1866200.0,882050.0,670450.0,520.7282236884201,599.5,1320.0,15.320029027576197,1.443591133540514,193550.0,136355.0,52979.0,243517600.0,172041300.0,66217800.0,390.37200371165346,592.0,1320.0,2135966.0,1.4346679921598489
209,1140.5,682.5,548.5,1454100.0,875200.0,693450.0,529.0785764125291,594.5,1320.0,15.48937728937729,1.4311405468248577,194530.0,137103.0,53498.0,244752800.0,172977100.0,66871300.0,391.09574140842074,597.0,1320.0,2147746.0,1.4276131014898665
210,980.0,758.0,463.5,1232750.0,948800.0,582150.0,473.5629967756988,602.0,1320.0,15.614116094986807,1.428674395733814,195510.0,137871.0,53906.0,245983100.0,173938900.0,67382100.0,391.4317532960945,607.0,1320.0,2159637.0,1.4297356899777613
211,1313.0,700.0,416.0,1649800.0,876350.0,522700.0,468.347702691783,615.5,1320.0,15.534285714285714,1.4257833210693098,197156.0,138503.0,54330.0,248052400.0,174729800.0,67916700.0,391.98991604442455,624.0,1320.0,2169494.0,1.4218309521608583
212,1470.0,671.0,503.5,1843650.0,838350.0,631800.0,515.9100160586925,628.0,1320.0,15.61102831594635,1.4311308165004912,198450.0,139213.0,54913.0,249670400.0,175615600.0,68645700.0,392.9379886238166,632.0,1320.0,2180587.0,1.440430680840124
213,1142.0,766.5,508.5,1437950.0,964100.0,636650.0,490.8074144802078,635.0,1320.0,15.680365296803654,1.4410335932055278,199440.0,140036.0,55347.0,250928300.0,176658000.0,69190000.0,393.2796117754304,638.0,1320.0,2193532.0,1.441636505570932
214,992.5,705.0,476.5,1273650.0,912600.0,597000.0,492.55799338156635,615.0,1320.0,15.218439716312057,1.4382629127483741,200435.0,140630.0,55866.0,252217700.0,177449200.0,69839700.0,394.12654675639635,592.0,1320.0,2202138.0,1.4348893199258164
215,987.5,700.5,469.5,1256400.0,898100.0,589050.0,489.90259456022795,596.5,1320.0,14.930049964311205,1.4473688580170112,201415.0,141437.0,56286.0,253441100.0,178454200.0,70368100.0,394.4231195095658,601.0,1320.0,2214449.0,1.459848396108206
216,1316.5,713.5,426.0,1640250.0,897050.0,532300.0,469.4787328819701,606.5,1320.0,15.443587946741415,1.4444518272876146,203068.0,142057.0,56718.0,255498200.0,179243300.0,70904300.0,394.99047648689736,612.0,1320.0,2224176.0,1.429055258467023
217,1473.5,661.5,492.5,1836150.0,834000.0,611750.0,516.5205494831964,618.5,1320.0,15.760393046107332,1.428582808388802,204362.0,142760.0,57271.0,257113400.0,180122200.0,71591600.0,395.8319054896347,625.0,1320.0,2235300.0,1.4281103583105808
218,1137.0,731.0,486.0,1420850.0,917200.0,602200.0,492.41139971702484,630.0,1320.0,15.630642954856361,1.4293147306228664,205342.0,143519.0,57690.0,258339900.0,181077700.0,72108700.0,396.16896515858787,635.0,1320.0,2247028.0,1.4305191029351518
219,980.0,693.5,426.5,1226800.0,865600.0,532000.0,473.2981967670528,638.0,1320.0,15.30281182408075,1.4271947654547223,206322.0,144148.0,58124.0,259567000.0,181854900.0,72655600.0,396.6878918451443,641.0,1320.0,2256526.0,1.4238704279742929
220,1131.0,733.0,503.5,1442350.0,929650.0,633650.0,496.601523103586,609.0,1320.0,15.38949522510232,1.4340274689030499,207604.0,144985.0,58697.0,261224600.0,182937000.0,73376000.0,397.3883645939721,577.0,1320.0,2269589.0,1.444184509831807
221,1320.0,766.0,586.5,1675650.0,978350.0,736150.0,521.7769995069418,582.0,1320.0,15.734334203655353,1.4454724891395112,208962.0,145680.0,59297.0,262918300.0,183811600.0,74127900.0,398.33864308174736,587.0,1320.0,2280631.0,1.4467604684472155
222,1326.0,688.0,580.0,1657200.0,862150.0,724350.0,541.6692775014839,589.5,1320.0,15.792877906976743,1.4484562138937855,210256.0,146361.0,59857.0,264539000.0,184661300.0,74824700.0,399.16268301008273,592.0,1320.0,2291320.0,1.4501519593403558
223,1137.0,665.5,529.0,1422600.0,835600.0,659800.0,528.7965017289692,594.0,1320.0,15.849737039819685,1.4569897531871212,211236.0,147011.0,60355.0,265763500.0,185482800.0,75447500.0,399.84160800515957,596.0,1320.0,2301727.0,1.4638275470338864
224,1008.0,675.5,465.0,1283050.0,870800.0,580900.0,498.0450621133665,598.5,1320.0,15.487046632124352,1.4574840519470003,212272.0,147712.0,60787.0,267105100.0,186402900.0,75986500.0,400.2444661684419,601.0,1320.0,2312243.0,1.4511405568601141
225,1326.5,749.0,515.0,1703600.0,965050.0,644250.0,495.5507287319219,603.0,1320.0,14.985313751668892,1.4458178823987424,213889.0,148509.0,61385.0,269170700.0,187412900.0,76736000.0,400.9943453735336,605.0,1320.0,2324175.0,1.4404952079373705
226,1458.0,730.5,554.5,1851050.0,936350.0,692200.0,516.5224299540736,606.0,1320.0,15.099247091033538,1.452586989807212,215189.0,149173.0,61896.0,270808400.0,188275600.0,77370900.0,401.6602797977718,607.0,1320.0,2334303.0,1.464678771677053
227,1140.0,687.0,461.0,1436100.0,878400.0,575700.0,492.18487278952927,612.0,1320.0,15.378457059679768,1.4541275271431022,216169.0,149883.0,62307.0,272042900.0,189169700.0,77887400.0,401.98107166104353,617.0,1320.0,2345305.0,1.4435762826091512
228,1093.5,728.5,391.5,1367500.0,917000.0,488900.0,449.19759800717986,620.5,1320.0,15.51063829787234,1.455128779124765,217376.0,150630.0,62679.0,273543400.0,190109600.0,78348700.0,402.1594785788303,624.0,1320.0,2356902.0,1.4666812756403784
229,1313.0,743.0,406.0,1631350.0,935400.0,503250.0,454.0132491130526,628.0,1320.0,15.660161507402423,1.4555801354117994,218795.0,151369.0,63119.0,275305600.0,191040500.0,78893900.0,402.5385384833597,632.0,1320.0,2368576.0,1.4444789951832202
230,1356.5,707.0,491.5,1692450.0,885450.0,613000.0,500.38508270502723,636.5,1320.0,15.509900990099009,1.4458475095010332,220089.0,152044.0,63662.0,276928300.0,191880500.0,79574700.0,403.2509956116933,641.0,1320.0,2378833.0,1.4472160238188463
231,1144.5,720.0,496.0,1468950.0,932050.0,623750.0,495.79594853949385,622.5,1320.0,15.165277777777778,1.4411828476474815,221084.0,152809.0,64111.0,278243500.0,192904600.0,80141400.0,403.5840945466852,604.0,1320.0,2390414.0,1.4351496714761165
232,987.5,727.0,439.0,1269050.0,941500.0,553750.0,470.4836508047505,608.5,1320.0,15.411966987620358,1.437053245987505,222064.0,153498.0,64540.0,279466400.0,193763500.0,80682200.0,403.9700746342037,613.0,1320.0,2401242.0,1.4389568204988934
233,1053.0,718.0,407.0,1314850.0,895350.0,511150.0,458.7281885342786,615.5,1320.0,15.4533426183844,1.4502203545553622,223190.0,154245.0,64925.0,280873200.0,194695300.0,81163700.0,404.1502040118126,618.0,1320.0,2412605.0,1.4614838886118309
234,1315.5,691.5,417.0,1650700.0,868400.0,520450.0,469.90004646189465,624.5,1320.0,15.317425885755604,1.4534813998003433,224695.0,154881.0,65374.0,282767800.0,195500300.0,81723100.0,404.63369973938603,631.0,1320.0,2422426.0,1.4454789109888557
235,1403.5,697.0,491.0,1770500.0,882700.0,614150.0,501.93359728417016,635.5,1320.0,15.404591104734576,1.4464910601535337,225997.0,155639.0,65907.0,284414200.0,196460700.0,82392000.0,405.1988952200271,640.0,1320.0,2434079.0,1.4475032093182114
236,1153.0,757.0,552.5,1494900.0,992550.0,688650.0,509.1884500435672,607.5,1320.0,15.400264200792602,1.4448076335772573,227001.0,156395.0,66479.0,285757600.0,197485400.0,83100400.0,405.8623261877231,575.0,1320.0,2445742.0,1.442112057836303
237,992.0,743.5,531.5,1286350.0,967750.0,659800.0,504.6847129915777,579.5,1320.0,15.342299932750505,1.4490087488889438,227981.0,157126.0,66970.0,286986900.0,198396200.0,83711600.0,406.3309494972896,584.0,1320.0,2456893.0,1.4559054399415845
238,1313.0,751.0,509.5,1649900.0,944250.0,638750.0,495.11078053467037,591.0,1320.0,15.426098535286284,1.4614847308407295,229627.0,157897.0,67498.0,289057400.0,199373900.0,84377900.0,406.8605530934156,598.0,1320.0,2468912.0,1.4670640217398745
239,1470.0,751.0,530.5,1842350.0,947000.0,664750.0,502.4234981079305,602.0,1320.0,15.318242343541945,1.457809851994985,230921.0,158630.0,68031.0,290671600.0,200292500.0,85041100.0,407.4157561879565,606.0,1320.0,2479949.0,1.4485556822500951
240,1137.0,754.5,517.0,1423300.0,947850.0,645950.0,493.2157983225788,609.0,1320.0,14.959575878064944,1.4545310309177109,231901.0,159406.0,68532.0,291904000.0,201269600.0,85669800.0,407.8239790628358,612.0,1320.0,2491486.0,1.4605063795853268
241,980.0,750.0,450.0,1228000.0,946050.0,561250.0,467.6742620921627,615.0,1320.0,15.037333333333333,1.4503583463379277,232881.0,160130.0,68931.0,293127600.0,202184600.0,86163600.0,408.0471182014388,618.0,1320.0,2502505.0,1.4402103130905286
242,1320.5,707.0,447.5,1673900.0,907550.0,559400.0,480.3770843942897,616.5,1320.0,15.316831683168317,1.4472451923411045,234542.0,160820.0,69427.0,295251800.0,203084700.0,86788600.0,408.55156778368973,615.0,1320.0,2513144.0,1.4542800715916804
243,1477.5,709.0,539.0,1868700.0,903700.0,676750.0,516.523910170166,618.0,1320.0,15.236248236953456,1.4472265218159395,235836.0,161548.0,70009.0,296865000.0,203992000.0,87517100.0,409.2164116054548,621.0,1320.0,2524110.0,1.4401729720401983
244,1137.0,720.0,523.5,1418950.0,902250.0,656500.0,507.3991054080133,626.0,1320.0,15.15,1.448623602769086,236816.0,162260.0,70474.0,298089700.0,204889200.0,88101600.0,409.6078544718039,631.0,1320.0,2534960.0,1.4570742334979736
245,985.0,622.5,402.0,1242050.0,789500.0,504150.0,482.80202383433004,635.5,1320.0,15.023293172690764,1.445493307505826,237806.0,162793.0,70815.0,299349100.0,205571000.0,88527900.0,409.86688798740244,640.0,1320.0,2542814.0,1.4339123815136783
246,986.0,643.5,359.5,1250050.0,817350.0,449800.0,451.30259280116957,644.5,1320.0,14.672105672105673,1.4410696175943578,238788.0,163547.0,71193.0,300589800.0,206523900.0,89001200.0,409.9641620678196,649.0,1320.0,2553843.0,1.4482268536750373
247,991.5,749.0,389.5,1283450.0,982050.0,484950.0,436.65303293821614,640.5,1320.0,14.70694259012016,1.442082757857103,239789.0,164291.0,71594.0,301916000.0,207535100.0,89497800.0,410.12545488251084,632.0,1320.0,2564845.0,1.4359386620391683
248,1480.5,695.0,425.0,1887100.0,908500.0,528450.0,470.80018111331447,640.0,1320.0,15.074100719424461,1.436965451211353,241749.0,164937.0,72043.0,304364000.0,208340900.0,90058100.0,410.5392008164979,648.0,1320.0,2574796.0,1.4379922403835375
249,1470.0,669.0,467.0,1834250.0,834750.0,584300.0,503.1351493811124,650.0,1320.0,15.819133034379671,1.4396332368845528,242729.0,165629.0,72528.0,305584500.0,209204600.0,90666400.0,411.01276042423723,652.0,1320.0,2586011.0,1.4412742333855681
250,980.0,672.5,448.0,1223550.0,839250.0,560100.0,493.8400702272611,653.5,1320.0,15.928624535315985,1.4295821110162046,243709.0,166282.0,72939.0,306811100.0,210019400.0,91178300.0,411.3195555861442,655.0,1320.0,2596220.0,1.4178899886468408
251,980.0,713.0,373.5,1227100.0,895600.0,468250.0,444.3260931562083,659.5,1320.0,15.576437587657784,1.4235400652291395,244689.0,167055.0,73275.0,308038700.0,210995800.0,91602900.0,411.3139707268483,664.0,1320.0,2608223.0,1.4291901418114383
252,987.0,753.0,400.5,1254000.0,967000.0,503300.0,447.3330925805172,638.5,1320.0,15.580345285524569,1.4213246776353259,245683.0,167788.0,73740.0,309319100.0,211953400.0,92184900.0,411.66354564048913,613.0,1320.0,2619684.0,1.4134592134592134
253,987.0,800.5,429.0,1246650.0,1015750.0,533800.0,450.14139161458957,615.5,1320.0,15.878201124297314,1.4246450056164344,246663.0,168656.0,74133.0,310532000.0,213027300.0,92670500.0,411.7072201243196,618.0,1320.0,2633644.0,1.435830797773655
254,1470.0,737.0,409.5,1829950.0,912700.0,507700.0,457.20895886573055,625.5,1320.0,15.842605156037992,1.4276490958053984,248623.0,169262.0,74559.0,312979000.0,213778800.0,93200300.0,412.0918747529338,633.0,1320.0,2643036.0,1.419467393837142
255,1477.5,645.0,466.0,1857000.0,811250.0,581550.0,507.3167422378788,636.5,1320.0,15.306976744186047,1.4201586844282816,249618.0,169946.0,75065.0,314246000.0,214649800.0,93833600.0,412.5743010232842,640.0,1320.0,2653390.0,1.4208499750194212
256,987.5,711.5,503.0,1243950.0,902400.0,627150.0,502.96365217230743,644.0,1320.0,15.361911454673226,1.4231513697442342,250598.0,170685.0,75565.0,315466900.0,215583600.0,94454600.0,412.9882302751732,648.0,1320.0,2664896.0,1.4254527644690471
257,985.0,680.0,447.5,1252150.0,871050.0,559000.0,489.499535555206,652.5,1320.0,15.5625,1.4247750296279986,251588.0,171306.0,75960.0,316750300.0,216391900.0,94951600.0,413.27583865429494,657.0,1320.0,2674555.0,1.42409729478695
258,991.0,685.0,391.5,1284000.0,897950.0,490250.0,459.2820964523275,655.5,1320.0,15.235766423357664,1.434824721966136,252580.0,172055.0,76348.0,318034900.0,217379500.0,95435100.0,413.38947620972067,654.0,1320.0,2685769.0,1.4455521491453225
259,986.0,706.5,356.5,1260000.0,908500.0,447900.0,436.75775144080274,657.0,1320.0,15.573248407643312,1.4421407656965821,253560.0,172719.0,76673.0,319270300.0,218208900.0,95847400.0,413.4760156711361,660.0,1320.0,2696560.0,1.4387293822478417
260,1225.0,715.0,358.0,1534250.0,893100.0,449050.0,435.6723876370369,667.5,1320.0,15.604895104895105,1.4338364669549821,255030.0,173485.0,77064.0,321103400.0,219165700.0,96333200.0,413.5803335985871,675.0,1320.0,2708084.0,1.4289435516621223
261,1225.0,717.5,366.0,1528800.0,900100.0,455650.0,437.17929448674727,680.0,1320.0,15.294773519163764,1.4279901563576383,256010.0,174154.0,77405.0,322327900.0,220009100.0,96758700.0,413.6802023835716,685.0,1320.0,2718508.0,1.4270367610531545
262,980.0,666.5,325.5,1224200.0,838650.0,405700.0,431.36089622254235,690.5,1320.0,15.742685671417854,1.4243118771746568,256990.0,174818.0,77715.0,323551800.0,220843000.0,97144600.0,413.7200247923955,696.0,1320.0,2729069.0,1.4215869932961593
263,1232.0,717.0,363.0,1560550.0,915150.0,455750.0,438.187656636199,679.0,1320.0,15.785216178521617,1.4242615503335245,258474.0,175588.0,78131.0,325449000.0,221839400.0,97670200.0,413.8888430497643,662.0,1320.0,2741144.0,1.42693610737089
264,1232.0,746.5,432.5,1562250.0,948050.0,542400.0,463.0584638905604,667.5,1320.0,15.537843268586737,1.4272606329897286,259454.0,176311.0,78580.0,326676300.0,222739100.0,98229400.0,414.1764553426843,673.0,1320.0,2752267.0,1.427585158608567
265,986.5,745.0,413.0,1244700.0,938550.0,514950.0,454.04893541920154,675.5,1320.0,15.390604026845638,1.4249114899794075,260447.0,177078.0,78959.0,327938400.0,223716500.0,98702500.0,414.25668440176224,678.0,1320.0,2764076.0,1.4222378213502478
266,988.0,713.0,369.0,1248200.0,906750.0,459950.0,440.11578142834674,683.0,1320.0,15.271388499298737,1.4265354061752653,261430.0,177737.0,79318.0,329172700.0,224552600.0,99149300.0,414.394823791651,688.0,1320.0,2774044.0,1.4308329910002826
267,985.5,647.0,342.5,1245500.0,824650.0,428800.0,444.07980073292345,691.5,1320.0,15.21483771251932,1.4261840459852104,262418.0,178372.0,79644.0,330429400.0,225365800.0,99560100.0,414.4854297013537,695.0,1320.0,2783764.0,1.4215351009701385
268,984.0,648.5,326.5,1238100.0,819900.0,409150.0,439.96966148461775,698.0,1320.0,16.022359290670778,1.4215736830271068,263398.0,179034.0,79971.0,331648900.0,226192400.0,99967600.0,414.587371941306,701.0,1320.0,2794825.0,1.421612265084075
269,987.0,730.5,400.5,1268050.0,949300.0,499500.0,455.9823063196553,673.5,1320.0,16.04928131416838,1.4174581464180536,264392.0,179833.0,80445.0,332965500.0,227264400.0,100559100.0,414.8460669235187,646.0,1320.0,2807212.0,1.4133040277520323
270,1232.0,749.5,429.5,1579800.0,978850.0,536800.0,461.37873174879655,651.0,1320.0,15.575717144763175,1.4273032643744714,265862.0,180535.0,80830.0,334808500.0,228152300.0,101041200.0,415.0074864497286,656.0,1320.0,2818210.0,1.4413025009969107
271,1225.0,743.0,435.0,1528000.0,933050.0,541100.0,465.9131578872275,658.0,1320.0,15.621803499327052,1.44109803955295,266842.0,181319.0,81315.0,336021500.0,229130500.0,101641300.0,415.3041723718251,660.0,1320.0,2830426.0,1.4408935781089895
272,1225.0,754.0,480.0,1525200.0,940000.0,597850.0,483.3554979327762,663.5,1320.0,15.765915119363395,1.4439303548170987,268312.0,182043.0,81790.0,337858900.0,230032300.0,102236900.0,415.6468412398427,667.0,1320.0,2841985.0,1.4469671315252082
273,1225.0,746.5,443.5,1532650.0,931550.0,555950.0,470.77771833872424,668.5,1320.0,15.93636972538513,1.44900644010881,269292.0,182812.0,82202.0,339086800.0,230993600.0,102753200.0,415.8023612954337,670.0,1320.0,2854219.0,1.4510457486924122
274,988.5,716.0,441.5,1276400.0,933450.0,551900.0,476.0082510904459,649.0,1320.0,15.603351955307263,1.4383016399978323,270289.0,183475.0,82673.0,340411700.0,231899200.0,103340700.0,416.1718749196155,628.0,1320.0,2864329.0,1.4255575313032525
275,988.5,699.0,425.5,1279100.0,912300.0,532350.0,472.35639332618535,631.5,1320.0,15.242489270386265,1.4365465837682065,271269.0,184210.0,83053.0,341645000.0,232818200.0,103817900.0,416.27825963541005,635.0,1320.0,2875528.0,1.4475356362331604
276,1230.5,717.5,394.5,1557200.0,909400.0,496250.0,453.5440370765241,637.0,1320.0,15.40836236933798,1.4437565894255733,272750.0,184910.0,83462.0,343526100.0,233718000.0,104333200.0,416.4815781995296,639.0,1320.0,2886440.0,1.439977542617986
277,1478.5,704.0,426.5,1868950.0,897600.0,536150.0,471.91101396269414,643.0,1320.0,15.499289772727273,1.4477296923154794,274226.0,185618.0,83906.0,345382900.0,234613400.0,104890200.0,416.7449552081022,647.0,1320.0,2897351.0,1.455481842012973
278,1228.0,716.5,436.0,1541000.0,903750.0,544900.0,472.02429294634,647.5,1320.0,15.237962316817864,1.4431784306859041,275206.0,186343.0,84334.0,346608100.0,235525500.0,105423000.0,416.95456244825186,648.0,1320.0,2908276.0,1.4308750193588353
279,987.5,708.5,523.0,1282300.0,938200.0,651100.0,511.4864899145072,617.5,1320.0,15.306986591390261,1.4242459418453488,276201.0,187035.0,84952.0,347947500.0,236489800.0,106192400.0,417.60289474191063,587.0,1320.0,2919041.0,1.4176168643318623
280,987.5,743.0,519.5,1283150.0,979100.0,647800.0,499.68705247064054,588.0,1320.0,15.331763122476447,1.4284245794136574,277181.0,187829.0,85375.0,349174400.0,237483700.0,106721300.0,417.7234517331149,589.0,1320.0,2931059.0,1.4392322944954525
281,1225.0,697.5,483.5,1536150.0,877400.0,604600.0,500.7642818348694,592.5,1320.0,15.724014336917563,1.4370966144437545,278651.0,188430.0,85919.0,351019800.0,238244600.0,107401600.0,418.31887036534476,596.0,1320.0,2940976.0,1.4349609343920566
282,1394.5,707.0,498.0,1747500.0,887500.0,621050.0,502.7898335626511,597.5,1320.0,15.66973125884017,1.4379049108399216,279970.0,189243.0,86371.0,352669400.0,239258700.0,107963400.0,418.4672818005614,599.0,1320.0,2953216.0,1.4408488872877865
283,1225.0,729.0,481.5,1535100.0,909650.0,602350.0,486.857932803752,600.0,1320.0,15.22633744855967,1.4462670775245199,281101.0,189888.0,86882.0,354090000.0,240063900.0,108606300.0,418.9184045278748,601.0,1320.0,2963176.0,1.451685267761253
284,1227.0,680.0,523.5,1559300.0,849950.0,659000.0,521.3119421680174,605.5,1320.0,15.632352941176471,1.4460971906584277,282425.0,190603.0,87418.0,355789000.0,240958600.0,109281400.0,419.3576717261591,610.0,1320.0,2974476.0,1.440509113555602
285,1152.0,694.5,501.5,1459000.0,885050.0,628850.0,508.50004620072906,608.0,1320.0,15.691864650827934,1.4355680292768396,283405.0,191278.0,87885.0,357008000.0,241835300.0,109864000.0,419.6850355011205,606.0,1320.0,2984988.0,1.4306269449980769
286,1063.0,748.5,462.5,1329700.0,964600.0,576400.0,477.3088578290039,609.0,1320.0,15.6125584502338,1.4329665673398002,284551.0,192100.0,88343.0,358448400.0,242887800.0,110434200.0,419.8581576457261,612.0,1320.0,2997848.0,1.4353061896815236
287,1308.0,755.0,476.0,1640100.0,959000.0,593000.0,483.3257350813148,614.0,1320.0,16.017880794701988,1.4422698223872552,286021.0,192788.0,88837.0,360288200.0,243753300.0,111050000.0,420.24139023655414,616.0,1320.0,3009175.0,1.4492334550929868
288,1229.5,675.5,506.5,1543700.0,852400.0,630450.0,516.9707776031066,617.5,1320.0,15.9259807549963,1.43630136557721,287010.0,193451.0,89356.0,361535800.0,244592600.0,111695100.0,420.669927628715,619.0,1320.0,3019364.0,1.4233692760614336
289,1151.0,704.5,460.0,1441600.0,887000.0,572050.0,486.8755524242953,622.0,1320.0,15.569198012775018,1.4297418357041785,288323.0,194197.0,89757.0,363171400.0,245527300.0,112194100.0,420.7879258153281,625.0,1320.0,3031112.0,1.4361143953469233
290,1250.5,714.5,440.5,1589900.0,924750.0,551050.0,474.58768353058,606.5,1320.0,15.386284114765571,1.4389468198203232,289511.0,194880.0,90237.0,364715600.0,246442100.0,112797200.0,421.1067658955784,588.0,1320.0,3041351.0,1.441779244293723
291,1185.5,720.5,518.0,1502400.0,927550.0,646600.0,505.73731808388624,591.0,1320.0,15.358084663428174,1.4394978523897692,290694.0,195638.0,90793.0,366176200.0,247382400.0,113487300.0,421.52255176241147,594.0,1320.0,3053243.0,1.4372164604858155
292,1206.5,735.0,534.5,1500850.0,912850.0,666300.0,510.7860899350234,601.5,1320.0,15.861224489795918,1.4463457432419224,291924.0,196350.0,91306.0,367717300.0,248267800.0,114129800.0,421.89832179476383,609.0,1320.0,3064667.0,1.4554750259980294
293,1254.5,674.0,480.0,1570700.0,841650.0,602300.0,506.2022687036493,612.5,1320.0,15.830118694362017,1.4436872502543738,293203.0,196986.0,91753.0,369317600.0,249065700.0,114691900.0,422.199428757554,616.0,1320.0,3074582.0,1.431899474510718
294,1146.5,708.5,454.0,1434200.0,885350.0,568050.0,483.9336292931812,620.0,1320.0,15.670430486944248,1.4290069392190086,294217.0,197767.0,92214.0,370585700.0,250038500.0,115265900.0,422.39570641628677,624.0,1320.0,3086872.0,1.426114403927299
295,1094.0,738.0,468.0,1368400.0,917450.0,583150.0,483.57102544265365,625.0,1320.0,16.01287262872629,1.4291884058710789,295391.0,198462.0,92689.0,372054400.0,250900600.0,115858200.0,422.7078532218508,626.0,1320.0,3098217.0,1.432262407814859
296,1314.0,689.0,476.0,1683700.0,887900.0,595000.0,499.66079455804993,612.0,1320.0,15.746734397677795,1.4352237717883938,296845.0,199145.0,93166.0,373953100.0,251814300.0,116455900.0,423.0115835313133,598.0,1320.0,3108571.0,1.4381851357619289
297,1218.5,729.0,529.0,1571800.0,956100.0,664650.0,509.40067609588385,600.5,1320.0,15.665294924554184,1.4390633601409133,297828.0,199920.0,93747.0,375198000.0,252812800.0,117187500.0,423.45059633684576,603.0,1320.0,3121057.0,1.4399415845198977
298,1151.5,700.5,494.5,1453700.0,893900.0,621300.0,503.64472109081623,605.5,1320.0,15.69593147751606,1.443404647669208,299148.0,200546.0,94155.0,376860500.0,253602100.0,117698500.0,423.6655114065738,608.0,1320.0,3130561.0,1.4468677108185182
299,1187.0,669.5,444.5,1492000.0,845800.0,554700.0,490.0840449423191,609.0,1320.0,15.569081404032861,1.4445645139811119,300202.0,201259.0,94636.0,378182000.0,254504400.0,118296900.0,423.95232608386004,610.0,1320.0,3141904.0,1.4422613171437055
300,1077.5,753.0,458.5,1349350.0,944400.0,569850.0,475.29171379826084,611.0,1320.0,15.93758300132802,1.4413806516659662,301303.0,202052.0,95072.0,379559200.0,255490900.0,118838200.0,424.08651505621145,612.0,1320.0,3154563.0,1.4404999861882268
301,1267.0,724.5,457.5,1580250.0,904200.0,569100.0,483.2822368994547,614.5,1320.0,15.954451345755693,1.4314580240154435,302736.0,202708.0,95551.0,381342500.0,256312800.0,119435100.0,424.422574791085,617.0,1320.0,3165022.0,1.4224160618426602
302,1214.0,683.0,536.0,1544150.0,889250.0,670500.0,525.1238733279799,600.0,1320.0,15.5497803806735,1.431052162775087,303731.0,203418.0,96144.0,382647500.0,257269400.0,120179200.0,424.9088125420964,583.0,1320.0,3175804.0,1.439688263707514
303,1154.0,702.0,529.5,1474000.0,912750.0,662150.0,516.9134318912203,586.0,1320.0,15.58974358974359,1.4483484311942982,305044.0,204112.0,96610.0,384290500.0,258138300.0,120759400.0,425.1801016133251,589.0,1320.0,3186910.0,1.4570085986810828
304,1243.5,735.5,494.5,1556200.0,919100.0,621850.0,493.86454970075783,593.0,1320.0,15.72331747110809,1.4441523296545613,306218.0,204889.0,97133.0,385759900.0,259107600.0,121422900.0,425.4704640555971,597.0,1320.0,3198933.0,1.4312960606280398
305,1303.5,704.5,496.5,1626700.0,874350.0,624250.0,503.0678069586257,600.0,1320.0,15.662881476224273,1.4356646544410188,307651.0,205522.0,97603.0,387543900.0,259888200.0,122007900.0,425.7959555248057,603.0,1320.0,3208981.0,1.4400332482539975
306,1206.5,694.5,472.0,1502250.0,860550.0,589500.0,498.1796971238408,605.0,1320.0,16.053275737940965,1.4350010490026972,308631.0,206278.0,98077.0,388764400.0,260828700.0,122601900.0,426.02780873778755,607.0,1320.0,3221231.0,1.4299688497513972
307,1158.0,692.0,485.0,1497900.0,885150.0,604250.0,502.4440128439221,610.0,1320.0,15.749277456647398,1.4363423667533346,309967.0,206906.0,98573.0,390539700.0,261658500.0,123216400.0,426.3866001417155,613.0,1320.0,3230778.0,1.4427158837552723
308,1255.0,701.5,541.0,1621550.0,927900.0,673050.0,519.483389642571,595.5,1320.0,15.331432644333571,1.4403104022817808,311141.0,207681.0,99159.0,392007500.0,262684500.0,123948000.0,426.7846758950961,578.0,1320.0,3242741.0,1.4379049208082892
309,1306.5,771.0,536.0,1639200.0,1000050.0,670250.0,502.11399278343936,581.5,1320.0,15.893644617380026,1.4426330966348475,312580.0,208448.0,99645.0,393818100.0,263658600.0,124556900.0,427.02910550329636,585.0,1320.0,3255286.0,1.447361272461406
310,1209.5,736.5,546.5,1514550.0,929250.0,682950.0,516.5810263444362,586.0,1320.0,16.137813985064493,1.439281654648326,313560.0,209154.0,100252.0,395036600.0,264543000.0,125313900.0,427.52938490284936,587.0,1320.0,3266512.0,1.4312020368352463
311,1146.5,657.0,525.5,1427150.0,818900.0,654900.0,528.5470562000334,589.5,1320.0,15.509893455098934,1.4319325194747057,314873.0,209762.0,100696.0,396672400.0,265296400.0,125866700.0,427.8024466747194,592.0,1320.0,3275666.0,1.4326630021141649
312,1243.5,655.0,487.0,1550400.0,814300.0,608450.0,514.3787325356673,593.0,1320.0,15.583969465648854,1.4372956230951193,316047.0,210464.0,101226.0,398137400.0,266171600.0,126530800.0,428.16579900016836,594.0,1320.0,3286927.0,1.441928244076074
313,1311.5,728.0,539.0,1654550.0,924350.0,675600.0,513.151593571194,573.0,1320.0,15.576923076923077,1.441989571605581,317496.0,211218.0,101774.0,399981500.0,267145100.0,127217900.0,428.4934379404246,552.0,1320.0,3298346.0,1.442050899135088
314,1214.5,758.0,555.0,1535550.0,961450.0,697300.0,509.2608326689657,554.0,1320.0,15.386543535620053,1.4386306827871116,318476.0,211980.0,102336.0,401208500.0,268094500.0,127925400.0,428.84331957950286,556.0,1320.0,3310253.0,1.4352104664391354
315,1146.5,689.0,559.5,1439450.0,858200.0,702100.0,532.2145097783912,558.0,1320.0,15.738751814223512,1.4399461833567135,319789.0,212596.0,102893.0,402860400.0,268861500.0,128622100.0,429.3143588485367,560.0,1320.0,3320034.0,1.4446819002742917
316,1346.5,630.0,531.0,1685800.0,784400.0,663550.0,540.3877111805705,562.0,1320.0,15.907142857142857,1.448498067115528,321169.0,213240.0,103398.0,404580100.0,269663300.0,129252500.0,429.6613075572495,564.0,1320.0,3330296.0,1.4523142339567645
317,1306.5,694.0,550.5,1638450.0,869000.0,690450.0,527.0440345241391,567.0,1320.0,15.65850144092219,1.448071501115502,322402.0,213984.0,103994.0,406137300.0,270599500.0,130003000.0,430.0793462462708,570.0,1320.0,3341768.0,1.44382876827424
318,1107.0,731.5,557.5,1394850.0,924150.0,700850.0,519.2761063043505,571.5,1320.0,15.632262474367737,1.4495604763595997,323383.0,214703.0,104513.0,407369800.0,271511600.0,130654200.0,430.3850399239546,573.0,1320.0,3353166.0,1.4552921844449593
319,1156.0,668.5,518.0,1481100.0,872200.0,649800.0,522.116386935477,561.5,1320.0,15.697083021690352,1.4495157093207407,324714.0,215321.0,105030.0,409099500.0,272343900.0,131302600.0,430.76111061584004,550.0,1320.0,3362755.0,1.443739234196522
320,1356.0,737.0,550.0,1726450.0,957600.0,686750.0,514.1378157772201,553.5,1320.0,15.66078697421981,1.4531437995481475,326095.0,216177.0,105613.0,410822700.0,273426800.0,132027700.0,431.054978843893,557.0,1320.0,3376250.0,1.4625483648997732
321,1304.0,752.0,614.0,1634200.0,947600.0,766250.0,532.8368497204405,559.0,1320.0,15.623670212765957,1.4633300119353545,327322.0,216825.0,106258.0,412367900.0,274239100.0,132835100.0,431.62426627315983,561.0,1320.0,3386253.0,1.4641116589709355
322,1270.0,650.0,579.0,1589800.0,808400.0,726150.0,550.6851996436548,565.5,1320.0,15.563076923076924,1.4566423852517987,328635.0,217477.0,106771.0,414002300.0,275043600.0,133480000.0,431.9618497659209,570.0,1320.0,3396482.0,1.4491731115326618
323,1346.5,679.5,529.0,1680050.0,844550.0,660400.0,524.4411188142041,576.0,1320.0,15.857247976453275,1.4515997487589054,330015.0,218184.0,107316.0,415728000.0,275928200.0,134155900.0,432.31347774041734,582.0,1320.0,3407803.0,1.4540263859851492
324,1191.0,699.5,559.0,1509150.0,897450.0,696550.0,528.8583112783949,585.0,1320.0,15.652609006433167,1.458807376730603,331017.0,218876.0,107889.0,417020600.0,276838500.0,134873100.0,432.7082222159295,588.0,1320.0,3418380.0,1.4635883674760566
325,1111.0,705.0,494.5,1405800.0,906150.0,615700.0,500.08101859905923,592.0,1320.0,15.404255319148936,1.4553798012685228,332237.0,219594.0,108305.0,418539600.0,277740500.0,135387300.0,432.8092838591295,596.0,1320.0,3429523.0,1.4471712350609889
326,1266.5,676.5,442.5,1584250.0,847700.0,550800.0,486.9904916743903,601.0,1320.0,15.70879526977088,1.4515737027167221,333550.0,220229.0,108774.0,420189100.0,278533900.0,135974700.0,433.0774702746038,606.0,1320.0,3439634.0,1.4559761703724554
327,1146.5,692.0,434.0,1441050.0,861600.0,544450.0,480.1077482152206,609.0,1320.0,16.020231213872833,1.4505412643887605,334530.0,220978.0,109173.0,421421700.0,279463700.0,136476200.0,433.13191241918213,612.0,1320.0,3451695.0,1.4451063584050656
328,1187.0,720.5,451.5,1502000.0,910700.0,568150.0,479.4572441446997,615.0,1320.0,15.856349757113115,1.4476930422963405,335924.0,221670.0,109677.0,423193100.0,280355300.0,137111000.0,433.4055679786775,618.0,1320.0,3462483.0,1.4502797261876155
329,1310.5,717.0,477.0,1651250.0,913750.0,600050.0,491.00709950657415,622.0,1320.0,15.676429567642957,1.452125707622227,337151.0,222412.0,110127.0,424724200.0,281291200.0,137676300.0,433.5475206539004,626.0,1320.0,3474175.0,1.4539716890568384
330,1113.5,747.0,494.5,1420700.0,971450.0,617600.0,489.6713894933401,607.0,1320.0,15.56760374832664,1.4431229326843358,338151.0,223164.0,110666.0,426034500.0,282298200.0,138346200.0,433.8240685173383,588.0,1320.0,3485741.0,1.432274176311833
331,1156.5,696.0,529.5,1479650.0,902900.0,660450.0,517.5031346821257,592.0,1320.0,15.484913793103448,1.4415413247959599,339464.0,223804.0,111186.0,427683500.0,283097000.0,138997200.0,434.1617933485587,596.0,1320.0,3495730.0,1.4508084732800868
332,1346.5,692.5,519.0,1691400.0,864600.0,646900.0,516.3894933769831,599.5,1320.0,15.833935018050541,1.450324357289814,340844.0,224550.0,111704.0,429417300.0,284028700.0,139640000.0,434.41818107178716,603.0,1320.0,3507683.0,1.4498402412995413
333,1180.0,728.0,514.5,1482200.0,914500.0,646800.0,504.93734765533765,604.0,1320.0,15.809752747252746,1.4443104978294654,341824.0,225260.0,112215.0,430647900.0,284926000.0,140290800.0,434.6829497377801,605.0,1320.0,3518749.0,1.4387807543593893
334,1103.5,712.0,493.0,1383700.0,892500.0,625050.0,500.19710575666363,607.5,1320.0,15.785814606741573,1.4525705552551302,343051.0,225974.0,112690.0,432184700.0,285813700.0,140890100.0,434.8862769086369,610.0,1320.0,3530162.0,1.4663603561508711
335,1103.5,693.5,441.0,1384450.0,863150.0,555300.0,483.01498393323214,611.5,1320.0,15.979091564527758,1.4577880906762486,344031.0,226647.0,113097.0,433416800.0,286652300.0,141401400.0,435.00573803011184,613.0,1320.0,3540912.0,1.4492158252016263
336,1154.0,729.5,531.5,1468100.0,934500.0,665600.0,507.83654458677483,585.0,1320.0,15.405757368060316,1.450302609934671,345359.0,227433.0,113753.0,435120900.0,287682700.0,142221300.0,435.4255152568824,557.0,1320.0,3552639.0,1.4513893946677154
337,1477.5,741.5,646.0,1868000.0,949750.0,805300.0,546.2556842187082,560.0,1320.0,15.517194875252866,1.4395329938070023,346986.0,228130.0,114389.0,437152800.0,288551800.0,143012000.0,435.90705620712856,563.0,1320.0,3563924.0,1.4276765929462891
338,1307.5,692.5,578.0,1640300.0,873200.0,719900.0,540.4287825082313,566.0,1320.0,16.04693140794224,1.4371031921880928,347974.0,228818.0,114909.0,438401500.0,289429100.0,143661100.0,436.20175134565517,569.0,1320.0,3574864.0,1.4465297914298965
339,1151.5,671.0,538.0,1445700.0,853200.0,669650.0,530.370693690038,573.0,1320.0,15.706408345752608,1.4449232913085568,349289.0,229472.0,115465.0,440044200.0,290258200.0,144351300.0,436.5692440136948,577.0,1320.0,3585002.0,1.4433167911872171
340,1351.5,672.0,537.5,1705150.0,858350.0,669400.0,528.1857704080741,578.5,1320.0,15.476934523809524,1.445318638832349,350677.0,230169.0,115984.0,441811800.0,291154900.0,144999900.0,436.83787315607816,580.0,1320.0,3595751.0,1.4473204864774807
341,1315.0,703.5,538.0,1685950.0,925300.0,672550.0,519.8881795854841,573.5,1320.0,15.68727789623312,1.4513057394986724,351919.0,230879.0,116541.0,443416100.0,292108800.0,145696400.0,437.16472187053944,567.0,1320.0,3607074.0,1.455290992519864
342,1243.0,711.5,553.0,1583300.0,923150.0,692600.0,523.3872797139038,571.0,1320.0,15.739283204497541,1.4503497263465723,353163.0,231592.0,117090.0,444978400.0,293001200.0,146385100.0,437.46561834850144,575.0,1320.0,3618148.0,1.4454084601732806
343,1146.5,727.0,557.5,1434400.0,911300.0,696550.0,519.301942810727,578.0,1320.0,15.563273727647868,1.4485828359652464,354212.0,232333.0,117656.0,446284900.0,293931400.0,147089500.0,437.7676280207203,581.0,1320.0,3629703.0,1.451757211757212
344,1214.5,774.5,541.5,1523000.0,967000.0,677850.0,501.0015750934403,584.0,1320.0,15.696578437701744,1.4463712537121611,355592.0,233141.0,118173.0,448024400.0,294935200.0,147740800.0,437.94162169067795,587.0,1320.0,3642462.0,1.44098529566711
345,1303.5,689.0,504.0,1637800.0,858650.0,634050.0,511.12223961245644,596.5,1320.0,15.808417997097242,1.4535236881638656,356819.0,233711.0,118664.0,449560500.0,295648700.0,148357600.0,438.26432643365666,606.0,1320.0,3651487.0,1.4660620806606208
346,1190.0,608.0,468.5,1516950.0,757100.0,588650.0,520.196298224569,611.0,1320.0,15.523848684210526,1.4682385806099276,357972.0,234357.0,119111.0,451058300.0,296449400.0,148919400.0,438.4442283678196,616.0,1320.0,3661339.0,1.4704150805592346
347,1153.0,625.5,588.0,1465450.0,805050.0,736250.0,560.9032795654622,573.5,1320.0,15.277378097521982,1.465640516482722,359125.0,234962.0,119840.0,452491400.0,297258800.0,149830100.0,439.1032302145002,531.0,1320.0,3670599.0,1.4608659524062093
348,1394.0,636.0,682.0,1739550.0,822350.0,854000.0,589.3559990095112,536.0,1320.0,15.30503144654088,1.457824513288739,360761.0,235629.0,120475.0,454538800.0,298094100.0,150627400.0,439.56132738218605,541.0,1320.0,3680807.0,1.4547830741712688
349,1416.5,625.0,691.0,1772300.0,789200.0,865650.0,596.1997252507311,543.5,1320.0,15.4184,1.4553628112158463,361958.0,236212.0,121222.0,456036000.0,298837200.0,151561400.0,440.2600255247831,546.0,1320.0,3689872.0,1.4559425482604238
350,1125.5,633.5,654.0,1408550.0,798700.0,815550.0,582.0564601864214,548.0,1320.0,15.479873717442779,1.44761240382844,363012.0,236896.0,121783.0,457355900.0,299691500.0,152258500.0,440.5843172058743,550.0,1320.0,3700420.0,1.4392822593964563
351,1365.5,712.0,528.0,1702600.0,889250.0,654700.0,513.6843442880262,554.0,1320.0,15.614466292134832,1.4476825819137304,364689.0,237636.0,122278.0,459441200.0,300615700.0,152870800.0,440.765958360218,558.0,1320.0,3712107.0,1.4560829044310046
352,1335.5,717.5,667.5,1691700.0,926050.0,829900.0,561.9771342006428,537.5,1320.0,15.933101045296167,1.4494743101159684,365683.0,238331.0,123125.0,460739300.0,301543600.0,153926500.0,441.52541933962146,517.0,1320.0,3723284.0,1.4428657158009321
353,1129.5,694.5,727.0,1443550.0,894950.0,907350.0,586.3230488496679,519.0,1320.0,15.843052555795536,1.4464983347258178,366948.0,239025.0,123732.0,462328300.0,302405600.0,154685500.0,441.90671872669407,521.0,1320.0,3734113.0,1.4501309536507034
354,1470.0,706.0,572.0,1841650.0,880650.0,718400.0,531.816381802034,526.5,1320.0,15.710339943342776,1.4537706833600048,368623.0,239743.0,124269.0,464422600.0,303304900.0,155363300.0,442.1594195925069,532.0,1320.0,3745467.0,1.4574104130693062
355,1392.5,677.5,646.5,1739650.0,846200.0,812050.0,566.0843066196476,534.0,1320.0,15.698154981549816,1.4604124582692295,369733.0,240380.0,125025.0,465807600.0,304098000.0,156309600.0,442.80660310906535,536.0,1320.0,3755384.0,1.4634145034691528
356,1146.5,687.0,677.5,1427300.0,855350.0,845300.0,572.7682200328494,541.0,1320.0,15.571324599708879,1.463598702353769,370916.0,241117.0,125624.0,467277200.0,305015600.0,157053900.0,443.13130824526627,546.0,1320.0,3766862.0,1.4637829012383852
357,1412.5,757.5,638.0,1795450.0,977600.0,795750.0,538.7652388300355,534.0,1320.0,15.373597359735973,1.466237184737249,372558.0,241895.0,126301.0,469398500.0,306053200.0,157901100.0,443.5339889369863,522.0,1320.0,3778675.0,1.468691468236113
358,1453.5,721.0,704.5,1853750.0,933000.0,882850.0,569.7570127089731,528.5,1320.0,15.340499306518725,1.4727671100394324,373823.0,242559.0,127033.0,470984700.0,306881600.0,158819600.0,444.10808773028225,535.0,1320.0,3788983.0,1.476842751842752
359,1433.0,700.5,636.0,1808250.0,886350.0,796900.0,555.0102667393845,538.5,1320.0,15.521056388294076,1.4752511937876402,375424.0,243298.0,127573.0,473015000.0,307828400.0,159494900.0,444.3361013571721,542.0,1320.0,3800458.0,1.4736596357325287
360,1333.5,690.0,656.0,1679700.0,876950.0,819300.0,564.5127324229827,545.0,1320.0,15.334057971014493,1.4771996890793595,376490.0,243939.0,128345.0,474344100.0,308635500.0,160458200.0,444.97873837203207,548.0,1320.0,3810144.0,1.48073974242619
361,1193.0,702.5,680.5,1493750.0,885750.0,847450.0,567.7411885179962,551.0,1320.0,15.29964412811388,1.4792305854643097,377810.0,244703.0,128934.0,476002500.0,309599900.0,161189800.0,445.249657753051,554.0,1320.0,3821954.0,1.4777214285024296
362,1481.0,726.0,585.0,1905500.0,963300.0,731300.0,530.4309514351305,531.5,1320.0,15.568870523415978,1.4624790867139863,379452.0,245391.0,129515.0,478155100.0,310562100.0,161920800.0,445.5763700521102,509.0,1320.0,3832750.0,1.447236744925543
363,1453.5,677.0,677.0,1865300.0,897650.0,849350.0,576.0756997258391,515.0,1320.0,15.37149187592319,1.4517108174191709,380717.0,246057.0,130288.0,479733100.0,311395200.0,162888500.0,446.1910198587306,521.0,1320.0,3842767.0,1.456184889912799
364,1227.0,724.5,719.5,1532550.0,905500.0,903450.0,573.41969485035,529.0,1320.0,15.181504485852312,1.461386048452625,381906.0,246840.0,130954.0,481220200.0,312373100.0,163727700.0,446.5536527035468,537.0,1320.0,3854748.0,1.4665872069924513
365,1327.5,707.0,668.5,1657900.0,882500.0,835200.0,562.5334667730156,542.0,1320.0,15.195190947666195,1.4608493417676542,383372.0,247471.0,131625.0,483048900.0,313160200.0,164558900.0,447.03528640720623,547.0,1320.0,3864253.0,1.455111476542857
366,1365.5,671.5,604.0,1705300.0,834000.0,750950.0,551.1513204503473,551.0,1320.0,15.086373790022337,1.4612188794576675,384637.0,248183.0,132162.0,484630800.0,314041100.0,165229600.0,447.2551964346907,555.0,1320.0,3875009.0,1.467326282372478
367,1476.5,706.5,556.5,1865550.0,897200.0,694050.0,523.2544039487223,554.0,1320.0,15.066525123849965,1.4723957311886267,386325.0,248884.0,132738.0,486780000.0,314954600.0,165947000.0,447.53978953047977,553.0,1320.0,3885542.0,1.4774651800047756
368,1334.0,709.0,610.5,1685350.0,905450.0,763700.0,543.3485403673509,554.5,1320.0,15.281382228490832,1.4684228934581955,387305.0,249601.0,133383.0,488001500.0,315852000.0,166757000.0,447.9173398522716,556.0,1320.0,3896678.0,1.4593806069116155
369,1124.0,732.5,606.5,1405150.0,919300.0,757750.0,535.6870951034946,559.0,1320.0,15.390443686006826,1.4614966076863722,388573.0,250349.0,133951.0,489590300.0,316793200.0,167462500.0,448.15404527943963,562.0,1320.0,3908089.0,1.4636126084611287
370,1473.0,724.0,549.5,1853050.0,913200.0,687750.0,517.8236837151826,571.0,1320.0,15.44682320441989,1.4659731290550093,390251.0,251049.0,134482.0,491707600.0,317678400.0,168132500.0,448.379174199755,580.0,1320.0,3919045.0,1.46833364964889
371,1336.5,727.5,564.0,1694200.0,930850.0,707500.0,521.8753208571098,584.5,1320.0,15.516838487972509,1.4620736539688979,391246.0,251804.0,135086.0,492978700.0,318654900.0,168886400.0,448.6561982854634,589.0,1320.0,3930666.0,1.4558136582889059
372,1138.0,732.5,547.0,1472050.0,957900.0,681550.0,512.8867674777123,568.0,1320.0,15.21296928327645,1.4634325736959855,392527.0,252514.0,135576.0,494651700.0,319594200.0,169495600.0,448.8045263891907,547.0,1320.0,3941332.0,1.4710514891030653
373,1478.0,694.5,571.0,1883600.0,905700.0,708950.0,534.1418909766023,545.0,1320.0,15.272138228941685,1.4663179717563157,394202.0,253193.0,136228.0,496745900.0,320466300.0,170304300.0,449.211803371479,543.0,1320.0,3951879.0,1.4615844544095662
374,1327.5,686.0,666.0,1657250.0,868600.0,828900.0,568.467916725835,545.0,1320.0,15.223760932944606,1.4580727478110522,395182.0,253886.0,136908.0,497966200.0,321331400.0,171153400.0,449.63250687883635,547.0,1320.0,3962219.0,1.4545610412125383
375,1122.5,692.0,581.0,1403400.0,864350.0,730150.0,537.9095485619752,552.0,1320.0,15.290462427745664,1.457957903332832,396447.0,254577.0,137390.0,499552700.0,322195000.0,171764600.0,449.78793467655026,557.0,1320.0,3973041.0,1.461354765453126
376,1397.0,729.0,600.5,1748150.0,916150.0,753600.0,536.3230225691298,561.5,1320.0,15.715363511659808,1.4571005474256649,397976.0,255344.0,138109.0,501462500.0,323163700.0,172660600.0,450.2183712164327,566.0,1320.0,3985132.0,1.452846329398204
377,1327.5,747.0,639.0,1662200.0,934650.0,799750.0,542.3180073670751,570.0,1320.0,15.36813922356091,1.4616489397627301,399102.0,256071.0,138668.0,502877100.0,324064300.0,173364100.0,450.4377143068833,574.0,1320.0,3996001.0,1.4704515501272561
378,1201.5,709.5,512.0,1522100.0,894250.0,644500.0,504.9649717436106,574.0,1320.0,15.085271317829458,1.4616277117596825,400379.0,256763.0,139133.0,504506700.0,324952200.0,173949600.0,450.5562022253026,574.0,1320.0,4006538.0,1.452803873392109
379,1479.5,723.0,571.0,1877250.0,922700.0,716450.0,525.8057028789055,577.5,1320.0,15.396265560165975,1.467823278730557,402061.0,257517.0,139810.0,506631600.0,325909700.0,174797000.0,450.92862570838383,581.0,1320.0,4018264.0,1.4828426840690052
380,1331.0,705.0,624.0,1673700.0,895500.0,778950.0,550.1852596611106,583.5,1320.0,15.594326241134752,1.4710353816516126,403041.0,258173.0,140381.0,507854100.0,326743200.0,175507500.0,451.22063925181436,586.0,1320.0,4028526.0,1.4592280792342198
381,1124.5,689.0,497.5,1408450.0,872250.0,620250.0,506.6814221803252,591.5,1320.0,15.370827285921626,1.4557967686740256,404310.0,258897.0,140810.0,509448500.0,327656500.0,176044500.0,451.2649185410384,597.0,1320.0,4039478.0,1.4523654581138314
382,1474.0,749.5,480.5,1854950.0,949950.0,604350.0,483.52530546894815,601.0,1320.0,15.5657104736491,1.4569559787956827,405989.0,259672.0,141342.0,511564000.0,328643100.0,176716200.0,451.41881058472296,605.0,1320.0,4051859.0,1.461546499477534
383,1335.5,754.5,589.5,1700200.0,975800.0,738650.0,524.6715172171308,590.5,1320.0,15.811795891318754,1.4625276215629603,406981.0,260406.0,141989.0,512848900.0,329608100.0,177521800.0,451.75527487559015,576.0,1320.0,4063338.0,1.463508743648387
384,986.0,705.5,550.5,1259650.0,904850.0,691250.0,524.3705755115329,580.5,1320.0,15.670446491849752,1.4568888500897637,407961.0,261089.0,142443.0,514083300.0,330460200.0,178098700.0,451.869139360776,585.0,1320.0,4074096.0,1.4502689565311406
385,1122.5,712.0,443.0,1404300.0,887700.0,558250.0,476.95360507692266,589.5,1320.0,15.5063202247191,1.4468481850821846,409226.0,261830.0,142875.0,515657500.0,331383500.0,178638300.0,451.8991034489091,594.0,1320.0,4085419.0,1.4434274136332286
386,1470.0,703.5,454.0,1838000.0,873350.0,570650.0,483.28854310757663,599.5,1320.0,15.412935323383085,1.4477835470298808,410901.0,262496.0,143351.0,517759300.0,332206900.0,179240000.0,452.04835941087856,605.0,1320.0,4095782.0,1.452139680426533
387,1327.5,716.0,545.5,1659600.0,890500.0,681100.0,518.5416553341038,606.0,1320.0,15.510474860335195,1.448863650708928,411881.0,263262.0,143966.0,518976700.0,333164500.0,180000500.0,452.31199047633885,607.0,1320.0,4107630.0,1.4455876209913232
388,980.0,704.5,497.5,1224700.0,878900.0,619200.0,502.57162908042784,619.0,1320.0,15.3860894251242,1.444691407151879,412861.0,263905.0,144346.0,520208700.0,333964700.0,180478400.0,452.34586741523304,631.0,1320.0,4117461.0,1.4437951933124347
389,1130.0,692.0,458.5,1456750.0,904750.0,575800.0,488.1842768832521,605.0,1320.0,15.235549132947977,1.4473715765246,414141.0,264646.0,144883.0,521890200.0,334974000.0,181152100.0,452.51354428821145,579.0,1320.0,4128716.0,1.4509479597367652
390,1483.5,728.0,571.5,1910450.0,961350.0,717150.0,523.5987954915452,585.0,1320.0,15.417582417582418,1.4551536706897679,415828.0,265361.0,145489.0,524029600.0,335887400.0,181912700.0,452.7966070040607,591.0,1320.0,4139909.0,1.4593593816427708
391,1333.5,725.0,615.0,1680050.0,922700.0,769400.0,542.2772009999443,593.0,1320.0,15.686206896551724,1.4504159671677601,416808.0,266097.0,146114.0,525250300.0,336820900.0,182692200.0,453.09796559738385,595.0,1320.0,4151483.0,1.4414725526927492
392,984.5,711.5,511.0,1234350.0,907500.0,636700.0,506.3703238385896,598.5,1320.0,15.394237526352775,1.4437852951843366,417797.0,266784.0,146511.0,526498300.0,337702400.0,183186100.0,453.11354221416605,602.0,1320.0,4161815.0,1.446098037675924
393,1127.0,724.5,408.5,1414250.0,919300.0,510800.0,456.0131307681997,605.0,1320.0,15.232574189095928,1.442309399254609,419062.0,267546.0,146931.0,528078800.0,338659500.0,183713800.0,453.11390318686864,608.0,1320.0,4173555.0,1.438520760833294
394,1477.5,726.0,459.5,1881500.0,946450.0,574500.0,477.8469976390895,605.5,1320.0,15.016528925619834,1.4385864381695388,420752.0,268236.0,147430.0,530261300.0,339595300.0,184335100.0,453.2546242916334,603.0,1320.0,4183619.0,1.4386521155057839
395,1335.0,734.0,574.0,1703150.0,948350.0,716100.0,523.8160034332145,606.5,1320.0,15.428474114441418,1.4351985506705276,421732.0,269014.0,148079.0,531485100.0,340556200.0,185146000.0,453.5573455228579,610.0,1320.0,4196204.0,1.4317449858352713
396,980.0,766.5,515.0,1219000.0,949550.0,643350.0,494.82709611051877,614.0,1320.0,15.818003913894325,1.4412846902177998,422712.0,269769.0,148460.0,532699300.0,341494400.0,185621800.0,453.5093896122395,618.0,1320.0,4207868.0,1.4508243946003283
397,1122.5,708.0,404.0,1397500.0,882500.0,503600.0,461.20886697157687,622.5,1320.0,15.716101694915254,1.440739548907342,423977.0,270430.0,148887.0,534280100.0,342321200.0,186153200.0,453.5979281457948,627.0,1320.0,4218458.0,1.430654703214356
398,1470.0,682.0,433.0,1841400.0,852100.0,538350.0,483.1977631911673,630.0,1320.0,15.769794721407624,1.4380287416590956,425652.0,271133.0,149326.0,536382100.0,343198600.0,186698500.0,453.666848658379,633.0,1320.0,4229378.0,1.4454027801038354
399,1327.5,745.5,432.0,1662350.0,927050.0,536900.0,463.0678896627402,636.5,1320.0,15.422535211267606,1.4333913151329867,426632.0,271921.0,149751.0,537604800.0,344175300.0,187227000.0,453.65081702476226,640.0,1320.0,4241453.0,1.4213798501621382
400,990.5,744.5,480.0,1259750.0,952800.0,598650.0,482.65878046982704,633.5,1320.0,15.214909335124245,1.4247883618531747,427633.0,272622.0,150286.0,538901600.0,345104200.0,187895800.0,453.8347368066437,627.0,1320.0,4252033.0,1.4281968735442112
401,991.5,740.5,449.0,1268350.0,952700.0,561600.0,469.84026061105783,629.5,1320.0,15.161377447670493,1.4222768437310003,428615.0,273402.0,150649.0,540141500.0,346080700.0,188350200.0,453.7416426242584,632.0,1320.0,4263907.0,1.4163568139177893
402,1125.0,751.5,352.5,1419700.0,943900.0,444050.0,419.7611134175869,635.0,1320.0,15.081836327345309,1.417959965124314,429883.0,274125.0,150991.0,541741000.0,346992000.0,188783900.0,453.6577626150283,638.0,1320.0,4274701.0,1.4195631163308384
403,1369.0,733.5,380.5,1719650.0,929700.0,480100.0,440.3466142185947,641.0,1320.0,15.29038854805726,1.4295980160851394,431353.0,274869.0,151410.0,543580800.0,347940100.0,189310400.0,453.6716318489494,644.0,1320.0,4286338.0,1.4396329158394403
404,1328.5,728.0,420.0,1656200.0,916800.0,524900.0,462.6378329960949,646.0,1320.0,15.509615384615385,1.4387569821474506,432540.0,275581.0,151831.0,545053400.0,348825600.0,189833700.0,453.70600234997784,648.0,1320.0,4297283.0,1.437881048455461
405,1090.0,727.5,561.5,1373550.0,923950.0,700100.0,520.1690264866854,615.0,1320.0,15.300343642611685,1.433172634368995,433534.0,276324.0,152533.0,546329100.0,349788000.0,190710600.0,454.07136948498146,582.0,1320.0,4308600.0,1.4284642202825293
406,987.0,688.0,581.0,1248850.0,877100.0,725400.0,540.3085541664152,586.0,1320.0,15.438226744186046,1.4276548791049306,434514.0,276957.0,152993.0,547551100.0,350579800.0,191284500.0,454.2172182506879,590.0,1320.0,4318526.0,1.4268455379273322
407,1280.0,698.0,446.0,1602550.0,874100.0,555550.0,483.6241942447341,597.0,1320.0,15.531518624641834,1.4344570756371557,436094.0,277720.0,153425.0,549534200.0,351536200.0,191821700.0,454.22820039581285,604.0,1320.0,4330282.0,1.4420686133469791
408,1394.5,736.5,537.0,1750100.0,922850.0,671200.0,509.5637727823638,608.0,1320.0,15.508486082824168,1.4398651308387085,437303.0,278430.0,154067.0,551051300.0,352425500.0,192626900.0,454.5431573309414,612.0,1320.0,4341370.0,1.4376616483304379
409,1169.5,674.5,589.5,1469750.0,846300.0,739300.0,548.8007980735015,617.0,1320.0,15.729429206819866,1.43024910371381,438434.0,279069.0,154604.0,552474800.0,353228800.0,193300300.0,454.7794902545995,622.0,1320.0,4351501.0,1.4228365590971823
410,1055.5,673.0,480.5,1320650.0,843950.0,600300.0,505.4863060543523,624.5,1320.0,15.673105497771173,1.4283132585670777,439414.0,279776.0,155028.0,553692600.0,354113400.0,193827500.0,454.8134534738131,627.0,1320.0,4362466.0,1.4337899580369728
411,1049.0,744.5,466.5,1361100.0,979750.0,580500.0,475.50124295217523,596.0,1320.0,15.142377434519812,1.4308538018178685,440532.0,280558.0,155537.0,555197000.0,355188300.0,194461300.0,454.8945754654674,565.0,1320.0,4374048.0,1.4279176455987639
412,1444.0,768.5,590.0,1860350.0,1011150.0,736150.0,518.5784721755865,570.5,1320.0,15.214053350683148,1.428621387605829,442302.0,281313.0,156208.0,557413300.0,356135700.0,195299800.0,455.20943345148936,576.0,1320.0,4385850.0,1.4293251296128942
413,1418.0,693.0,621.0,1775900.0,874400.0,773850.0,554.5202097928168,580.0,1320.0,15.785714285714286,1.4223761889715372,443368.0,281944.0,156779.0,558748800.0,356937100.0,196009000.0,455.4913441942841,584.0,1320.0,4395927.0,1.4154272483301802
414,1023.0,683.0,502.0,1277150.0,863850.0,621250.0,512.8894334239716,589.0,1320.0,15.650805270863836,1.4221126268159865,444348.0,282679.0,157212.0,559967600.0,357863400.0,196542300.0,455.52019589021774,594.0,1320.0,4407229.0,1.4287980053017928
415,1432.5,729.5,442.5,1788200.0,916150.0,549100.0,473.12450036991345,604.0,1320.0,15.585332419465388,1.4326649402271219,446233.0,283403.0,157664.0,562325200.0,358769400.0,197107200.0,455.5850535810116,614.0,1320.0,4418666.0,1.4365318751524507
416,1477.5,691.0,581.5,1876200.0,894200.0,729900.0,540.8351107183495,601.5,1320.0,15.683791606367583,1.4234286154843923,447303.0,284061.0,158375.0,563720000.0,359651800.0,198002100.0,456.0109481306274,589.0,1320.0,4428904.0,1.410325355816334
417,1025.0,671.5,578.0,1310800.0,865000.0,723950.0,543.8573008914952,592.0,1320.0,15.461653015636635,1.4099885243155543,448283.0,284746.0,158821.0,564946800.0,360499400.0,198556500.0,456.0835932852172,595.0,1320.0,4439431.0,1.4096516928147744
418,980.0,738.0,429.5,1225350.0,916850.0,535600.0,463.64483932956057,600.0,1320.0,15.370596205962059,1.4179125892573727,449263.0,285537.0,159234.0,566170700.0,361485500.0,199073300.0,456.05102523985784,605.0,1320.0,4451591.0,1.426173485699971
419,1470.0,772.0,437.5,1828650.0,960150.0,546850.0,460.06303883199945,614.0,1320.0,15.599093264248705,1.4297735768403832,451223.0,286290.0,159696.0,568604100.0,362419700.0,199650200.0,456.10517754745337,623.0,1320.0,4463516.0,1.4333736679807954
420,1470.0,743.5,568.5,1832800.0,930650.0,713400.0,520.6007547863161,627.5,1320.0,15.722932078009414,1.4283324044348507,452203.0,287024.0,160371.0,569836300.0,363346800.0,200500100.0,456.42961349035244,632.0,1320.0,4474971.0,1.4232911408889062
421,984.5,712.5,524.0,1239850.0,902850.0,656250.0,510.4865522211462,636.0,1320.0,15.305263157894737,1.4339434101263988,453192.0,287715.0,160744.0,571083800.0,364225400.0,200962700.0,456.4050603451404,640.0,1320.0,4485326.0,1.4445956793638912
422,991.5,740.0,395.0,1260200.0,944950.0,492400.0,443.587492925329,630.0,1320.0,14.946621621621622,1.4479312482909397,454186.0,288504.0,161161.0,572356700.0,365236700.0,201484900.0,456.3647838645584,620.0,1320.0,4497092.0,1.4512668172179881
423,1481.0,769.5,386.5,1874200.0,972300.0,481900.0,433.5868397965978,627.5,1320.0,15.176088369070825,1.4600709771210756,456154.0,289254.0,161517.0,574832200.0,366170000.0,201926500.0,456.28802591766436,635.0,1320.0,4508682.0,1.468875137024163
424,1474.0,724.5,470.0,1848200.0,909500.0,585750.0,486.30215145013716,637.0,1320.0,15.587301587301587,1.4554361673882013,457134.0,289953.0,162101.0,576053100.0,367055700.0,202656400.0,456.52299587277435,639.0,1320.0,4519678.0,1.4419971977522394
425,980.0,661.5,539.5,1218000.0,833050.0,669700.0,533.3391245608954,642.5,1320.0,15.63416477702192,1.443897849063497,458114.0,290577.0,162596.0,577268200.0,367836100.0,203265900.0,456.6964278721955,646.0,1320.0,4529366.0,1.4457985003747544
426,980.0,710.5,421.0,1217950.0,890700.0,522950.0,468.8837789584385,647.5,1320.0,15.69106263194933,1.4529862735318497,459094.0,291374.0,162943.0,578489000.0,368837100.0,203702300.0,456.58456621269653,649.0,1320.0,4541975.0,1.4601740466889448
427,987.0,755.5,389.5,1258050.0,977550.0,486600.0,441.68919192655846,627.0,1320.0,15.617471872931834,1.452053974369015,460088.0,292088.0,163375.0,579784300.0,369791200.0,204239100.0,456.62097372923347,605.0,1320.0,4552964.0,1.4439339020490853
428,1477.0,751.5,404.5,1874250.0,970050.0,502700.0,447.45576392533366,609.5,1320.0,15.234863606121092,1.4417256419486977,462048.0,292877.0,163752.0,582237500.0,370777200.0,204707700.0,456.53834533997815,614.0,1320.0,4564873.0,1.43951738184831
429,1470.0,776.0,562.0,1836450.0,963700.0,698850.0,507.2800422908902,617.5,1320.0,15.327963917525773,1.4474169801067445,463028.0,293646.0,164499.0,583457200.0,371726200.0,205636800.0,456.91258935774493,621.0,1320.0,4576820.0,1.455316578365179
430,980.0,701.0,567.0,1222300.0,869450.0,706100.0,530.6552996618152,622.5,1320.0,15.435805991440798,1.4462687154883054,464008.0,294279.0,164890.0,584682100.0,372516100.0,206125000.0,456.9524204251401,624.0,1320.0,4586514.0,1.437220852611432
431,981.5,744.0,383.0,1233000.0,930050.0,478400.0,441.37377377372417,629.0,1320.0,15.612231182795698,1.4397906569503465,464991.0,295134.0,165277.0,585923200.0,373586300.0,206608400.0,456.85064591721226,634.0,1320.0,4600051.0,1.4423604612892609
432,988.5,810.0,355.5,1278300.0,1026700.0,440750.0,411.1871199103177,637.5,1320.0,15.561111111111112,1.4391412373442516,465985.0,295899.0,165601.0,587238700.0,374569500.0,207006500.0,456.72126351181333,641.0,1320.0,4611723.0,1.4359220133992423
433,1480.0,723.0,393.5,1892050.0,949350.0,488100.0,449.6077284067178,635.5,1320.0,15.401106500691563,1.4384590074945294,467951.0,296580.0,166064.0,589707300.0,375485000.0,207584600.0,456.81568721289284,630.0,1320.0,4622321.0,1.4409960015898167
434,1477.0,714.0,562.5,1854000.0,932150.0,699900.0,526.0519653529701,634.0,1320.0,15.645658263305322,1.443147555921099,468939.0,297327.0,166726.0,590946700.0,376433800.0,208406300.0,457.1026882236461,638.0,1320.0,4634065.0,1.4452991102523811
435,984.0,747.5,513.0,1231200.0,947050.0,634550.0,497.5337536756783,638.5,1320.0,15.57257525083612,1.4352941890288562,469919.0,298075.0,167090.0,592169700.0,377379100.0,208853700.0,457.03636212513385,639.0,1320.0,4645602.0,1.4252892678053313
436,980.0,752.0,365.0,1224850.0,947600.0,453100.0,429.1809678681058,642.5,1320.0,15.404255319148936,1.4229972819573518,470899.0,298831.0,167456.0,593396400.0,378329000.0,209312500.0,456.9689141247014,646.0,1320.0,4657233.0,1.4207052961093722
437,1328.5,777.0,362.0,1658400.0,973900.0,452900.0,422.4784930032547,649.5,1320.0,15.40926640926641,1.4274176500621902,472576.0,299629.0,167814.0,595486500.0,379326900.0,209759500.0,456.86795052016856,653.0,1320.0,4669548.0,1.4341300040150082
438,1477.0,714.5,382.5,1863500.0,898950.0,480900.0,447.31430395585477,659.5,1320.0,15.304408677396781,1.436448773441814,473853.0,300260.0,168221.0,597123400.0,380126900.0,210274300.0,456.9236994527924,666.0,1320.0,4679103.0,1.43876754286862
439,1128.5,686.0,519.0,1428000.0,877400.0,649900.0,514.8521654578524,657.5,1320.0,15.088192419825074,1.437150024708552,474833.0,301001.0,168852.0,598342500.0,381081700.0,211059300.0,457.16536685676664,649.0,1320.0,4690249.0,1.4355325065484839
440,980.0,658.5,479.0,1220350.0,837250.0,595600.0,507.948934465427,652.0,1320.0,15.284738041002278,1.4340445449389785,475813.0,301577.0,169179.0,599564100.0,381801400.0,211465500.0,457.170286664966,655.0,1320.0,4699233.0,1.4325565833294729
441,981.0,644.0,325.5,1223650.0,804350.0,403700.0,436.1985118908814,660.0,1320.0,15.40527950310559,1.4369749998157553,476795.0,302289.0,169503.0,600789800.0,382690400.0,211866700.0,457.07919597684764,665.0,1320.0,4710091.0,1.4413934163020379
442,984.5,742.0,325.0,1237400.0,933300.0,403200.0,407.05237530062783,668.5,1320.0,14.981805929919137,1.439021350690386,477782.0,303061.0,169829.0,602038900.0,383668000.0,212271900.0,456.9441207006793,672.0,1320.0,4721466.0,1.4366492850787342
443,1042.0,750.5,328.0,1329950.0,950350.0,406650.0,407.5127802461126,672.5,1320.0,15.117255163224517,1.4348717777414417,478879.0,303790.0,170159.0,603449700.0,384591100.0,212680000.0,456.85361314255283,673.0,1320.0,4732782.0,1.4330942704041492
444,1155.5,734.0,413.5,1477450.0,940400.0,512450.0,457.692898104536,659.5,1320.0,15.500681198910081,1.4352813209963995,480093.0,304529.0,170656.0,604993800.0,385548800.0,213296800.0,456.9477370693393,646.0,1320.0,4744221.0,1.4374683715886498
445,1422.5,739.0,491.0,1795900.0,953700.0,613600.0,490.0014921772488,650.5,1320.0,15.401217861975642,1.4478251096283643,481724.0,305268.0,171141.0,607041500.0,386498500.0,213907200.0,457.02477653876315,655.0,1320.0,4755545.0,1.4581818476680788
446,1305.5,736.0,448.0,1635750.0,931750.0,563950.0,470.6923330275282,660.5,1320.0,15.131114130434783,1.4498871490949212,482704.0,306001.0,171552.0,608265300.0,387412300.0,214424700.0,457.0158911867445,666.0,1320.0,4766494.0,1.4415924505217634
447,980.0,678.0,413.5,1223100.0,847300.0,521550.0,472.34590524070234,668.5,1320.0,15.34660766961652,1.4471547012808266,483684.0,306624.0,171968.0,609487700.0,388193100.0,214950300.0,457.09466074902224,671.0,1320.0,4776355.0,1.45271695203989
448,980.0,699.5,366.5,1225750.0,871700.0,462600.0,444.4206883877037,674.5,1320.0,15.694781987133666,1.4443036636846251,484664.0,307400.0,172286.0,610716800.0,389155700.0,215351300.0,456.96104074654284,678.0,1320.0,4788451.0,1.4358903753293606
449,985.5,754.0,379.0,1249650.0,955300.0,474900.0,434.1073923310734,658.0,1320.0,15.277188328912468,1.433192802252282,485655.0,308132.0,172726.0,611987000.0,390103700.0,215900100.0,456.98633531774135,638.0,1320.0,4799393.0,1.4304952291752033
450,1151.0,793.5,437.5,1449150.0,1008250.0,544250.0,453.6970461534278,644.5,1320.0,15.549464398235665,1.4277092613263884,486966.0,308987.0,173161.0,613615100.0,391172200.0,216439800.0,456.94437375904386,651.0,1320.0,4813128.0,1.4249232934775735
451,1471.0,735.5,416.0,1840800.0,917900.0,521200.0,460.034245631681,656.5,1320.0,15.80217539089055,1.4237266722677062,488597.0,309603.0,173558.0,615668600.0,391939500.0,216942500.0,457.0008632648503,662.0,1320.0,4822638.0,1.4225300510578387
452,1310.5,689.0,453.0,1658450.0,868550.0,569900.0,487.75852893003855,666.5,1320.0,15.386066763425253,1.4305204320728389,489587.0,310365.0,174067.0,616932000.0,392909300.0,217579600.0,457.08965633825204,671.0,1320.0,4834330.0,1.4385108130878392
453,985.5,751.5,473.0,1242600.0,958100.0,592400.0,478.7803786719362,673.5,1320.0,15.288755821689954,1.4346575544403977,490568.0,311106.0,174504.0,618153800.0,393855700.0,218127300.0,457.1107004453696,676.0,1320.0,4845617.0,1.4308042957929559
454,988.5,716.5,414.5,1263750.0,934550.0,519550.0,461.61273158259115,663.5,1320.0,15.163293789253315,1.4295413053486175,491564.0,311798.0,174896.0,619459500.0,394778400.0,218618700.0,457.1106781634691,651.0,1320.0,4856059.0,1.4282783149042788
455,1156.5,725.5,389.0,1481700.0,940550.0,485000.0,448.8623620745406,657.0,1320.0,15.67539627842867,1.4286721193218397,492881.0,312557.0,175282.0,621117200.0,395736800.0,219097300.0,457.07301271185713,663.0,1320.0,4868362.0,1.4290659237394003
456,1148.5,696.5,383.0,1442100.0,873350.0,474150.0,454.66136925578786,667.5,1320.0,15.980617372577171,1.4283710694711131,493861.0,313191.0,175662.0,622343700.0,396525100.0,219567000.0,457.09986088724844,672.0,1320.0,4878320.0,1.4276762152028257
457,1304.5,677.5,393.5,1625100.0,844800.0,485600.0,465.6977240863279,675.5,1320.0,15.907011070110702,1.4332765972458392,495490.0,313912.0,176069.0,624367400.0,397426400.0,220068500.0,457.1107164835614,679.0,1320.0,4889916.0,1.4388769792888527
458,1304.5,716.5,401.5,1620400.0,893100.0,496550.0,458.5563040935235,684.0,1320.0,15.758548499651083,1.437330076849224,496470.0,314624.0,176465.0,625584500.0,398311300.0,220560100.0,457.10649228605627,689.0,1320.0,4900902.0,1.4357831744095957
459,987.5,729.5,537.5,1260650.0,935200.0,670500.0,510.3613019772613,643.5,1320.0,15.308430431802604,1.4422190551894518,497465.0,315371.0,177144.0,626888700.0,399296800.0,221409500.0,457.38469186226274,598.0,1320.0,4912251.0,1.448654935969308
460,987.5,730.5,570.0,1261900.0,941600.0,712350.0,523.3662652226296,603.0,1320.0,15.46611909650924,1.4382658900701897,498445.0,316085.0,177605.0,628108300.0,400194500.0,221984800.0,457.4555811260338,608.0,1320.0,4923498.0,1.4278768441710714
461,1055.0,682.0,431.0,1318300.0,850950.0,537800.0,481.7855040422565,613.5,1320.0,15.792521994134898,1.4326487814935696,499575.0,316735.0,178009.0,629525300.0,400998700.0,222489000.0,457.49776256920984,619.0,1320.0,4933792.0,1.4374207188160677
462,1190.5,710.5,460.5,1488950.0,885550.0,576100.0,486.49290387160033,626.0,1320.0,15.75228712174525,1.437154284690524,500826.0,317506.0,178526.0,631086200.0,401965600.0,223137000.0,457.5926799621379,633.0,1320.0,4945882.0,1.4368878505649805
463,1402.0,711.0,439.5,1765550.0,904300.0,552800.0,475.6858791802449,638.5,1320.0,15.30590717299578,1.437236397020191,502379.0,318157.0,178888.0,633056400.0,402807300.0,223594600.0,457.58196189989854,644.0,1320.0,4955557.0,1.4375849434754016
464,1273.5,698.0,539.5,1640900.0,918450.0,678050.0,519.6434875802884,605.0,1320.0,15.0945558739255,1.4302096207615407,503373.0,318902.0,179605.0,634368000.0,403802500.0,224493100.0,457.9007513610454,566.0,1320.0,4966954.0,1.4228342980476798
465,991.5,731.5,591.0,1285650.0,959400.0,738600.0,530.9152522969259,570.5,1320.0,15.54477101845523,1.4328078511318627,504362.0,319620.0,180071.0,635627700.0,404726100.0,225073100.0,457.9712184026926,575.0,1320.0,4978299.0,1.4427814042160456
466,1195.5,694.0,454.0,1506900.0,883450.0,567000.0,487.6183117693647,582.0,1320.0,15.485590778097983,1.4415708017774405,505764.0,320290.0,180516.0,637381800.0,405569400.0,225630600.0,458.04023614446066,589.0,1320.0,4988448.0,1.440360199338835
467,1472.0,702.5,505.0,1839550.0,880450.0,632200.0,507.58872190903907,592.0,1320.0,15.60711743772242,1.445306925724702,507306.0,321025.0,181081.0,639306800.0,406487000.0,226337500.0,458.2098657619517,595.0,1320.0,5000227.0,1.450253652110569
468,1261.0,722.0,555.5,1573750.0,900200.0,690200.0,523.3449543621022,599.5,1320.0,15.95152354570637,1.4363175929622005,508286.0,321734.0,181627.0,640529300.0,407369800.0,227011000.0,458.371715053328,604.0,1320.0,5011482.0,1.422381533813832
469,980.0,692.5,512.0,1225950.0,863750.0,635100.0,512.8894949337254,607.0,1320.0,15.579061371841155,1.4394656238263286,509266.0,322410.0,182105.0,641758700.0,408214500.0,227607700.0,458.47095458324543,610.0,1320.0,5021804.0,1.4565497138388255
470,1197.5,731.5,505.5,1530100.0,952900.0,631050.0,497.5717512544554,595.0,1320.0,15.309637730690362,1.440981473374788,510681.0,323205.0,182638.0,643589500.0,409284300.0,228273100.0,458.5574538891404,580.0,1320.0,5033946.0,1.4254132329107507
471,1478.5,725.5,515.5,1876300.0,944000.0,644900.0,505.51568270667144,586.0,1320.0,15.671261199172983,1.421230099370505,512223.0,323862.0,183136.0,645511300.0,410103900.0,228897500.0,458.7007568541987,592.0,1320.0,5044559.0,1.4170469658302591
472,1261.5,684.5,551.5,1574900.0,853250.0,689400.0,532.7337672757168,597.0,1320.0,15.905770635500366,1.4216001993270408,513204.0,324574.0,183741.0,646739300.0,410990800.0,229651900.0,458.9181826630139,602.0,1320.0,5055721.0,1.4261534328238226
473,986.0,717.5,510.0,1243500.0,902150.0,638850.0,504.28226931761674,604.0,1320.0,15.487108013937283,1.432610947612809,514195.0,325297.0,184156.0,647998300.0,411908200.0,230175200.0,458.9204093306733,606.0,1320.0,5066783.0,1.4390684624017958
474,1196.5,709.0,405.0,1507150.0,894100.0,508250.0,460.1353479651357,611.0,1320.0,15.483779971791256,1.4335962024731117,515597.0,325992.0,184551.0,649753600.0,412779000.0,230668400.0,458.92349434938,616.0,1320.0,5077677.0,1.4281239425444279
475,1484.5,723.0,480.5,1894050.0,940950.0,598850.0,488.9126174612227,608.5,1320.0,15.192254495159059,1.442237262225031,517164.0,326743.0,185117.0,651786400.0,413790100.0,231372900.0,459.0614464208342,601.0,1320.0,5088751.0,1.4563505819056342
476,1273.5,726.0,545.5,1633550.0,942250.0,683300.0,513.3049972062423,603.0,1320.0,15.016528925619834,1.43803395963279,518144.0,327444.0,185642.0,653020700.0,414663500.0,232035000.0,459.19302452904833,605.0,1320.0,5099481.0,1.4197173373599457
477,980.0,677.5,512.5,1228950.0,846050.0,644400.0,514.7275733756843,606.5,1320.0,15.06420664206642,1.4294301676604224,519124.0,328098.0,186142.0,654244300.0,415482200.0,232661700.0,459.3190797868752,608.0,1320.0,5109163.0,1.4391429979608994
478,980.0,669.0,451.5,1224150.0,839000.0,564150.0,492.8005035887632,611.0,1320.0,15.371449925261585,1.4456793171243127,520104.0,328782.0,186545.0,655469000.0,416341500.0,233163300.0,459.33917320857176,614.0,1320.0,5120048.0,1.452215636287726
479,1309.0,725.5,389.5,1634550.0,906550.0,485450.0,448.06148272703985,618.5,1320.0,15.47829083390765,1.4507654689312663,521742.0,329549.0,186921.0,657513400.0,417295300.0,233632600.0,459.27047204306905,623.0,1320.0,5131622.0,1.4493153015748064
480,1398.0,750.0,516.0,1768800.0,962850.0,641800.0,495.8224664121484,613.5,1320.0,15.142,1.4349340224756275,522900.0,330282.0,187577.0,659006600.0,418267200.0,234446900.0,459.5175532278263,604.0,1320.0,5142761.0,1.4205527433764487
481,1148.0,724.5,582.0,1455400.0,932050.0,724050.0,530.0513197034038,606.0,1320.0,15.538992408557625,1.4376596856810369,524038.0,330998.0,188085.0,660424200.0,419159400.0,235080700.0,459.62677412758393,608.0,1320.0,5154138.0,1.4547666279856253
482,1059.0,730.0,476.0,1323050.0,913100.0,596250.0,489.84906176891,609.5,1320.0,16.02260273972603,1.4532981234765487,525018.0,331742.0,188529.0,661652700.0,420093400.0,235639400.0,459.6581714798551,611.0,1320.0,5166154.0,1.4518296189674724
483,1312.0,739.5,417.5,1651300.0,930700.0,523750.0,458.9545933556045,615.5,1320.0,15.606490872210953,1.4477422637418758,526662.0,332477.0,188920.0,663726800.0,421020800.0,236128200.0,459.62379093760353,620.0,1320.0,5177220.0,1.443654908516279
484,1312.5,734.5,492.0,1651800.0,924500.0,616200.0,491.09558345395106,621.5,1320.0,15.311095983662355,1.4403499570889617,527643.0,333211.0,189513.0,664956300.0,421942400.0,236871800.0,459.80569860998975,623.0,1320.0,5188646.0,1.4370450056616442
485,1141.5,700.0,518.5,1432650.0,875450.0,651700.0,511.36681642090525,625.0,1320.0,15.245714285714286,1.4385684635152525,528945.0,333877.0,189957.0,666592100.0,422771700.0,237431600.0,459.8645117634806,627.0,1320.0,5198564.0,1.4400919213688608
486,1149.0,730.5,473.5,1467250.0,938950.0,594250.0,484.5172046073084,613.0,1320.0,15.392881587953456,1.4530839571866334,529941.0,334672.0,190460.0,667890800.0,423820300.0,238060300.0,459.91901356021395,599.0,1320.0,5211135.0,1.4660759930044058
487,1070.5,780.0,441.5,1363950.0,1004800.0,550600.0,458.8745867218243,601.0,1320.0,15.535897435897436,1.4681029091626026,531086.0,335437.0,190840.0,669320000.0,424781300.0,238532800.0,459.85991648974317,603.0,1320.0,5222800.0,1.4701298253207993
488,1309.5,737.5,458.0,1632100.0,923200.0,570350.0,477.03904057012073,607.0,1320.0,15.421694915254237,1.454772252574107,532560.0,336147.0,191376.0,671155000.0,425666700.0,239201000.0,459.99661014762495,611.0,1320.0,5233882.0,1.4394146798274146
489,1388.0,654.0,530.0,1732550.0,816400.0,662200.0,533.2687505342824,613.0,1320.0,15.808103975535168,1.4379547634502512,533862.0,336745.0,191900.0,672785100.0,426414100.0,239857200.0,460.18874229726515,615.0,1320.0,5243477.0,1.4364948470730878
490,1141.0,689.5,514.0,1429200.0,864550.0,640850.0,515.3013325515437,617.0,1320.0,15.730239303843364,1.4396498704911735,534842.0,337526.0,192404.0,674013400.0,427395800.0,240482700.0,460.247810243536,619.0,1320.0,5255574.0,1.4428048939092593
491,980.0,761.5,439.0,1228700.0,955450.0,546900.0,463.0677716448218,620.0,1320.0,15.653315824031516,1.4325993426604322,535822.0,338268.0,192778.0,675242500.0,428325000.0,240951000.0,460.20175915355145,621.0,1320.0,5267317.0,1.4223937914116054
492,1326.0,717.5,420.0,1693950.0,936450.0,525850.0,466.4155447944034,608.5,1320.0,15.740766550522649,1.4366533525292327,537494.0,338961.0,193244.0,677401300.0,429268700.0,241534400.0,460.27417526472794,596.0,1320.0,5278162.0,1.4509129136468601
493,1478.0,711.0,550.5,1878150.0,927250.0,686000.0,523.224400530598,599.5,1320.0,15.758087201125177,1.4482006246389627,538778.0,339691.0,193879.0,678998800.0,430180800.0,242323000.0,460.4994062754855,603.0,1320.0,5289751.0,1.4454883356310655
494,1140.5,708.0,544.5,1444700.0,907550.0,677700.0,522.6793749568825,605.0,1320.0,15.817090395480227,1.4475539944772113,539775.0,340377.0,194333.0,680290700.0,431083800.0,242889800.0,460.5665300462535,607.0,1320.0,5300559.0,1.449619653323357
495,989.0,725.5,448.0,1259350.0,933650.0,559200.0,478.6979394811481,610.0,1320.0,15.88697450034459,1.4403187490787728,540756.0,341142.0,194775.0,681517500.0,432048100.0,243441400.0,460.57910510465905,613.0,1320.0,5312803.0,1.4310178448341884
496,1260.5,735.5,399.5,1582950.0,920200.0,499750.0,454.72659247050495,620.5,1320.0,16.171312032630862,1.4350788762238307,542296.0,341848.0,195132.0,683456600.0,432924200.0,243889300.0,460.5418426122762,628.0,1320.0,5324347.0,1.439139907613473
497,1369.0,720.5,431.5,1744650.0,911750.0,542100.0,470.55553379110916,630.5,1320.0,15.717557251908397,1.4430207634253889,543494.0,342583.0,195638.0,685006800.0,433871600.0,244525600.0,460.6218118955375,633.0,1320.0,5335452.0,1.4469016192373045
498,1201.0,714.0,564.0,1525400.0,922000.0,702000.0,525.7168678305493,617.5,1320.0,15.484593837535014,1.443653471562102,544698.0,343276.0,196260.0,686507400.0,434768200.0,245293300.0,460.85060303689613,602.0,1320.0,5346459.0,1.4404053238868997
499,1092.0,726.5,532.0,1362250.0,919150.0,661900.0,511.9972108998088,605.0,1320.0,15.85203028217481,1.4339537176752322,545678.0,344036.0,196702.0,687731300.0,435709900.0,245849400.0,460.8609515145274,608.0,1320.0,5358485.0,1.4275021114635646
500,980.0,745.5,420.5,1225150.0,930550.0,529000.0,461.83887153170457,610.5,1320.0,16.154258886653253,1.4306684653896622,546658.0,344767.0,197101.0,688957700.0,436629300.0,246351300.0,460.85485617996744,613.0,1320.0,5370545.0,1.4338348193157597
501,1358.0,722.5,403.0,1700700.0,905450.0,505700.0,458.74581970569204,617.0,1320.0,16.060899653979238,1.4268614166162386,548394.0,345481.0,197508.0,691132700.0,437520800.0,246860800.0,460.8521830833045,621.0,1320.0,5381693.0,1.4198880139167174
502,1358.0,730.0,466.0,1704150.0,911900.0,588050.0,482.5772674270463,623.0,1320.0,15.577397260273973,1.4268061770463352,549374.0,346227.0,198033.0,692366000.0,438453100.0,247527400.0,460.95032527140074,625.0,1320.0,5393288.0,1.433724340175953
503,1092.0,735.5,496.5,1366400.0,916950.0,625100.0,494.9733072134765,627.5,1320.0,15.651937457511897,1.434201064256139,550578.0,346952.0,198501.0,693865500.0,439354700.0,248111000.0,461.00632001143055,630.0,1320.0,5404717.0,1.4346777883363249
504,1092.0,717.0,436.5,1360250.0,897700.0,541000.0,473.3408987350787,632.0,1320.0,15.486750348675034,1.4324172302808535,551558.0,347661.0,198906.0,695086500.0,440248500.0,248609400.0,461.00262453751304,634.0,1320.0,5415496.0,1.430156672225382
505,980.0,761.0,382.5,1222300.0,952500.0,473950.0,436.94656074702476,636.5,1320.0,15.69250985545335,1.4297517744462855,552538.0,348474.0,199266.0,696310100.0,441259700.0,249058900.0,460.90586236831933,639.0,1320.0,5428601.0,1.429346876667189
506,1358.0,750.0,397.0,1704750.0,934300.0,498700.0,448.41161855147055,644.0,1320.0,15.890666666666666,1.422806920393457,554274.0,349161.0,199700.0,698496000.0,442117100.0,249606800.0,460.949999614751,649.0,1320.0,5439332.0,1.416266964119725
507,1358.0,698.5,484.0,1708200.0,874200.0,608050.0,500.5599614374883,651.5,1320.0,15.697924123120973,1.4345114783042014,555254.0,349871.0,200234.0,699726500.0,443008100.0,250275000.0,461.07634244812004,654.0,1320.0,5450531.0,1.452755992488678
508,1092.0,696.5,464.5,1371700.0,872700.0,584000.0,493.1238056838372,659.5,1320.0,15.904522613065327,1.4421658550763203,556458.0,350554.0,200629.0,701239400.0,443862500.0,250774800.0,461.085540039061,665.0,1320.0,5461487.0,1.4315757176639627
509,1092.0,660.0,389.0,1369200.0,827500.0,489900.0,468.096564652291,667.5,1320.0,15.765151515151516,1.4356684352742182,557438.0,351191.0,201012.0,702464900.0,444663100.0,251254800.0,461.10301457084336,670.0,1320.0,5471341.0,1.4397611528844734
510,980.0,675.0,357.5,1224400.0,847750.0,448050.0,447.05197710934556,671.5,1320.0,15.694074074074074,1.443293406395632,558418.0,351904.0,201344.0,703688200.0,445558000.0,251670900.0,461.03315971875253,673.0,1320.0,5482674.0,1.4468256599067904
511,980.0,695.5,321.5,1224500.0,871400.0,403100.0,421.8088080733452,677.0,1320.0,15.668583752695902,1.4377120723776375,559398.0,352582.0,201655.0,704913900.0,446405900.0,252061000.0,460.95880836300176,681.0,1320.0,5493136.0,1.4285984848484847
512,980.0,718.5,312.5,1224300.0,899250.0,392300.0,408.9116520249261,682.5,1320.0,15.270006958942242,1.437547169360694,560378.0,353341.0,201969.0,706136800.0,447356500.0,252455500.0,460.8396199862341,684.0,1320.0,5504617.0,1.4464958538729034
513,1376.0,741.5,319.0,1721650.0,927350.0,398800.0,408.00404829518646,688.5,1320.0,15.49291975724882,1.4374938879782726,562150.0,354065.0,202293.0,708357200.0,448260600.0,252858600.0,460.7569292741701,693.0,1320.0,5516112.0,1.428491922083642
514,1376.0,731.5,351.0,1719800.0,913950.0,436900.0,429.99652338757124,695.0,1320.0,15.850991114149009,1.4320885777830035,563130.0,354804.0,202671.0,709576400.0,449184400.0,253329300.0,460.7198382845684,697.0,1320.0,5527807.0,1.4356852334823649
515,1074.0,736.5,429.0,1333950.0,919250.0,535850.0,466.24403434015,698.0,1320.0,15.752206381534284,1.4383586089530613,564298.0,355538.0,203151.0,711025100.0,450099100.0,253930300.0,460.77982294472537,699.0,1320.0,5539315.0,1.441031984423758
516,1074.0,719.0,394.0,1339950.0,897350.0,495050.0,454.2515425913132,699.5,1320.0,15.788595271210013,1.439816300582682,565278.0,356246.0,203459.0,712256300.0,450983800.0,254319400.0,460.69165215390694,700.0,1320.0,5550550.0,1.438600616741606
517,980.0,731.0,304.0,1223300.0,913400.0,380150.0,402.9680324255069,701.5,1320.0,15.754445964432284,1.438382424023691,566258.0,357000.0,203759.0,713471700.0,451925900.0,254690600.0,460.5664150344195,703.0,1320.0,5562348.0,1.4381642313057759
518,980.0,747.0,312.0,1219950.0,933550.0,387500.0,404.44342075412266,704.0,1320.0,15.882195448460509,1.4371156739192474,567238.0,357740.0,204083.0,714696200.0,452850900.0,255094400.0,460.4796036010624,705.0,1320.0,5574278.0,1.436067116532719
519,980.0,723.5,312.5,1229400.0,901050.0,391150.0,411.66864930542727,706.0,1320.0,16.056668970283344,1.42898695131327,568218.0,358448.0,204384.0,715930500.0,453729100.0,255472900.0,460.3859288602601,707.0,1320.0,5585600.0,1.4219067860938213
520,980.0,736.0,311.0,1226600.0,914200.0,388700.0,405.94980832230624,708.0,1320.0,15.858695652173912,1.42012970616889,569198.0,359214.0,204705.0,717149400.0,454682000.0,255871800.0,460.2756497637573,709.0,1320.0,5597635.0,1.4183526262439587
521,980.0,760.5,302.5,1222300.0,946400.0,377650.0,396.00707907137405,712.0,1320.0,15.980276134122288,1.41660969128284,570178.0,359969.0,204989.0,718375100.0,455621900.0,256228200.0,460.1436640642029,715.0,1320.0,5609906.0,1.4148667563217217
522,1235.0,738.5,285.5,1547100.0,918300.0,359350.0,393.11689481513133,717.0,1320.0,16.136763710223427,1.4196905907794464,571668.0,360691.0,205276.0,720243600.0,456518600.0,256590500.0,460.03263006449106,719.0,1320.0,5621469.0,1.4245144252371709
523,1376.0,731.5,305.5,1722400.0,914300.0,382600.0,406.5249932972144,721.0,1320.0,16.09911141490089,1.420325476756393,572930.0,361432.0,205600.0,721819900.0,457450500.0,256993400.0,459.9475461675571,723.0,1320.0,5633459.0,1.4161365282756155
524,1121.0,768.0,349.0,1400650.0,967200.0,434950.0,419.757812505896,724.0,1320.0,15.8984375,1.4255021391633058,573910.0,362227.0,205974.0,723044900.0,458453000.0,257460400.0,459.87428127167755,725.0,1320.0,5645889.0,1.434867750050996
525,980.0,780.0,353.0,1224800.0,981100.0,442400.0,418.14894407656124,726.5,1320.0,15.65128205128205,1.434040916254117,574890.0,362992.0,206306.0,724269500.0,459412700.0,257878200.0,459.7811734904393,728.0,1320.0,5657875.0,1.4332140824572381
526,1074.0,727.5,321.0,1337750.0,909850.0,399850.0,413.62044294586696,731.5,1320.0,15.66254295532646,1.4417661742212893,576058.0,363682.0,206616.0,725720400.0,460272700.0,258260100.0,459.7042047520876,735.0,1320.0,5668678.0,1.4503182659853406
527,1074.0,714.0,296.0,1333800.0,891000.0,366700.0,400.64225421538424,738.0,1320.0,15.53921568627451,1.4472510606728335,577038.0,364420.0,206898.0,726937100.0,461194700.0,258611600.0,459.57207695062175,741.0,1320.0,5680065.0,1.4441838553603261
528,980.0,734.0,280.0,1215850.0,915600.0,345550.0,386.5866026205031,744.5,1320.0,15.59400544959128,1.4451662893522284,578018.0,365150.0,207176.0,728152100.0,462103900.0,258951200.0,459.44511727899913,748.0,1320.0,5691570.0,1.4461487233441304
529,980.0,714.5,258.5,1217800.0,889150.0,317950.0,379.4967941817436,752.0,1320.0,15.9370188943317,1.4411803668051635,578998.0,365849.0,207415.0,729372700.0,462973000.0,259247500.0,459.300253671526,756.0,1320.0,5702839.0,1.4362120102661966
530,980.0,729.5,237.0,1223900.0,909050.0,295950.0,362.73802238352056,759.0,1320.0,15.957505140507196,1.4430104151969156,579978.0,366609.0,207650.0,730599900.0,463922000.0,259543100.0,459.1195937531475,762.0,1320.0,5714852.0,1.4498088201276347
531,980.0,737.5,233.5,1224950.0,920150.0,293850.0,358.5036677901983,765.0,1320.0,15.846101694915255,1.4420505885003183,580958.0,367324.0,207882.0,731822600.0,464813300.0,259835200.0,458.9599460777573,768.0,1320.0,5726212.0,1.434292356873002
532,980.0,742.5,243.5,1224550.0,924600.0,306450.0,363.366290397367,771.5,1320.0,15.690909090909091,1.4329452642191396,581938.0,368094.0,208137.0,733049000.0,465771200.0,260156000.0,458.7919030974596,775.0,1320.0,5738153.0,1.431598171565277
533,980.0,751.0,236.5,1228450.0,937950.0,297750.0,358.48177395677766,777.5,1320.0,15.724367509986685,1.432787008539342,582918.0,368826.0,208355.0,734279500.0,466689200.0,260430700.0,458.6161295107897,780.0,1320.0,5749830.0,1.433975845513407
534,980.0,763.0,226.5,1223150.0,953200.0,282300.0,349.9489878706208,780.0,1320.0,15.92005242463958,1.4353507361409652,583898.0,369620.0,208590.0,735495300.0,467677600.0,260720600.0,458.41937386200266,780.0,1320.0,5762447.0,1.4367256267685231
535,980.0,726.0,205.0,1219250.0,905500.0,254650.0,340.98498875059266,782.5,1320.0,15.831955922865014,1.4374309822818792,584878.0,370278.0,208765.0,736718000.0,468500200.0,260940000.0,458.2378688564082,785.0,1320.0,5772818.0,1.4381363377952352
536,980.0,639.0,197.5,1222550.0,793750.0,246450.0,354.2866168644519,788.0,1320.0,15.859154929577464,1.4302495516959186,585858.0,370898.0,208985.0,737940400.0,469265100.0,261213500.0,458.11894411590396,791.0,1320.0,5782715.0,1.4223627655966018
537,980.0,634.5,219.5,1220850.0,789950.0,272700.0,372.9830434288046,792.0,1320.0,16.02836879432624,1.4256795630011287,586838.0,371547.0,209204.0,739159700.0,470080100.0,261485400.0,457.98713275465286,793.0,1320.0,5793158.0,1.4289963604056557
538,980.0,715.5,182.5,1220200.0,894100.0,227150.0,329.37985851410554,795.0,1320.0,16.118798043326347,1.4243986252719307,587818.0,372329.0,209350.0,740380800.0,471053300.0,261667800.0,457.72144756240783,797.0,1320.0,5805781.0,1.4198008901382055
539,980.0,712.0,133.5,1228600.0,885000.0,167750.0,290.86052467207276,798.5,1320.0,16.047050561797754,1.4232119452359244,588798.0,372971.0,209471.0,741616900.0,471850100.0,261820900.0,457.50191518059773,800.0,1320.0,5816009.0,1.4266230003336435
540,980.0,651.5,143.0,1230100.0,812200.0,178700.0,309.73262138726545,803.0,1320.0,16.118956254796622,1.4288248801543681,589778.0,373632.0,209636.0,742841000.0,472677700.0,262025200.0,457.3182808452345,806.0,1320.0,5826784.0,1.4310267599750925
541,540.5,691.5,198.5,674100.0,864500.0,248050.0,347.7937418705241,806.5,1320.0,16.443239334779467,1.4310665690919069,589879.0,374354.0,209868.0,742965100.0,473579100.0,262317000.0,457.16765774336983,807.0,1320.0,5838750.0,1.431106378208721
542,540.5,654.0,217.5,676600.0,817750.0,274600.0,368.5164979256926,811.0,1320.0,16.20718654434251,1.4305365409356592,590859.0,374940.0,210071.0,744194200.0,474313200.0,262574400.0,457.0537020464957,815.0,1320.0,5847983.0,1.4299667036625974
543,929.5,642.0,199.5,1162650.0,807700.0,249800.0,356.90361453494995,816.0,1320.0,15.882398753894082,1.43604011600682,591738.0,375638.0,210267.0,745290400.0,475194500.0,262816600.0,456.8796513520268,817.0,1320.0,5859143.0,1.4421135283510425
544,929.5,659.5,192.0,1162650.0,829850.0,237350.0,348.2654690207105,819.5,1320.0,16.019711902956786,1.4449818343670753,592718.0,376260.0,210455.0,746519500.0,475974000.0,263049100.0,456.7375015540395,822.0,1320.0,5869133.0,1.4478501403831083
545,980.0,669.0,185.5,1229600.0,834000.0,231850.0,341.74003362100717,823.5,1320.0,16.23168908819133,1.4360172028314013,593698.0,376977.0,210638.0,747749600.0,476863700.0,263280300.0,456.54421150125773,825.0,1320.0,5880872.0,1.4241842652796943
546,980.0,684.0,121.0,1225100.0,852450.0,152250.0,284.62804643637185,826.0,1320.0,16.211988304093566,1.4250879818922408,594678.0,377628.0,210697.0,748969700.0,477678900.0,263353600.0,456.2665098016247,827.0,1320.0,5891311.0,1.4259916985047874
547,855.5,670.5,149.5,1069950.0,838500.0,187550.0,311.8727575483744,829.0,1320.0,16.109619686800894,1.4292819328370556,595409.0,378318.0,210937.0,749889500.0,478540700.0,263655400.0,456.14156547452325,831.0,1320.0,5902475.0,1.4325721671693237
548,855.5,637.5,175.5,1074550.0,796100.0,221050.0,337.72175513664683,836.0,1320.0,15.674509803921568,1.4234987111798751,596389.0,378903.0,211048.0,751118800.0,479271100.0,263795700.0,455.939781359626,841.0,1320.0,5911296.0,1.4144252551904266
549,614.5,638.0,132.0,769750.0,798450.0,167900.0,296.60241740270476,841.5,1320.0,15.275862068965518,1.4192233321806105,596638.0,379594.0,211201.0,751429000.0,480137600.0,263991200.0,455.72570161645024,842.0,1320.0,5921967.0,1.4240214091707943
550,614.5,637.5,164.5,767300.0,795450.0,208400.0,326.08462381472333,846.5,1320.0,15.401568627450981,1.429218875070394,597618.0,380178.0,211377.0,752653400.0,480862000.0,264212500.0,455.58767940342216,851.0,1320.0,5930933.0,1.4344163409699937
551,980.0,636.5,160.0,1221550.0,795050.0,200200.0,323.6107144519169,853.5,1320.0,15.630793401413984,1.428753904477512,598598.0,380867.0,211521.0,753872100.0,481727700.0,264391600.0,455.37042910155765,856.0,1320.0,5941865.0,1.4230914679850304
552,980.0,623.5,143.0,1219050.0,780000.0,176550.0,313.8602497200307,858.0,1320.0,16.044907778668804,1.4231374205271892,599578.0,381425.0,211663.0,755091500.0,482422000.0,264565600.0,455.22134565581024,860.0,1320.0,5950941.0,1.423183373069348
553,855.5,652.5,126.5,1067000.0,815050.0,156400.0,292.6116740011955,862.0,1320.0,15.884291187739464,1.419289030343129,600309.0,382172.0,211774.0,756006100.0,483357800.0,264704400.0,454.94349106266753,864.0,1320.0,5962594.0,1.41539468761691
554,730.0,695.0,100.5,913550.0,871450.0,124900.0,261.992676548111,866.5,1320.0,15.882014388489209,1.411729950054832,601038.0,382815.0,211864.0,756918600.0,484164900.0,264815400.0,454.70438303807845,869.0,1320.0,5973017.0,1.408065212492754
555,614.5,689.5,119.0,767050.0,864600.0,148450.0,280.73638846867493,869.5,1320.0,16.10514865844815,1.4165399883709329,601538.0,383551.0,212012.0,757540200.0,485087000.0,265001300.0,454.4705051906534,870.0,1320.0,5984803.0,1.425014764249112
556,740.0,697.0,145.0,925150.0,872000.0,181950.0,299.4839719934161,870.5,1320.0,15.889526542324246,1.4295857181967624,602518.0,384209.0,212154.0,758768900.0,485908900.0,265179300.0,454.26607420235246,871.0,1320.0,5995167.0,1.434156672144413
557,980.0,670.5,132.0,1222350.0,838700.0,164500.0,292.25558806909964,873.0,1320.0,15.780014914243102,1.4300650439542022,603498.0,384892.0,212276.0,759984900.0,486764400.0,265330300.0,454.03452244881043,875.0,1320.0,6005964.0,1.4259734157639914
558,980.0,678.0,118.5,1218450.0,846950.0,145250.0,281.3895266935049,877.5,1320.0,15.820796460176991,1.4155096594937857,604478.0,385565.0,212391.0,761205800.0,487602800.0,265469800.0,453.8055180072784,880.0,1320.0,6016620.0,1.40504590322358
559,855.5,666.0,94.0,1067700.0,829700.0,115500.0,258.5604547654984,881.5,1320.0,15.56081081081081,1.4104449437260516,605209.0,386224.0,212464.0,762120300.0,488423800.0,265561300.0,453.5382362648917,883.0,1320.0,6026691.0,1.415843984228523
560,490.0,681.5,81.0,614950.0,850150.0,101700.0,246.04660943294022,883.5,1320.0,15.876008804108585,1.4159262601466986,605458.0,386928.0,212553.0,762435700.0,489303100.0,265673200.0,453.2770069525906,884.0,1320.0,6038259.0,1.416008536064874
561,614.5,654.5,106.5,773000.0,817750.0,132500.0,276.6176546924635,889.0,1320.0,16.16271963330787,1.420015349962663,606438.0,387533.0,212677.0,763666300.0,490059300.0,265826300.0,453.08960474400266,894.0,1320.0,6047848.0,1.4240221638604522
562,980.0,663.0,111.5,1228150.0,830750.0,138500.0,274.4480710985029,897.0,1320.0,15.626696832579185,1.4216432358843205,607418.0,388254.0,212776.0,764892000.0,490964600.0,265950200.0,452.81612143666297,900.0,1320.0,6058980.0,1.4192643079081886
563,980.0,658.0,88.0,1224650.0,824450.0,109400.0,253.44425836446857,901.5,1320.0,15.753799392097264,1.4159090498272464,608398.0,388849.0,212853.0,766115600.0,491708200.0,266045100.0,452.5945575997378,903.0,1320.0,6068580.0,1.4125537917463042
564,855.5,668.0,74.5,1070300.0,834800.0,93700.0,238.98015445196492,904.5,1320.0,15.762724550898204,1.4176340496993598,609129.0,389591.0,212925.0,767032600.0,492635300.0,266137600.0,452.288687076357,906.0,1320.0,6080065.0,1.4227143076524151
565,490.0,714.0,79.0,613900.0,890150.0,100800.0,236.06133881858165,907.0,1320.0,15.448879551820728,1.4283172521009293,609378.0,390277.0,213011.0,767343400.0,493488500.0,266246700.0,452.02530761467864,908.0,1320.0,6090641.0,1.4339201965494432
566,614.5,664.5,93.5,765900.0,829800.0,117850.0,256.3405540649404,912.5,1320.0,15.446952595936795,1.4296218558143825,610358.0,390920.0,213112.0,768564400.0,494294900.0,266373300.0,451.7968962943362,917.0,1320.0,6100594.0,1.425323515079322
567,980.0,673.0,93.0,1227400.0,841900.0,117300.0,255.02368884097572,920.0,1320.0,15.433135215453195,1.4271061179490796,611338.0,391623.0,213197.0,769798200.0,495172300.0,266481300.0,451.5263054653415,923.0,1320.0,6111414.0,1.4288887208188372
568,980.0,668.5,76.0,1228850.0,833700.0,95550.0,242.05514264283838,928.0,1320.0,15.74869109947644,1.4311624440080766,612318.0,392257.0,213264.0,771022100.0,495962300.0,266564400.0,451.28113305707745,933.0,1320.0,6121650.0,1.4334361671973161
569,855.5,660.0,56.5,1069750.0,825950.0,71100.0,220.5040059794303,935.0,1320.0,15.545454545454545,1.4264249532471114,613049.0,392943.0,213310.0,771937700.0,496824200.0,266623500.0,450.98023813839325,937.0,1320.0,6131934.0,1.4194137392969068
570,490.0,694.5,63.5,613450.0,873250.0,78650.0,223.03035555664962,938.0,1320.0,15.341972642188624,1.4239606529469768,613298.0,393646.0,213391.0,772249000.0,497708800.0,266721700.0,450.7111049060895,939.0,1320.0,6142960.0,1.4285075665970468
571,614.5,630.5,75.0,771600.0,792400.0,92200.0,245.97043259416182,941.5,1320.0,15.787470261697067,1.4286589203991724,614278.0,394205.0,213461.0,773480900.0,498410400.0,266809300.0,450.504450679056,944.0,1320.0,6151847.0,1.4288102742012978
572,980.0,617.0,67.5,1227750.0,772050.0,85150.0,239.60621136837142,947.0,1320.0,15.85899513776337,1.4264431790880494,615258.0,394880.0,213526.0,774704500.0,499252900.0,266892000.0,450.23608888183475,950.0,1320.0,6162530.0,1.424076083974801
573,855.5,672.5,57.0,1070600.0,838900.0,72450.0,219.45620387093288,950.0,1320.0,15.564312267657993,1.4267541106026849,615989.0,395550.0,213575.0,775622100.0,500088200.0,266954200.0,449.9510348906824,950.0,1320.0,6172781.0,1.4294321372305687
574,490.0,649.5,40.5,613900.0,810750.0,50450.0,202.11463251947737,950.5,1320.0,15.424172440338722,1.4268605166881656,616238.0,396186.0,213607.0,775932300.0,500883800.0,266992900.0,449.6716125851337,951.0,1320.0,6182713.0,1.4242888961457627
575,614.5,647.0,49.0,768950.0,809400.0,59850.0,214.91511115555227,956.0,1320.0,15.78902627511592,1.4266664021184245,617218.0,396848.0,213673.0,777160000.0,501712000.0,267073900.0,449.413393337814,961.0,1320.0,6193300.0,1.4290439080910864
576,980.0,639.5,52.5,1227400.0,801950.0,64600.0,221.14585295549907,963.5,1320.0,16.055512118842845,1.423555504081739,618198.0,397465.0,213712.0,778387100.0,502487700.0,267122100.0,449.1541198599057,966.0,1320.0,6203248.0,1.4180671000723912
577,980.0,604.0,31.5,1229850.0,755550.0,39050.0,198.0552879461375,967.5,1320.0,15.971854304635762,1.4161559162445247,619178.0,398056.0,213736.0,779619700.0,503223100.0,267152000.0,448.89119600285,969.0,1320.0,6212594.0,1.4142447324166583
578,685.5,653.5,33.5,859850.0,814550.0,42150.0,195.196829550908,969.0,1320.0,15.694720734506504,1.4102549044675485,619569.0,398772.0,213779.0,780106800.0,504116800.0,267206400.0,448.58447371307767,969.0,1320.0,6223761.0,1.4062650765184386
579,490.0,722.5,35.0,612450.0,900700.0,44150.0,191.78192657319258,970.0,1320.0,15.582698961937716,1.4063268345023898,620158.0,399501.0,213806.0,780844600.0,505024500.0,267240300.0,448.256080892169,971.0,1320.0,6235111.0,1.406388592486341
580,784.5,658.0,31.0,977550.0,823700.0,39300.0,189.57385972318636,974.0,1320.0,15.361702127659575,1.4124775223305477,621138.0,400088.0,213841.0,782061900.0,505764200.0,267285000.0,448.00310905026146,977.0,1320.0,6243977.0,1.4185664521747545
581,870.5,642.0,27.5,1087200.0,804400.0,34950.0,186.14335076465275,977.0,1320.0,15.276479750778817,1.4181338570673143,621899.0,400785.0,213861.0,783019000.0,506633300.0,267310200.0,447.68507100088,977.0,1320.0,6254726.0,1.4177012619598741
582,700.0,708.5,27.0,880400.0,884500.0,33700.0,183.65591733852546,978.5,1320.0,15.66196189131969,1.4208960417938683,622538.0,401505.0,213895.0,783822700.0,507533200.0,267352400.0,447.3712359287016,980.0,1320.0,6266170.0,1.4240908216278623
583,599.5,692.0,31.5,753650.0,869900.0,38900.0,192.96392023258596,982.0,1320.0,16.018063583815028,1.4207820535714137,623098.0,402169.0,213924.0,784526300.0,508373100.0,267388000.0,447.0868147227497,984.0,1320.0,6276895.0,1.4174732855149652
584,770.0,643.5,26.0,963200.0,814950.0,31850.0,189.94446391425996,985.0,1320.0,15.845376845376846,1.4208733643036529,624078.0,402792.0,213947.0,785749100.0,509163100.0,267416100.0,446.8123375166859,986.0,1320.0,6286563.0,1.4242734430923407
585,774.5,671.0,22.0,962300.0,847350.0,27250.0,184.17616593441082,986.0,1320.0,15.86140089418778,1.4169720916994595,624647.0,403511.0,213968.0,786450900.0,510067800.0,267442500.0,446.49668265474236,986.0,1320.0,6298181.0,1.4096707403065785
586,490.0,722.0,20.5,607450.0,903650.0,25250.0,180.36190067478023,987.0,1320.0,15.966759002770083,1.4129504656619667,625058.0,404236.0,213988.0,786964000.0,510970400.0,267466600.0,446.1723123822523,988.0,1320.0,6309619.0,1.4162301910173551
587,695.5,680.5,20.0,869600.0,848500.0,25000.0,181.6577719834767,988.5,1320.0,16.096252755326965,1.425166009679332,626038.0,404872.0,214008.0,788190100.0,511764800.0,267492500.0,445.89714912021316,989.0,1320.0,6320088.0,1.4341018283413087
588,980.0,604.5,21.0,1224350.0,755100.0,26600.0,187.61897149229515,990.0,1320.0,16.234077750206783,1.4301122046849188,627018.0,405445.0,214030.0,789412700.0,512480600.0,267519800.0,445.65017633244787,991.0,1320.0,6329246.0,1.426122581028529
589,774.5,634.5,24.5,968550.0,790600.0,30550.0,189.2753489500203,991.0,1320.0,16.07249802994484,1.425199356543144,627587.0,406141.0,214057.0,790127200.0,513346000.0,267553600.0,445.351795003262,991.0,1320.0,6340484.0,1.4242761320577588
590,490.0,683.0,32.0,612500.0,852600.0,39600.0,198.23630702715053,991.5,1320.0,16.429721815519766,1.4160272809386734,627998.0,406811.0,214094.0,790637700.0,514185800.0,267599000.0,445.0803599626208,992.0,1320.0,6351689.0,1.4077784298195881
591,695.5,663.5,29.0,867700.0,830250.0,35650.0,195.33618313015342,992.0,1320.0,16.392614920874152,1.4055033915263775,628978.0,407468.0,214115.0,791862600.0,515006500.0,267624900.0,444.79471473812436,992.0,1320.0,6362237.0,1.4032283532331666
592,774.5,713.5,18.5,966500.0,891000.0,23750.0,179.74036332686248,992.0,1320.0,16.072880168185005,1.4084786903647244,629547.0,408238.0,214131.0,792570700.0,515967800.0,267646500.0,444.456200091105,992.0,1320.0,6374625.0,1.4137290274962822
593,490.0,712.0,41.0,611700.0,887150.0,51800.0,204.82600348604407,992.5,1320.0,16.20435393258427,1.4222387560613805,629958.0,408892.0,214197.0,793086000.0,516780800.0,267728500.0,444.21471271731224,993.0,1320.0,6385312.0,1.4307484846264789
594,695.5,644.5,42.5,865950.0,802000.0,52750.0,208.0849639844109,994.5,1320.0,15.951124903025601,1.431853015578096,630938.0,409527.0,214216.0,794302600.0,517571800.0,267752000.0,443.9355143625116,996.0,1320.0,6395186.0,1.4329575465297129
595,980.0,648.0,23.0,1218950.0,804050.0,28700.0,182.69720745623877,996.5,1320.0,15.82175925925926,1.425458720665703,631918.0,410188.0,214243.0,795523900.0,518388900.0,267785900.0,443.6526706469155,997.0,1320.0,6405817.0,1.4179598948016934
596,778.5,690.5,24.5,971250.0,859300.0,31250.0,186.43344976270419,997.5,1320.0,16.223750905141202,1.4217400395233715,632495.0,410908.0,214265.0,796245100.0,519290400.0,267814500.0,443.34651267437425,998.0,1320.0,6417591.0,1.4255201842450496
597,490.0,713.5,25.5,609200.0,888600.0,32750.0,184.08535487723327,998.0,1320.0,15.82480728801682,1.4210649622229297,632898.0,411615.0,214294.0,796742300.0,520166100.0,267851400.0,443.0397373088315,998.0,1320.0,6428399.0,1.41660974020081
598,691.5,702.0,20.0,861900.0,873050.0,25600.0,176.28143183461657,998.0,1320.0,15.685897435897436,1.4127364370596065,633878.0,412312.0,214305.0,797968900.0,521036500.0,267865700.0,442.73107776480197,998.0,1320.0,6439614.0,1.4088631339184028
599,980.0,627.5,11.0,1229200.0,785250.0,13700.0,168.91032099625693,998.0,1320.0,15.722709163346613,1.406749760821513,634858.0,412870.0,214316.0,799200700.0,521736600.0,267878800.0,442.4815882675079,998.0,1320.0,6448131.0,1.404636387724623
600,778.5,640.0,21.5,974300.0,804050.0,26300.0,178.21741011483232,998.0,1320.0,15.26328125,1.4015392920222705,635435.0,413592.0,214348.0,799917500.0,522644600.0,267918300.0,442.17377677696635,998.0,1320.0,6459151.0,1.3984421963199178
601,490.0,725.0,33.5,609800.0,910100.0,41550.0,190.16170093017763,998.0,1320.0,15.564827586206897,1.4040558804004108,635838.0,414320.0,214383.0,800420300.0,523556800.0,267961900.0,441.8727645954545,998.0,1320.0,6470700.0,1.409669564480904
602,691.5,724.0,28.5,863400.0,904500.0,35550.0,186.8919827721679,998.0,1320.0,15.79488950276243,1.410317238380803,636818.0,415040.0,214405.0,801644300.0,524453600.0,267989400.0,441.56339922217165,998.0,1320.0,6482022.0,1.4109649122807018
603,778.5,732.5,23.5,973850.0,913250.0,30050.0,181.33011267565405,998.0,1320.0,15.739931740614335,1.4077737380099795,637395.0,415785.0,214430.0,802368000.0,525383300.0,268022000.0,441.24767555488455,998.0,1320.0,6493759.0,1.4045825637392573
604,554.5,695.0,22.0,692250.0,863700.0,28300.0,184.62541276624796,998.0,1320.0,16.020143884892086,1.4053933056287997,637927.0,416430.0,214449.0,803028800.0,526181000.0,268046000.0,440.9793742782791,998.0,1320.0,6504290.0,1.406204047518342
605,691.5,659.0,17.5,863600.0,818650.0,22950.0,182.66343819993952,998.0,1320.0,16.216995447647953,1.4012158328022613,638778.0,417103.0,214465.0,804095200.0,527020600.0,268067900.0,440.6937138704081,998.0,1320.0,6515133.0,1.3962276180861806
606,915.5,677.0,17.0,1150100.0,845050.0,21950.0,177.42188658335883,998.0,1320.0,15.833087149187593,1.4036281506502648,639758.0,417784.0,214483.0,805329000.0,527871100.0,268089900.0,440.40079308881246,998.0,1320.0,6525728.0,1.411028683214349
607,778.5,703.0,17.5,979800.0,878150.0,21800.0,175.62594986562593,998.0,1320.0,15.683499288762446,1.408601455995694,640335.0,418509.0,214500.0,806054800.0,528776900.0,268111500.0,440.0903059442482,998.0,1320.0,6537184.0,1.406174228777039
608,490.0,720.5,17.5,612700.0,900050.0,22050.0,175.9455904790808,998.0,1320.0,15.78972935461485,1.4022162986073898,640738.0,419225.0,214518.0,806554400.0,529671200.0,268134000.0,439.78487168368184,998.0,1320.0,6548481.0,1.3982583684377408
609,691.5,670.0,18.0,862500.0,840650.0,22800.0,178.3064778225291,998.0,1320.0,15.890298507462687,1.403246993981083,641718.0,419849.0,214536.0,807779800.0,530458200.0,268157100.0,439.5224890073792,998.0,1320.0,6558477.0,1.408235619524425
610,980.0,626.0,17.0,1222250.0,786800.0,21750.0,178.37224456017114,998.0,1320.0,15.861022364217252,1.4086862880346644,642698.0,420477.0,214552.0,808998900.0,531244800.0,268177500.0,439.25548383134543,998.0,1320.0,6568339.0,1.4091369565449037
611,778.5,692.0,16.0,968000.0,865850.0,19200.0,171.15999639326077,998.0,1320.0,15.332369942196532,1.4117828779895387,643275.0,421233.0,214568.0,809715800.0,532189900.0,268195500.0,438.92481569522374,998.0,1320.0,6579697.0,1.4144287994341738
612,490.0,746.0,19.5,608800.0,933100.0,23650.0,177.23363498309067,998.0,1320.0,15.780160857908847,1.4158392391867203,643678.0,421969.0,214591.0,810216500.0,533111000.0,268224800.0,438.62529115416385,998.0,1320.0,6591883.0,1.4172496789392666
613,691.5,711.0,23.0,864750.0,891700.0,28700.0,183.0954417450813,998.5,1320.0,15.876230661040788,1.4150012384486241,644658.0,422655.0,214614.0,811445300.0,533973300.0,268252900.0,438.33549231536523,999.0,1320.0,6602273.0,1.4127527979579817
614,778.5,661.5,24.5,974650.0,830700.0,29300.0,183.76369617633162,999.0,1320.0,15.561602418745276,1.4083194700982526,645235.0,423292.0,214640.0,812165800.0,534772400.0,268283400.0,438.0771604626336,999.0,1320.0,6612471.0,1.4038861422385236
615,778.5,664.5,21.0,973150.0,831900.0,26000.0,181.30604345543014,999.0,1320.0,15.788562829194884,1.4013470894715274,646215.0,423984.0,214656.0,813391600.0,535637100.0,268304900.0,437.7837145150597,999.0,1320.0,6623256.0,1.398808036704531
616,691.5,675.0,20.0,863450.0,838400.0,25650.0,178.4220287205529,999.0,1320.0,15.652592592592592,1.3958878633589564,646618.0,424642.0,214680.0,813892700.0,536449200.0,268334700.0,437.51262391747747,999.0,1320.0,6633602.0,1.3929676900133818
617,691.5,596.0,27.0,860250.0,741050.0,33300.0,191.39863151992876,999.0,1320.0,15.72734899328859,1.3970801624532614,647598.0,425176.0,214710.0,815112100.0,537119200.0,268371500.0,437.30394809820973,999.0,1320.0,6642003.0,1.4011926348931407
618,980.0,580.0,26.0,1217450.0,723800.0,32050.0,191.2439677788641,999.0,1320.0,15.639655172413793,1.3966623026568323,648578.0,425802.0,214732.0,816327600.0,537896800.0,268398800.0,437.0466414540331,999.0,1320.0,6651744.0,1.392131970420524
619,669.0,666.0,25.5,829100.0,828300.0,32100.0,184.8776429390273,999.0,1320.0,15.528528528528529,1.3928870156436766,648936.0,426508.0,214761.0,816770300.0,538775800.0,268435700.0,436.7595500686231,999.0,1320.0,6662687.0,1.3936420608668292
620,490.0,634.0,29.5,612050.0,786200.0,37900.0,191.51743645068177,999.0,1320.0,15.519716088328076,1.391005439580649,649558.0,427070.0,214791.0,817551700.0,539469200.0,268474600.0,436.5390280376718,999.0,1320.0,6671423.0,1.3883688182944691
621,801.0,575.0,29.5,1011400.0,715150.0,37650.0,194.18883908107657,999.0,1320.0,15.436521739130434,1.3896787760688694,650538.0,427658.0,214820.0,818793100.0,540206100.0,268511000.0,436.3030862059174,999.0,1320.0,6680439.0,1.3909887338432696
622,721.5,666.5,21.5,910100.0,829700.0,27350.0,182.07027606205406,999.0,1320.0,15.921230307576895,1.3970731241395669,651001.0,428403.0,214834.0,819371900.0,541128600.0,268529300.0,435.99467346429094,999.0,1320.0,6692646.0,1.4031575144358643
623,490.0,711.5,20.0,612950.0,882350.0,25550.0,180.42108110175192,999.0,1320.0,16.103302881236825,1.4061859278857918,651518.0,429081.0,214860.0,820019000.0,541970800.0,268562100.0,435.7217357817832,999.0,1320.0,6703354.0,1.4092143413357192
624,748.5,686.5,23.5,935650.0,856600.0,29550.0,184.85087717101388,999.0,1320.0,15.931536780772031,1.412658653159458,652498.0,429776.0,214881.0,821243200.0,542841800.0,268588400.0,435.44147355994465,999.0,1320.0,6714520.0,1.4161029649831967
625,794.5,686.5,23.5,989750.0,859300.0,28950.0,188.8497626034802,999.5,1320.0,16.26584122359796,1.4149960309782303,653107.0,430454.0,214907.0,821998500.0,543689400.0,268620000.0,435.1785387154719,1000.0,1320.0,6725687.0,1.413889096973264
626,595.5,686.0,22.5,742000.0,858150.0,27750.0,187.54038292830535,1000.0,1320.0,16.16545189504373,1.4118376876656231,653689.0,431148.0,214926.0,822727200.0,544558100.0,268643900.0,434.897765183777,1000.0,1320.0,6736699.0,1.4097862783579822
627,675.5,656.5,21.5,845750.0,823050.0,27150.0,184.45097645339197,1000.0,1320.0,15.891089108910892,1.407418880620512,654458.0,431767.0,214950.0,823690000.0,545335500.0,268674300.0,434.652827199574,1000.0,1320.0,6746552.0,1.4050514828830414
628,874.0,646.0,25.5,1094800.0,811850.0,32300.0,186.57992223672585,1000.0,1320.0,15.743808049535604,1.4001187703820765,655438.0,432440.0,214977.0,824918200.0,546181800.0,268708500.0,434.38265535027335,1000.0,1320.0,6757040.0,1.3951860578811117
629,794.5,723.5,28.0,994600.0,911950.0,35600.0,189.29450671156735,1000.0,1320.0,16.024187975120938,1.391525747078744,656047.0,433214.0,215006.0,825679200.0,547159400.0,268745500.0,434.0839253519098,1000.0,1320.0,6769739.0,1.3878654362763765
630,490.0,741.0,23.0,614600.0,929500.0,29100.0,184.5434785317842,1000.0,1320.0,16.132928475033737,1.3918015644382011,656418.0,433922.0,215023.0,826147400.0,548040800.0,268766700.0,433.79438629484014,1000.0,1320.0,6780949.0,1.395737692600026
631,675.5,714.0,17.0,846500.0,886550.0,21300.0,176.60546549992972,1000.0,1320.0,16.019607843137255,1.3998885558282548,657398.0,434642.0,215040.0,827372200.0,548932500.0,268788100.0,433.50451341144645,1000.0,1320.0,6792615.0,1.4040394190564838
632,980.0,644.0,16.5,1225250.0,798550.0,21350.0,176.55003518703145,1000.0,1320.0,15.790372670807454,1.395021100982686,658378.0,435210.0,215056.0,828597900.0,549637900.0,268809400.0,433.2718004794751,1000.0,1320.0,6801287.0,1.3860027829088883
633,794.5,613.5,15.0,992300.0,765700.0,19700.0,174.49653886782528,1000.0,1320.0,15.56723716381418,1.3868329553988525,658987.0,435869.0,215070.0,829356800.0,550463900.0,268827500.0,433.0043543735009,1000.0,1320.0,6811716.0,1.387663127888817
634,490.0,695.5,17.0,612850.0,874550.0,21750.0,176.6389705546664,999.0,1320.0,15.692307692307692,1.3885072684198152,659358.0,436601.0,215090.0,829823600.0,551387000.0,268852900.0,432.71064222710896,998.0,1320.0,6823115.0,1.3893514089508134
635,675.5,703.5,17.5,848350.0,884250.0,22350.0,180.08866038625845,998.0,1320.0,15.97228144989339,1.3976392367541495,660338.0,437276.0,215105.0,831053500.0,552232400.0,268872200.0,432.44531842559775,998.0,1320.0,6834189.0,1.4059270645574857
636,794.5,696.5,13.0,998000.0,870150.0,16600.0,176.16752955908353,998.0,1320.0,16.295046661880832,1.4032147846855227,660947.0,437994.0,215116.0,831819600.0,553127300.0,268886100.0,432.1532557579458,998.0,1320.0,6845814.0,1.4005025048135598
637,490.0,696.0,13.5,612300.0,870950.0,17300.0,175.3081091411023,997.5,1320.0,16.292385057471265,1.3945802901547117,661318.0,438669.0,215132.0,832278100.0,553975600.0,268906800.0,431.8868757724242,997.0,1320.0,6856889.0,1.3886580754958637
638,675.5,662.0,16.0,836850.0,834100.0,20750.0,181.37899731593848,997.0,1320.0,16.3987915407855,1.3890560133721808,662298.0,439318.0,215148.0,833493300.0,554795500.0,268927600.0,431.6336720141795,997.0,1320.0,6867526.0,1.389453951248498
639,980.0,666.5,16.0,1225950.0,834000.0,20550.0,182.52983394010238,996.5,1320.0,16.54688672168042,1.3906512932238269,663278.0,440002.0,215164.0,834730000.0,555643600.0,268947900.0,431.36735497601353,996.0,1320.0,6878946.0,1.3918486351991557
640,794.5,721.5,18.0,999400.0,899600.0,22350.0,178.95933500764727,996.0,1320.0,16.09009009009009,1.3967643632522895,663887.0,440761.0,215184.0,835492100.0,556594700.0,268972300.0,431.06395146682826,996.0,1320.0,6890744.0,1.4016800913054233
641,490.0,735.5,19.0,617800.0,920700.0,24000.0,177.6218445950347,996.0,1320.0,15.868796736913664,1.3946300177372106,664258.0,441473.0,215202.0,835965600.0,557485000.0,268995900.0,430.78426292109316,996.0,1320.0,6902289.0,1.3875799441689978
642,675.5,687.0,17.0,850100.0,855450.0,21950.0,176.63495152782872,995.5,1320.0,15.975254730713246,1.390794717759811,665238.0,442135.0,215218.0,837192300.0,558305600.0,269016200.0,430.51898395026626,995.0,1320.0,6912694.0,1.3940094913506242
643,980.0,670.0,16.5,1222650.0,833700.0,21100.0,173.9300025335903,994.5,1320.0,15.778358208955224,1.386827590534848,666218.0,442813.0,215235.0,838410900.0,559152400.0,269038100.0,430.2483432016928,994.0,1320.0,6923432.0,1.3796456897190719
644,794.5,711.5,18.5,989650.0,890850.0,23900.0,175.4712063689981,994.0,1320.0,15.683766690091357,1.3843936314707659,666827.0,443558.0,215255.0,839171600.0,560087300.0,269064000.0,429.95377082413177,994.0,1320.0,6935012.0,1.38914157322246
645,490.0,726.0,20.0,610400.0,909600.0,25550.0,177.14344019245058,994.0,1320.0,15.705234159779614,1.386310635909219,667198.0,444265.0,215275.0,839631700.0,560971600.0,269089200.0,429.67577366036113,994.0,1320.0,6946236.0,1.3834796985959779
646,675.5,687.5,23.5,838800.0,861750.0,29100.0,182.67986575108347,993.0,1320.0,15.794181818181817,1.3860905403940995,668178.0,444933.0,215302.0,840849200.0,561810800.0,269122200.0,429.42119758427896,992.0,1320.0,6956729.0,1.3887013821922214
647,980.0,652.0,22.0,1221400.0,816750.0,26850.0,181.85484724166858,991.5,1320.0,15.712423312883436,1.3966303935372384,669158.0,445569.0,215319.0,842074500.0,562605100.0,269142900.0,429.17029828660304,991.0,1320.0,6966725.0,1.4045594048822556
648,794.5,653.5,21.0,991250.0,819400.0,26850.0,181.76126803215087,991.0,1320.0,15.79265493496557,1.4020648785763343,669767.0,446240.0,215344.0,842831700.0,563449600.0,269175900.0,428.91620767375207,991.0,1320.0,6977370.0,1.399570352270413
649,490.0,677.5,23.0,610850.0,847850.0,30450.0,183.18435012784926,991.0,1320.0,15.735793357933579,1.4023732490728822,670138.0,446924.0,215365.0,843296200.0,564300800.0,269203800.0,428.6499418963093,991.0,1320.0,6988047.0,1.4051761458753513
650,675.5,687.5,22.0,843500.0,854650.0,28550.0,180.15417455768224,991.0,1320.0,15.708363636363636,1.4033663689707863,671118.0,447618.0,215388.0,844518700.0,565162700.0,269233000.0,428.3826320228364,991.0,1320.0,6999028.0,1.4015565920662212
651,794.5,685.5,19.5,996200.0,854550.0,24500.0,179.4722824622919,991.0,1320.0,15.975200583515681,1.3963592363518544,671727.0,448295.0,215404.0,845288600.0,566009900.0,269252800.0,428.1205746683911,991.0,1320.0,7009949.0,1.3911618806374875
652,490.0,666.5,21.5,615950.0,832050.0,26550.0,180.37714041357714,991.0,1320.0,15.840210052513129,1.397962758500562,672098.0,448951.0,215431.0,845750600.0,566826800.0,269286100.0,427.86898843156655,991.0,1320.0,7020143.0,1.4047636363636364
653,675.5,621.5,30.0,842400.0,773500.0,36850.0,191.84992407465356,990.5,1320.0,15.744971842316975,1.3966785840428053,673078.0,449538.0,215464.0,846973400.0,567556900.0,269326500.0,427.65762770323244,990.0,1320.0,7029520.0,1.3885935317219744
654,980.0,665.0,24.5,1221100.0,830750.0,30400.0,186.2682769726395,990.0,1320.0,16.0203007518797,1.3917305920302487,674058.0,450281.0,215480.0,848192800.0,568488300.0,269346900.0,427.368557524526,990.0,1320.0,7041450.0,1.3948676523385228
655,794.5,710.0,20.5,989200.0,886650.0,26400.0,175.94097483803193,990.0,1320.0,15.570422535211268,1.39851183824142,674667.0,450958.0,215505.0,848951800.0,569330200.0,269379300.0,427.1058220818607,990.0,1320.0,7051630.0,1.402156024144317
656,490.0,712.0,26.5,610150.0,890250.0,33700.0,186.00214811856034,990.0,1320.0,15.860955056179776,1.399222524147556,675038.0,451705.0,215533.0,849413100.0,570268800.0,269414300.0,426.83426813049783,990.0,1320.0,7064036.0,1.3962890241507953
657,675.5,704.0,24.5,845050.0,882300.0,30700.0,191.13486413081273,990.0,1320.0,16.558238636363637,1.4016496955560185,676018.0,452366.0,215554.0,850641900.0,571094800.0,269440700.0,426.59107527725047,990.0,1320.0,7074944.0,1.4070103669612417
658,980.0,640.0,23.5,1230850.0,799250.0,28900.0,187.54384191558015,990.5,1320.0,16.11796875,1.407159911456504,676998.0,452985.0,215580.0,851874800.0,571867300.0,269472100.0,426.35931297192894,991.0,1320.0,7084667.0,1.4073094559517665
659,490.0,590.5,23.5,616450.0,738550.0,28850.0,182.24677775472682,991.0,1320.0,15.423370025402201,1.4109073969685264,676998.0,453547.0,215601.0,851874800.0,572571900.0,269498400.0,426.14266207515215,991.0,1320.0,7093159.0,1.414505337985286
660,490.0,622.5,28.0,615400.0,777600.0,34300.0,190.64987670828745,991.5,1320.0,15.656224899598394,1.4169384477979774,677978.0,454230.0,215636.0,853105600.0,573422500.0,269540700.0,425.90152294141774,992.0,1320.0,7104159.0,1.419371557610669
661,980.0,654.5,30.5,1227050.0,813800.0,37000.0,196.90236233547333,992.0,1320.0,16.09320091673033,1.4163961120849007,678958.0,454856.0,215662.0,854328900.0,574199500.0,269572400.0,425.67427910759017,992.0,1320.0,7114225.0,1.4134206665591322
662,980.0,617.0,24.5,1226150.0,769100.0,30500.0,188.6161218448593,992.0,1320.0,15.92868719611021,1.4103948176958734,679938.0,455464.0,215685.0,855557900.0,574960700.0,269601700.0,425.4479170065098,992.0,1320.0,7123815.0,1.4073689688326148
663,685.5,643.0,22.0,856500.0,802250.0,28050.0,181.87038399405563,992.0,1320.0,15.660964230171073,1.4038235518129722,680329.0,456142.0,215706.0,856041900.0,575804000.0,269628500.0,425.1916413971232,992.0,1320.0,7134365.0,1.40027813479333
664,490.0,697.0,33.5,611700.0,872500.0,42550.0,192.9917798450765,991.5,1320.0,15.624820659971306,1.3986231630792068,680918.0,456858.0,215752.0,856781300.0,576705700.0,269686800.0,424.9429907990586,991.0,1320.0,7145596.0,1.3969681913650835
665,784.5,705.5,34.0,981700.0,880500.0,42850.0,194.00763115426875,991.0,1320.0,15.8880226789511,1.3994347567156615,681898.0,457555.0,215774.0,858005300.0,577567700.0,269714200.0,424.6831181475186,991.0,1320.0,7156820.0,1.4019013220662395
666,766.5,741.5,27.0,957250.0,925650.0,34650.0,189.18131812245215,991.0,1320.0,16.306136210384356,1.408593618920924,682451.0,458341.0,215806.0,858695800.0,578557000.0,269756100.0,424.4054734758279,991.0,1320.0,7169778.0,1.4152859157756088
667,490.0,738.0,32.0,612650.0,926500.0,41050.0,196.6975162625841,991.0,1320.0,16.29268292682927,1.4087567846416078,682878.0,459031.0,215838.0,859230600.0,579420700.0,269796300.0,424.16287225253484,991.0,1320.0,7180868.0,1.4022276535076068
668,703.5,650.5,32.0,886050.0,813800.0,40100.0,200.83450275129542,991.0,1320.0,16.328209069946194,1.406836595460089,683858.0,459642.0,215870.0,860467900.0,580184600.0,269836300.0,423.95370596460924,991.0,1320.0,7191021.0,1.411445537412571
669,980.0,617.5,23.0,1232150.0,772400.0,29050.0,187.70560226918818,991.0,1320.0,16.108502024291496,1.4014210853928604,684838.0,460266.0,215884.0,861694900.0,580965500.0,269854400.0,423.7148921255675,991.0,1320.0,7200762.0,1.39139663337315
670,773.5,680.5,21.0,966150.0,855600.0,25950.0,178.85222546286997,991.0,1320.0,15.733284349742837,1.403221300290025,685405.0,461003.0,215912.0,862400200.0,581895800.0,269888200.0,423.445699232386,991.0,1320.0,7212434.0,1.4150459672068998
671,490.0,678.0,30.5,610650.0,851650.0,37800.0,198.54650749501403,991.0,1320.0,16.456489675516224,1.4137236655253649,685818.0,461622.0,215945.0,862916200.0,582668800.0,269930000.0,423.24399610935,991.0,1320.0,7223077.0,1.41240136384383
672,696.5,656.0,29.0,872200.0,819900.0,36900.0,201.80245583934334,991.0,1320.0,16.701219512195124,1.4084827215344362,686798.0,462315.0,215970.0,864144600.0,583535600.0,269962000.0,422.99802422343214,991.0,1320.0,7234346.0,1.4045640792250425
673,773.5,742.0,23.5,968350.0,927200.0,29800.0,183.53351673623814,991.0,1320.0,15.993261455525607,1.3999032941627627,687365.0,463106.0,215992.0,864852900.0,584523200.0,269989600.0,422.7035781668438,991.0,1320.0,7246811.0,1.395242509100483
674,490.0,719.0,23.5,609800.0,899700.0,29250.0,180.05882108466383,991.0,1320.0,15.532684283727399,1.3972942169960416,687778.0,463753.0,216017.0,865364200.0,585335000.0,270020500.0,422.4673083685669,991.0,1320.0,7256682.0,1.3993459248916
675,696.5,632.5,25.0,868400.0,793950.0,31650.0,190.91759631372943,992.0,1320.0,16.0197628458498,1.3990969765015144,688758.0,464371.0,216042.0,866589700.0,586111100.0,270052900.0,422.255617051849,993.0,1320.0,7267076.0,1.398848028111429
676,980.0,642.0,22.0,1228950.0,805600.0,28350.0,187.27154735010254,993.0,1320.0,16.195482866043612,1.3990281676003993,689738.0,465037.0,216061.0,867822100.0,586946200.0,270077200.0,422.00872535902676,993.0,1320.0,7277477.0,1.3992083070893697
677,773.5,695.0,23.5,969700.0,873800.0,29750.0,182.1018250683065,993.0,1320.0,15.700719424460432,1.3990797805269084,690305.0,465761.0,216089.0,868529100.0,587858700.0,270112400.0,421.7494925390074,993.0,1320.0,7288900.0,1.3989512539644469
678,490.0,723.0,29.0,609550.0,905850.0,36200.0,191.78505797932985,993.0,1320.0,16.10719225449516,1.4031654281573211,690718.0,466483.0,216119.0,869041200.0,588757900.0,270149600.0,421.50146579087374,993.0,1320.0,7300768.0,1.4073796023501957
679,696.5,733.0,27.5,870050.0,919400.0,34350.0,188.86368566309645,993.0,1320.0,16.002046384720327,1.4067576214497044,691698.0,467227.0,216144.0,870269200.0,589697500.0,270181100.0,421.23115138572666,993.0,1320.0,7312359.0,1.406135640549213
680,980.0,671.5,24.0,1229000.0,841400.0,29850.0,186.30270655953473,993.0,1320.0,16.017125837676844,1.40464271319166,692678.0,467826.0,216167.0,871499200.0,590440700.0,270209300.0,421.0231546472064,993.0,1320.0,7322279.0,1.403149785834107
681,773.5,650.5,26.0,968700.0,811200.0,31950.0,188.624069336821,993.0,1320.0,15.926210607225212,1.408335941315309,693245.0,468528.0,216196.0,872206600.0,591319900.0,270245000.0,420.77152475950743,993.0,1320.0,7333079.0,1.413522096796511
682,490.0,675.0,22.0,615550.0,846050.0,27550.0,177.0702035802409,993.0,1320.0,15.355555555555556,1.4128924909919758,693658.0,469176.0,216211.0,872730300.0,592132800.0,270264400.0,420.52698180793993,993.0,1320.0,7343009.0,1.4122628851874408
683,696.5,682.5,17.5,874950.0,855500.0,21950.0,177.0351452625544,993.0,1320.0,15.951648351648352,1.4143768548150524,694638.0,469893.0,216231.0,873956500.0,593030900.0,270288900.0,420.27419347347785,993.0,1320.0,7354853.0,1.4164908244426642
684,789.0,695.0,18.5,986750.0,868450.0,23200.0,181.8349338714306,993.0,1320.0,16.19568345323741,1.4151082871468434,695236.0,470566.0,216248.0,874703800.0,593869700.0,270310800.0,420.03104906282226,993.0,1320.0,7365521.0,1.4137257498510227
685,490.0,662.5,18.0,616400.0,827850.0,22500.0,179.09632355747678,994.0,1320.0,15.879245283018868,1.4144722576197837,695618.0,471218.0,216267.0,875189300.0,594686600.0,270333900.0,419.79673857489183,995.0,1320.0,7375893.0,1.4152187653885446
686,681.0,629.5,20.5,855550.0,783600.0,25200.0,181.32265424459013,994.5,1320.0,15.847498014297061,1.4177800005803807,696598.0,471825.0,216289.0,876414900.0,595436900.0,270361200.0,419.5800759489732,994.0,1320.0,7385473.0,1.420341235772217
687,980.0,635.0,23.0,1223150.0,792400.0,28450.0,183.94729338568303,995.0,1320.0,15.801574803149606,1.4150322101810087,697578.0,472488.0,216313.0,877635600.0,596271400.0,270390800.0,419.34613256550904,996.0,1320.0,7395961.0,1.4097231845898006
688,789.0,705.0,26.0,983400.0,883450.0,32750.0,187.10844885599775,996.0,1320.0,16.01631205673759,1.4024503669907684,698176.0,473235.0,216341.0,878381700.0,597203800.0,270426700.0,419.0872027648586,996.0,1320.0,7408056.0,1.395177549391736
689,490.0,725.5,25.0,612450.0,909650.0,31750.0,189.313051086814,996.0,1320.0,16.429359062715367,1.3849695679764813,698558.0,473939.0,216363.0,878860500.0,598090700.0,270454300.0,418.845946190127,996.0,1320.0,7419800.0,1.3747615865612264
690,681.0,685.0,21.0,852350.0,860800.0,26400.0,186.41023623340084,996.0,1320.0,16.362043795620437,1.3844789926915233,699538.0,474605.0,216383.0,880086400.0,598925400.0,270479500.0,418.6117388251917,996.0,1320.0,7430472.0,1.3941963988218202
691,789.0,702.0,18.0,987650.0,880250.0,22250.0,178.38247158291523,996.0,1320.0,16.02920227920228,1.393760936634243,700136.0,475343.0,216399.0,880835800.0,599851200.0,270498800.0,418.34537313914194,996.0,1320.0,7442305.0,1.3933254744466659
692,789.0,706.5,17.5,984050.0,886400.0,21750.0,176.73886343338506,996.0,1320.0,15.958952583156405,1.389724035864012,701116.0,476018.0,216418.0,882054500.0,600698200.0,270523000.0,418.1059420099379,996.0,1320.0,7453022.0,1.3861225972813582
693,681.0,664.5,17.0,845900.0,831550.0,21300.0,175.1515627974672,996.0,1320.0,15.606471030850264,1.39157309437525,701498.0,476672.0,216433.0,882527600.0,601514300.0,270541400.0,417.867129347082,996.0,1320.0,7463046.0,1.3970235914691416
694,681.0,663.0,12.5,850650.0,824900.0,15800.0,169.4257677952777,995.5,1320.0,15.60105580693816,1.3953837932825066,702478.0,477344.0,216443.0,883755800.0,602348000.0,270554600.0,417.6216912018876,995.0,1320.0,7473709.0,1.3937439950958719
695,789.0,687.0,11.5,988600.0,857650.0,15000.0,170.84408466262195,995.0,1320.0,16.00145560407569,1.3955941516824613,703076.0,478046.0,216456.0,884504800.0,603229600.0,270571400.0,417.37023921080424,995.0,1320.0,7485032.0,1.3974443082690506
696,490.0,672.5,17.0,612650.0,839950.0,21800.0,176.62218290181886,995.0,1320.0,15.965799256505576,1.3970019090386214,703458.0,478691.0,216477.0,884981100.0,604030400.0,270598200.0,417.1431850823198,995.0,1320.0,7495228.0,1.3965595098081922
697,681.0,628.5,14.0,856250.0,784350.0,18200.0,172.94229395239077,994.5,1320.0,15.731105807478123,1.3998000893776803,704438.0,479304.0,216484.0,886217300.0,604799300.0,270607800.0,416.91845629651283,994.0,1320.0,7504823.0,1.4030406689471684
698,980.0,629.5,11.0,1231550.0,788750.0,13950.0,170.75872632931137,994.0,1320.0,15.824463860206514,1.4053753907749111,705418.0,479950.0,216499.0,887444200.0,605607900.0,270626100.0,416.690002592773,994.0,1320.0,7515151.0,1.4077101126026539
699,789.0,684.5,15.0,984100.0,857600.0,18050.0,172.04191645211955,994.0,1320.0,15.678597516435355,1.401421938755269,706016.0,480673.0,216514.0,888185500.0,606514500.0,270643900.0,416.42707840328893,994.0,1320.0,7526287.0,1.3951337649078845
700,490.0,672.5,17.5,610500.0,840800.0,21200.0,177.64724698799523,994.5,1320.0,15.936059479553903,1.3942118414928468,706398.0,481295.0,216534.0,888665200.0,607289500.0,270668500.0,416.21728076158735,995.0,1320.0,7536585.0,1.3932899180778089
701,681.0,668.5,19.5,851950.0,834350.0,24850.0,182.76039532397107,994.5,1320.0,16.165295437546746,1.3994593074456971,707378.0,482010.0,216553.0,889889400.0,608183200.0,270693600.0,415.9668116042792,994.0,1320.0,7547900.0,1.4056286968135854
702,789.0,697.5,22.0,982650.0,870150.0,28900.0,184.22010501668916,994.0,1320.0,16.09032258064516,1.4035752121743115,707976.0,482690.0,216578.0,890630500.0,609029800.0,270726300.0,415.7398616091358,994.0,1320.0,7559031.0,1.4015217275350373
703,490.0,687.5,22.5,611350.0,857150.0,28600.0,183.38650777100773,993.5,1320.0,15.918545454545454,1.4106649236715785,708358.0,483385.0,216598.0,891112100.0,609897500.0,270750800.0,415.4949943866567,993.0,1320.0,7569788.0,1.4198081198081196
704,681.0,672.5,20.5,851500.0,842400.0,24750.0,176.34711990890182,993.0,1320.0,15.377695167286245,1.408930473274181,709338.0,484035.0,216619.0,892333500.0,610714600.0,270775800.0,415.26630641641924,993.0,1320.0,7579714.0,1.3980528267402423
705,980.0,705.5,19.0,1223250.0,883600.0,22450.0,175.75780586536536,993.0,1320.0,15.721474131821402,1.4012714592073219,710318.0,484796.0,216636.0,893558600.0,611664700.0,270795700.0,414.99975153179986,993.0,1320.0,7591971.0,1.4044900916744012
706,789.0,761.0,16.5,986250.0,952300.0,20200.0,175.77130069871,993.0,1320.0,16.077529566360052,1.40755129726727,710916.0,485557.0,216652.0,894306000.0,612619200.0,270816200.0,414.7359589929441,993.0,1320.0,7604184.0,1.4106125028601386
707,490.0,728.5,22.5,611500.0,910800.0,29200.0,183.77674515869953,993.0,1320.0,15.991763898421414,1.4148332616228054,711298.0,486253.0,216681.0,894781600.0,613486300.0,270854100.0,414.5056838731387,993.0,1320.0,7615271.0,1.419054020385472
708,681.0,659.0,19.0,849250.0,823350.0,24550.0,181.61204626265808,993.0,1320.0,15.996206373292868,1.4143786444884334,712278.0,486875.0,216690.0,896004500.0,614265900.0,270865300.0,414.28665292220114,993.0,1320.0,7625267.0,1.409703268591395
709,980.0,637.5,12.0,1228850.0,796300.0,14800.0,170.61804286333512,993.5,1320.0,15.707450980392156,1.4094259316461866,713258.0,487528.0,216705.0,897239300.0,615078900.0,270883700.0,414.05581849382327,994.0,1320.0,7635298.0,1.409148594700978
710,789.0,698.0,20.0,991050.0,870900.0,24900.0,177.98292396387583,994.0,1320.0,15.711318051575931,1.4143546248020094,713856.0,488271.0,216730.0,897986600.0,616007700.0,270915100.0,413.8053313995593,994.0,1320.0,7647200.0,1.4195606549030406
711,490.0,743.5,24.5,613800.0,926100.0,30150.0,184.4170883430078,994.0,1320.0,16.08406186953598,1.4210149740216949,714238.0,489015.0,216754.0,898466900.0,616931100.0,270944000.0,413.55604436161855,994.0,1320.0,7659215.0,1.422469293140349
712,681.0,686.0,22.0,854800.0,858400.0,26500.0,182.45578283701244,994.0,1320.0,15.923469387755102,1.425178752640846,715218.0,489643.0,216774.0,899696200.0,617724500.0,270968100.0,413.3415954464817,994.0,1320.0,7669047.0,1.427888212141343
713,980.0,657.5,20.0,1222100.0,825900.0,24000.0,178.00154047643773,994.0,1320.0,15.56425855513308,1.4152182484429532,716198.0,490330.0,216794.0,900911100.0,618582900.0,270992000.0,413.1046718261593,994.0,1320.0,7679682.0,1.4025482847445634
714,789.0,703.0,18.5,983000.0,880500.0,22300.0,175.2912797918834,994.0,1320.0,15.576813655761024,1.407799747351495,716796.0,491049.0,216811.0,901662200.0,619485500.0,271012700.0,412.85632066688026,994.0,1320.0,7690948.0,1.4130512099584265
715,490.0,715.5,20.5,614000.0,900200.0,25100.0,178.92678425036877,994.0,1320.0,15.743535988819009,1.4145625217959883,717178.0,491761.0,216835.0,902139100.0,620383300.0,271042200.0,412.618203019518,994.0,1320.0,7702211.0,1.4160738336335499
716,681.0,711.5,19.0,851250.0,893350.0,23700.0,178.47843708884955,994.0,1320.0,15.909346451159522,1.4159591393627555,718158.0,492472.0,216849.0,903364700.0,621272200.0,271060100.0,412.37356872818464,994.0,1320.0,7713587.0,1.415844445091961
717,980.0,670.5,17.5,1226350.0,838750.0,21900.0,177.5549751622516,993.5,1320.0,15.78523489932886,1.415902627155874,719138.0,493102.0,216870.0,904591800.0,622060800.0,271086000.0,412.1626258960099,993.0,1320.0,7723379.0,1.415960809219787
718,789.0,658.5,18.0,988500.0,823950.0,21900.0,179.37171684175576,993.0,1320.0,15.763097949886104,1.418066518662974,719736.0,493789.0,216885.0,905341700.0,622920100.0,271103900.0,411.9299736260686,993.0,1320.0,7734347.0,1.420172228106161
719,490.0,702.5,19.0,611800.0,879150.0,22900.0,180.11864131604008,993.0,1320.0,15.89252669039146,1.4158380912359108,720118.0,494507.0,216908.0,905815400.0,623819100.0,271131800.0,411.6919590282202,993.0,1320.0,7745708.0,1.4115039543656602
720,681.0,709.0,20.5,848250.0,885500.0,25150.0,180.22366063842514,993.0,1320.0,15.782792665726376,1.411558321228514,721098.0,495207.0,216926.0,907038200.0,624691100.0,271154200.0,411.45525961808147,993.0,1320.0,7756727.0,1.411612688091368
721,887.0,661.0,13.5,1106000.0,824450.0,16750.0,172.91955541130628,993.0,1320.0,15.804841149773072,1.4170255875271383,721892.0,495829.0,216935.0,908027400.0,625468000.0,271165300.0,411.2400507212909,993.0,1320.0,7766602.0,1.4224384869629088
722,789.0,656.0,8.0,985800.0,824000.0,10300.0,168.78875153330597,992.5,1320.0,16.12423780487805,1.420856837757508,722676.0,496519.0,216942.0,909009800.0,626339100.0,271174800.0,411.00357252833504,992.0,1320.0,7777882.0,1.4192751885521069
723,583.0,719.5,8.0,730600.0,904800.0,10050.0,168.3334840264251,991.5,1320.0,16.120917303683115,1.4173420017054523,723058.0,497268.0,216951.0,909488600.0,627277600.0,271185400.0,410.7452038262321,991.0,1320.0,7789800.0,1.4154088148587975
724,681.0,731.0,9.5,851350.0,913500.0,11800.0,165.93579764615163,991.0,1320.0,15.760601915184678,1.4132895138123776,724038.0,497981.0,216961.0,910712500.0,628166100.0,271198400.0,410.4959154392273,991.0,1320.0,7800924.0,1.4111702127659576
725,789.0,711.5,13.5,989650.0,888550.0,17350.0,172.05435380529525,991.0,1320.0,15.885453267744202,1.4151955593591972,724636.0,498691.0,216978.0,911467900.0,629054700.0,271220100.0,410.2615979518254,991.0,1320.0,7812405.0,1.4192209059524368
726,490.0,684.0,14.0,617550.0,856300.0,17850.0,173.99686995977868,991.0,1320.0,15.914473684210526,1.4125225669956474,725018.0,499349.0,216990.0,911947600.0,629878700.0,271235200.0,410.0358481199758,991.0,1320.0,7822695.0,1.4058242280388582
727,681.0,656.0,13.0,854300.0,820950.0,16350.0,173.63118210091972,991.0,1320.0,15.972560975609756,1.4071980007754354,725998.0,500003.0,217004.0,913176500.0,630696600.0,271252800.0,409.8200241646675,991.0,1320.0,7833361.0,1.4085717735120125
728,980.0,661.0,16.0,1226500.0,828050.0,20400.0,177.30923264975414,991.0,1320.0,15.986384266263238,1.4060223146207322,726978.0,500671.0,217022.0,914400600.0,631534800.0,271276000.0,409.59678596199615,991.0,1320.0,7843829.0,1.403472855729452
729,789.0,719.0,16.0,985950.0,899500.0,21000.0,173.30545988177425,991.0,1320.0,15.803198887343532,1.3997946638978491,727576.0,501441.0,217036.0,915148400.0,632495600.0,271294800.0,409.33611666380654,991.0,1320.0,7856086.0,1.3961164720662465
730,490.0,748.5,15.0,614500.0,933450.0,19500.0,171.80435797275143,991.0,1320.0,15.764195056780228,1.4018758651880447,727958.0,502168.0,217052.0,915629600.0,633401700.0,271315000.0,409.09192091717046,991.0,1320.0,7867428.0,1.407635258309843
731,681.0,688.5,15.5,860250.0,858000.0,19200.0,173.75341267421516,990.5,1320.0,15.727668845315904,1.4067490782552832,728938.0,502818.0,217067.0,916868900.0,634211600.0,271333200.0,408.8753480032331,990.0,1320.0,7877743.0,1.4058628982007235
732,980.0,654.0,17.5,1232550.0,817650.0,21650.0,178.19153854398567,989.5,1320.0,15.805810397553516,1.4079625480273752,729918.0,503476.0,217087.0,918094700.0,635037000.0,271358300.0,408.6615640801871,989.0,1320.0,7888102.0,1.4100621978540269
733,789.0,700.5,23.0,984550.0,879450.0,29500.0,182.29991605202588,989.0,1320.0,15.68807994289793,1.4154185472167926,730516.0,504219.0,217113.0,918838000.0,635970500.0,271392200.0,408.42083517137036,989.0,1320.0,7899722.0,1.4207748965795581
734,490.0,716.5,22.5,608300.0,896050.0,29050.0,180.19164829971476,988.5,1320.0,15.67271458478716,1.4189891342805163,730898.0,504909.0,217132.0,919311300.0,636829100.0,271416400.0,408.1938918350895,988.0,1320.0,7910561.0,1.4172033719814745
735,681.0,622.5,17.0,848600.0,777950.0,21200.0,177.64662182971,987.0,1320.0,15.82570281124498,1.4106558811012153,731878.0,505464.0,217147.0,920535200.0,637526400.0,271434600.0,408.01237167045025,986.0,1320.0,7919425.0,1.4041083902209561
736,980.0,598.5,13.5,1223400.0,748450.0,16650.0,173.45973882004716,986.0,1320.0,15.770258980785297,1.3943458763123666,732858.0,506106.0,217159.0,921758100.0,638326000.0,271449700.0,407.79664517820606,986.0,1320.0,7929438.0,1.3845833624037769
737,643.5,721.0,16.5,805000.0,901050.0,20950.0,173.09927183935295,986.0,1320.0,15.561719833564494,1.389519522253319,733165.0,506906.0,217180.0,922145200.0,639328500.0,271476500.0,407.5338417413378,986.0,1320.0,7941865.0,1.394455682102861
738,650.5,710.0,19.0,810450.0,889550.0,23800.0,176.59618229808405,986.0,1320.0,15.585915492957746,1.392232237812368,734159.0,507526.0,217197.0,923379000.0,640105100.0,271497300.0,407.3315153632578,986.0,1320.0,7951570.0,1.3900087935218748
739,826.5,625.0,25.0,1029550.0,781600.0,31400.0,187.37958578976907,985.5,1320.0,15.6912,1.3892526690776372,734818.0,508156.0,217230.0,924204300.0,640891700.0,271539300.0,407.13929244932416,985.0,1320.0,7961479.0,1.3884965446333999
740,819.5,669.5,27.0,1021550.0,840650.0,33900.0,188.65259720484363,984.5,1320.0,15.671396564600448,1.3954295069578468,735798.0,508865.0,217251.0,925422100.0,641786400.0,271565100.0,406.911995984818,984.0,1320.0,7972554.0,1.4023624692822938
741,650.5,705.0,20.0,809050.0,883900.0,24800.0,178.92776764074083,984.0,1320.0,15.688652482269504,1.4018060202229856,736119.0,509566.0,217270.0,925822400.0,642659500.0,271588900.0,406.68402233203017,984.0,1320.0,7983600.0,1.4012495711636777
742,490.0,698.0,22.0,612200.0,872000.0,27700.0,181.26273095076147,984.0,1320.0,15.765759312320917,1.4011743435885666,736778.0,510261.0,217295.0,926646500.0,643530400.0,271620500.0,406.4653843952641,984.0,1320.0,7994563.0,1.4010991160134556
743,819.5,721.5,28.5,1023250.0,898100.0,35300.0,189.8357164399111,984.0,1320.0,16.092169092169094,1.3975556147228898,737758.0,511009.0,217327.0,927868900.0,644455700.0,271659500.0,406.23742562551274,984.0,1320.0,8006821.0,1.394012113432324
744,980.0,685.5,25.0,1220300.0,853300.0,31600.0,185.7159302793457,983.0,1320.0,15.956965718453683,1.401971915954547,738738.0,511637.0,217345.0,929087100.0,645243300.0,271683700.0,406.033279768974,982.0,1320.0,8016504.0,1.4099317184767697
745,683.0,674.5,22.0,848750.0,842100.0,27500.0,180.77030505079617,982.0,1320.0,15.636026686434397,1.4123821650861004,739124.0,512364.0,217372.0,929566400.0,646147500.0,271715900.0,405.80571581007257,982.0,1320.0,8028005.0,1.414832611695431
746,490.0,713.5,29.5,610700.0,888900.0,36450.0,191.95204880798377,982.0,1320.0,16.13665031534688,1.4107849825539276,739718.0,513064.0,217404.0,930308500.0,647021100.0,271756600.0,405.59777169852106,982.0,1320.0,8039531.0,1.4067373534124243
747,787.0,691.0,24.0,984150.0,864450.0,29800.0,186.26680168089712,982.0,1320.0,16.060781476121562,1.4090171742482742,740698.0,513746.0,217420.0,931534700.0,647876400.0,271775500.0,405.37634594439874,982.0,1320.0,8050201.0,1.411296995084124
748,947.0,679.0,16.0,1181900.0,847450.0,19500.0,174.43042761787044,982.0,1320.0,15.796023564064802,1.4146239510065186,741612.0,514422.0,217436.0,932672300.0,648716000.0,271795600.0,405.15872121567656,982.0,1320.0,8060982.0,1.417950906928913
749,683.0,679.5,21.0,848100.0,842600.0,26700.0,180.5274814387964,982.0,1320.0,15.747608535688006,1.4144264376035736,742064.0,515105.0,217462.0,933230900.0,649561600.0,271828900.0,404.946333045684,982.0,1320.0,8071602.0,1.4109019682782344
750,522.5,677.0,20.5,649900.0,839650.0,25900.0,182.6545652431547,982.0,1320.0,15.999261447562777,1.4076198879348638,742658.0,515776.0,217477.0,933973600.0,650395300.0,271847400.0,404.7354112563832,982.0,1320.0,8082645.0,1.4043378075914934
751,787.0,683.5,16.5,984650.0,852100.0,20350.0,177.4478027143518,982.0,1320.0,15.988295537673737,1.4067679689802914,743638.0,516472.0,217495.0,935200200.0,651265800.0,271869600.0,404.5123926335613,982.0,1320.0,8093458.0,1.4091981303690895
752,683.0,706.5,21.0,850400.0,883800.0,26200.0,178.8457111686135,982.0,1320.0,15.731776362349612,1.4121267240988182,744024.0,517189.0,217519.0,935674400.0,652162900.0,271899800.0,404.28806412850633,982.0,1320.0,8104874.0,1.415055317828547
753,490.0,691.0,24.5,608500.0,864600.0,30300.0,184.52242802431763,982.0,1320.0,15.946454413892909,1.407141274290444,744618.0,517854.0,217544.0,936417200.0,652995000.0,271930200.0,404.08431744250123,982.0,1320.0,8115496.0,1.3992272307523412
754,787.0,668.5,26.5,987600.0,832600.0,32800.0,187.29362020346574,981.0,1320.0,15.846671652954376,1.400612233905036,745598.0,518526.0,217572.0,937649600.0,653828100.0,271965400.0,403.8783058122834,980.0,1320.0,8126061.0,1.4019972370577307
755,980.0,672.5,29.0,1227800.0,837900.0,36250.0,191.11380189985215,979.5,1320.0,15.986617100371747,1.4051331147637334,746578.0,519199.0,217602.0,938872800.0,654670800.0,272002700.0,403.6787837457416,979.0,1320.0,8136998.0,1.4082689924697362
756,696.5,678.5,31.5,869650.0,844650.0,39600.0,196.03246556874188,979.0,1320.0,16.250552689756816,1.409023126430873,746991.0,519883.0,217635.0,939388900.0,655517400.0,272044600.0,403.4781242666867,979.0,1320.0,8148113.0,1.4097772603920098
757,490.0,698.5,34.5,608700.0,867050.0,44050.0,199.01107793572282,979.0,1320.0,16.145311381531855,1.4068232500795594,747558.0,520596.0,217671.0,940090200.0,656404900.0,272090800.0,403.27236864562724,979.0,1320.0,8159553.0,1.403869239767109
758,773.5,699.0,34.0,964800.0,871050.0,43700.0,199.2541206260156,978.5,1320.0,16.168097281831187,1.406837920804033,748538.0,521281.0,217703.0,941318500.0,657259500.0,272132000.0,403.0729837097387,978.0,1320.0,8170716.0,1.4098066018409567
759,980.0,623.0,26.0,1223800.0,774050.0,33000.0,192.22531815490075,978.0,1320.0,16.21027287319422,1.4087266243768526,749518.0,521842.0,217723.0,942537800.0,657953000.0,272156800.0,402.9019629726486,978.0,1320.0,8179751.0,1.4076466469127482
760,696.5,673.5,23.0,868300.0,833550.0,28050.0,181.77699126469633,978.0,1320.0,15.730512249443207,1.4117792506280387,749931.0,522628.0,217749.0,943055100.0,658926600.0,272188100.0,402.6566210762748,978.0,1320.0,8191905.0,1.4159118543433291
761,490.0,731.5,21.0,614650.0,910650.0,25850.0,177.38871456319572,977.5,1320.0,15.632946001367054,1.4176524791080944,750498.0,523305.0,217765.0,943767100.0,659774300.0,272208500.0,402.4439800036214,977.0,1320.0,8202622.0,1.41939310387286
762,773.5,660.5,19.5,968300.0,825800.0,24900.0,181.568134378053,977.0,1320.0,16.087055261165784,1.416840984784374,751478.0,523949.0,217788.0,944991700.0,660578200.0,272237900.0,402.2512478214541,977.0,1320.0,8213156.0,1.4142888656958879
763,696.5,675.5,22.5,868250.0,843150.0,28550.0,187.9182676790276,977.0,1320.0,16.300518134715027,1.4149406392978572,751891.0,524656.0,217810.0,945503600.0,661460600.0,272265600.0,402.0406243019389,977.0,1320.0,8224644.0,1.4155924128998265
764,579.0,659.0,23.0,722550.0,824350.0,29600.0,187.59000676027915,976.5,1320.0,16.116843702579665,1.416465613398148,752636.0,525267.0,217834.0,946436800.0,662226900.0,272297100.0,401.85722610326667,976.0,1320.0,8234398.0,1.4173388138964693
765,773.5,670.5,24.0,965400.0,837050.0,30500.0,185.78083043704635,975.5,1320.0,16.120805369127517,1.4192114767405402,753438.0,525997.0,217858.0,947434400.0,663134700.0,272326600.0,401.6368025172123,975.0,1320.0,8246262.0,1.4210841395846112
766,890.5,684.5,20.5,1113150.0,853500.0,25150.0,185.6997176221816,975.0,1320.0,16.403944485025566,1.41638440166102,754418.0,526636.0,217875.0,948664300.0,663933900.0,272347400.0,401.447853928836,975.0,1320.0,8256855.0,1.411684663737429
767,696.5,658.5,22.0,874900.0,822250.0,27650.0,190.50918971555805,975.0,1320.0,16.347000759301444,1.4110884758466935,754831.0,527314.0,217902.0,949184200.0,664779200.0,272381900.0,401.25121675278535,975.0,1320.0,8267791.0,1.410492287955958
768,490.0,707.0,25.0,613250.0,882800.0,31900.0,191.00464112831526,975.0,1320.0,16.338755304101838,1.415155758549531,755398.0,528050.0,217925.0,949890800.0,665699500.0,272411200.0,401.0348523355643,975.0,1320.0,8279958.0,1.4198192291431038
769,773.5,683.0,22.5,965000.0,852550.0,27250.0,190.60432168783274,975.0,1320.0,16.67349926793558,1.4106123485642759,756378.0,528680.0,217947.0,951114200.0,666484300.0,272436400.0,400.85312939599584,975.0,1320.0,8290567.0,1.401405467985448
770,980.0,668.5,18.0,1229200.0,836400.0,21400.0,183.31171623782984,975.0,1320.0,16.464472700074793,1.401465503418886,757358.0,529387.0,217961.0,952349200.0,667372300.0,272454000.0,400.6348594729847,975.0,1320.0,8301971.0,1.4015255388523244
771,783.5,714.0,14.5,985250.0,895150.0,18000.0,175.87876169194348,975.0,1320.0,16.102240896358545,1.4110614834289776,757945.0,530108.0,217976.0,953084700.0,668274600.0,272472400.0,400.41495981377625,975.0,1320.0,8313561.0,1.4205974280056308
772,490.0,731.5,21.5,613500.0,917500.0,27400.0,182.79110212746525,975.0,1320.0,16.03280929596719,1.4150999060140232,758338.0,530855.0,218004.0,953576200.0,669213100.0,272508800.0,400.19519147431373,975.0,1320.0,8325512.0,1.4096023840224157
773,686.5,709.0,28.0,859550.0,888900.0,35550.0,191.6456518860366,975.5,1320.0,16.171368124118477,1.4150442826200273,759318.0,531526.0,218032.0,954803800.0,670052400.0,272543500.0,400.0044165871198,976.0,1320.0,8336492.0,1.4204861812176388
774,980.0,632.5,30.5,1225450.0,791150.0,37500.0,196.3400674281808,976.0,1320.0,15.926482213438735,1.4203984360668538,760298.0,532120.0,218065.0,956027100.0,670795400.0,272583800.0,399.8348644956544,976.0,1320.0,8345659.0,1.4203106909160688
775,783.5,664.0,28.5,976950.0,829700.0,34950.0,189.1454240496193,976.0,1320.0,15.65210843373494,1.4222083633621163,760885.0,532854.0,218089.0,956757700.0,671711800.0,272613400.0,399.61551928777055,976.0,1320.0,8357278.0,1.4241060358081636
776,490.0,725.5,26.0,610350.0,913050.0,32650.0,187.84075267228036,976.0,1320.0,15.98277050310131,1.418833307138541,761278.0,533571.0,218117.0,957247800.0,672621500.0,272649100.0,399.4109823130568,976.0,1320.0,8368850.0,1.4135605784689187
777,686.5,718.5,24.0,859400.0,905050.0,30050.0,184.2086495069561,975.5,1320.0,15.788448155880307,1.406713295492606,762258.0,534291.0,218137.0,958476500.0,673521900.0,272673500.0,399.19038997091076,975.0,1320.0,8379966.0,1.3998660125162934
778,783.5,704.5,23.0,984450.0,880650.0,29000.0,180.46114431155078,975.0,1320.0,15.586231369765791,1.401050090384458,762845.0,534980.0,218163.0,959216700.0,674382800.0,272707100.0,398.98799223774256,975.0,1320.0,8390811.0,1.4022341682526227
779,609.0,686.0,27.5,764200.0,860300.0,35900.0,189.6203282365456,974.5,1320.0,15.911807580174926,1.4060067722501073,763476.0,535663.0,218192.0,960004900.0,675242500.0,272745300.0,398.7936870531151,974.0,1320.0,8401797.0,1.4097793762475919
780,686.5,658.5,25.5,857600.0,827400.0,32600.0,187.73849744772616,974.0,1320.0,15.832953682611997,1.4163828267927263,764218.0,536299.0,218214.0,960931900.0,676040300.0,272772300.0,398.6044148894594,974.0,1320.0,8411695.0,1.4229862773378605
781,861.0,690.5,22.5,1076000.0,866950.0,27550.0,179.34109912462736,974.0,1320.0,15.476466328747284,1.4144131463976521,765198.0,537044.0,218237.0,962156900.0,676976400.0,272800400.0,398.3793520037935,974.0,1320.0,8423170.0,1.4058400154574437
782,980.0,741.0,25.5,1226450.0,926100.0,31150.0,181.25193565167683,974.0,1320.0,15.462887989203779,1.4053395280612984,766178.0,537781.0,218265.0,963384800.0,677892500.0,272834600.0,398.1636991781513,974.0,1320.0,8434611.0,1.404839040665153
783,609.0,722.5,25.5,762300.0,898350.0,30800.0,184.01970673709891,974.0,1320.0,15.768858131487889,1.408127219458743,766416.0,538489.0,218288.0,963681500.0,678773100.0,272862000.0,397.95560494314293,974.0,1320.0,8445956.0,1.4114153982523332
784,490.0,705.5,21.0,614850.0,878350.0,25500.0,179.3935542597717,973.5,1320.0,15.85471296952516,1.4150172802203134,767158.0,539192.0,218307.0,964614500.0,679649200.0,272885600.0,397.7440642735957,973.0,1320.0,8456982.0,1.4186191621882938
785,861.0,667.0,20.5,1080150.0,836700.0,25250.0,179.72046213547844,972.5,1320.0,15.684407796101949,1.419139075012306,768138.0,539823.0,218329.0,965841800.0,680446500.0,272912500.0,397.559809217008,972.0,1320.0,8466879.0,1.4196589878363182
786,980.0,678.0,18.0,1224450.0,852100.0,22200.0,176.88808453011555,972.0,1320.0,15.741150442477876,1.4228264793253957,769118.0,540548.0,218343.0,967063400.0,681353400.0,272930000.0,397.338957975324,972.0,1320.0,8478327.0,1.4259939708144733
787,609.0,728.0,19.5,761600.0,914200.0,25100.0,175.9326169429148,972.0,1320.0,15.57760989010989,1.4214476287600806,769356.0,541279.0,218368.0,967365000.0,682274900.0,272962700.0,397.12364261271745,972.0,1320.0,8489560.0,1.4169012867056876
788,490.0,745.5,22.5,616900.0,934800.0,28450.0,182.0753372186316,972.0,1320.0,15.902079141515761,1.4172444114222302,770098.0,542039.0,218388.0,968297200.0,683223000.0,272986900.0,396.9041431653771,972.0,1320.0,8502037.0,1.4175875361387729
789,861.0,689.5,19.0,1079200.0,860700.0,23100.0,182.0857957289805,971.5,1320.0,16.18346627991298,1.4118741809386668,771078.0,542658.0,218406.0,969523400.0,683996300.0,273008900.0,396.7232707267336,971.0,1320.0,8511877.0,1.406160825738561
790,980.0,664.5,14.0,1220900.0,831450.0,16850.0,176.11065167676577,971.5,1320.0,16.12114371708051,1.4055529454838762,772058.0,543368.0,218416.0,970739000.0,684885900.0,273020600.0,396.51083381791074,972.0,1320.0,8523462.0,1.4049450652291915
791,609.0,723.0,14.5,754850.0,904850.0,17800.0,174.11246342192905,972.0,1320.0,16.027662517289073,1.41106849425804,772296.0,544104.0,218435.0,971033100.0,685806000.0,273044500.0,396.2926685663513,972.0,1320.0,8535053.0,1.4171919232868886
792,490.0,766.0,15.0,612000.0,961850.0,18850.0,173.04594912834682,972.0,1320.0,15.860313315926893,1.415115767428603,773038.0,544900.0,218446.0,971963000.0,686809600.0,273058300.0,396.05356784692793,972.0,1320.0,8547760.0,1.4130396115703172
793,861.0,716.5,17.5,1073550.0,902500.0,21950.0,178.34941169293165,972.5,1320.0,15.958827634333566,1.4074395086503868,774018.0,545537.0,218470.0,973180200.0,687611000.0,273088400.0,395.8739018520531,973.0,1320.0,8557922.0,1.4018394057304566
794,980.0,649.0,23.0,1222250.0,808400.0,28450.0,182.38584722410815,973.5,1320.0,15.664098613251156,1.4063963051477306,774998.0,546198.0,218492.0,974407500.0,688426400.0,273115200.0,395.67803081032696,974.0,1320.0,8568092.0,1.4109532045650044
795,609.0,687.0,17.5,762500.0,851700.0,21750.0,173.15272260326105,974.0,1320.0,15.580058224163027,1.4066032158595176,775236.0,546911.0,218505.0,974705200.0,689314400.0,273131900.0,395.46391023760674,974.0,1320.0,8579329.0,1.402253227154031
796,490.0,724.0,31.5,610400.0,903900.0,39250.0,193.3485515418503,975.5,1320.0,16.130524861878452,1.4006626327774843,775978.0,547646.0,218555.0,975628300.0,690234200.0,273193700.0,395.27902344388457,977.0,1320.0,8591449.0,1.3990720384009379
797,861.0,685.0,38.0,1075950.0,854900.0,47400.0,202.51444353808245,978.0,1320.0,16.146715328467153,1.3990647500007185,776958.0,548281.0,218581.0,976857100.0,691024200.0,273226700.0,395.10008346193183,979.0,1320.0,8601450.0,1.399057461600499
