Time,Current_Generated_Packets_Number,Current_Arrived_Packets_Number,Current_Lost_Packets_Number,Current_Generated_Packets_Byte,Current_Arrived_Packets_Byte,Current_Lost_Packets_Byte,Current_Latency,Current_Covered_Users_Number,Current_Operational_Satellite_Number,Current_Hop_Count,Current_Load_Deviation,Total_Generated_Packets_Number,Total_Arrived_Packets_Number,Total_Lost_Packets_Number,Total_Generated_Packets_Byte,Total_Arrived_Packets_Byte,Total_Lost_Packets_Byte,Total_Latency,Total_Covered_Users_Number,Total_Operational_Satellite_Number,Total_Hop_Count,Total_Load_Deviation
0,0.0,0.0,0.0,0.0,0.0,0.0,0.0,1.0,1584.0,0.0,0.0,0.0,0.0,0.0,0.0,0.0,0.0,0.0,1.0,1584.0,0.0,0.0
1,1310.0,0.0,0.0,10747152.5,0.0,0.0,0.0,500.5,1584.0,0.0,0.0,2620.0,0.0,0.0,21494305.0,0.0,0.0,0.0,1000.0,1584.0,0.0,0.0
2,1310.0,524.0,0.0,10747152.5,4298861.0,0.0,543.7859804310592,1000.0,1584.0,10.0,0.9974747474747475,2620.0,1048.0,0.0,21494305.0,8597722.0,0.0,543.7859804310592,1000.0,1584.0,10480.0,1.994949494949495
3,0.0,1310.0,0.0,0.0,10747152.5,0.0,520.0611094754928,1000.0,1584.0,17.4,0.9974747474747475,2620.0,2620.0,0.0,21494305.0,21494305.0,0.0,520.0611094754922,1000.0,1584.0,45588.0,0.0
4,0.0,786.0,0.0,0.0,6448291.5,0.0,504.2445288384485,1000.0,1584.0,22.333333333333332,0.0,2620.0,2620.0,0.0,21494305.0,21494305.0,0.0,520.0611094754922,1000.0,1584.0,45588.0,0.0
5,0.0,0.0,0.0,0.0,0.0,0.0,0.0,1000.0,1584.0,0.0,0.0,2620.0,2620.0,0.0,21494305.0,21494305.0,0.0,520.0611094754922,1000.0,1584.0,45588.0,0.0
6,0.0,0.0,0.0,0.0,0.0,0.0,0.0,1000.0,1584.0,0.0,0.0,2620.0,2620.0,0.0,21494305.0,21494305.0,0.0,520.0611094754922,1000.0,1584.0,45588.0,0.0
7,0.0,0.0,0.0,0.0,0.0,0.0,0.0,1000.0,1584.0,0.0,0.0,2620.0,2620.0,0.0,21494305.0,21494305.0,0.0,520.0611094754922,1000.0,1584.0,45588.0,0.0
8,0.0,0.0,0.0,0.0,0.0,0.0,0.0,1000.0,1584.0,0.0,0.0,2620.0,2620.0,0.0,21494305.0,21494305.0,0.0,520.0611094754922,1000.0,1584.0,45588.0,0.0
9,0.0,0.0,0.0,0.0,0.0,0.0,0.0,1000.0,1584.0,0.0,0.0,2620.0,2620.0,0.0,21494305.0,21494305.0,0.0,520.0611094754922,1000.0,1584.0,45588.0,0.0
10,0.0,0.0,0.0,0.0,0.0,0.0,0.0,1000.0,1584.0,0.0,0.0,2620.0,2620.0,0.0,21494305.0,21494305.0,0.0,520.0611094754922,1000.0,1584.0,45588.0,0.0
11,0.0,0.0,0.0,0.0,0.0,0.0,0.0,1000.0,1584.0,0.0,0.0,2620.0,2620.0,0.0,21494305.0,21494305.0,0.0,520.0611094754922,1000.0,1584.0,45588.0,0.0
12,0.0,0.0,0.0,0.0,0.0,0.0,0.0,1000.0,1584.0,0.0,0.0,2620.0,2620.0,0.0,21494305.0,21494305.0,0.0,520.0611094754922,1000.0,1584.0,45588.0,0.0
13,0.0,0.0,0.0,0.0,0.0,0.0,0.0,1000.0,1584.0,0.0,0.0,2620.0,2620.0,0.0,21494305.0,21494305.0,0.0,520.0611094754922,1000.0,1584.0,45588.0,0.0
14,0.0,0.0,0.0,0.0,0.0,0.0,0.0,1000.0,1584.0,0.0,0.0,2620.0,2620.0,0.0,21494305.0,21494305.0,0.0,520.0611094754922,1000.0,1584.0,45588.0,0.0
15,262.0,0.0,0.0,2149334.5,0.0,0.0,0.0,1000.0,1584.0,0.0,0.0,3144.0,2620.0,0.0,25792974.0,21494305.0,0.0,520.0611094754922,1000.0,1584.0,45588.0,0.0
16,1310.0,0.0,0.0,10746672.5,0.0,0.0,0.0,1000.0,1584.0,0.0,0.9987373737373739,5240.0,2620.0,0.0,42987650.0,21494305.0,0.0,520.0611094754922,1000.0,1584.0,45588.0,1.9974747474747478
17,1048.0,262.0,0.0,8597338.0,2149334.5,0.0,457.2523861813159,1000.0,1584.0,8.0,1.9962121212121213,5240.0,3144.0,0.0,42987650.0,25792974.0,0.0,509.59298892646285,1000.0,1584.0,49780.0,1.9949494949494948
18,0.0,786.0,0.0,0.0,6448003.5,0.0,543.2837223282814,1000.0,1584.0,14.666666666666666,1.9962121212121213,5240.0,4192.0,0.0,42987650.0,34390312.0,0.0,528.7695892952881,1000.0,1584.0,68644.0,1.9974747474747478
19,0.0,524.0,0.0,0.0,4298669.0,0.0,586.2993904017642,1000.0,1584.0,18.0,1.9974747474747478,5240.0,4192.0,0.0,42987650.0,34390312.0,0.0,528.7695892952881,1000.0,1584.0,68644.0,1.9974747474747478
20,0.0,524.0,0.0,0.0,4298669.0,0.0,605.9751344921189,1000.0,1584.0,33.0,0.9987373737373739,5240.0,5240.0,0.0,42987650.0,42987650.0,0.0,544.2106983346542,1000.0,1584.0,103228.0,0.0
21,0.0,524.0,0.0,0.0,4298669.0,0.0,605.9751344921189,1000.0,1584.0,33.0,0.0,5240.0,5240.0,0.0,42987650.0,42987650.0,0.0,544.2106983346542,1000.0,1584.0,103228.0,0.0
22,1310.0,0.0,0.0,10747152.5,0.0,0.0,0.0,1000.0,1584.0,0.0,0.9981060606060603,7860.0,5240.0,0.0,64481955.0,42987650.0,0.0,544.2106983346542,1000.0,1584.0,103228.0,1.9962121212121207
23,1310.0,262.0,0.0,10747152.5,2149430.5,0.0,237.62870159893367,1000.0,1584.0,5.0,1.9968434343434343,7860.0,5764.0,0.0,64481955.0,47286511.0,0.0,516.3396077223161,1000.0,1584.0,105848.0,1.9974747474747476
24,0.0,262.0,0.0,0.0,2149430.5,0.0,237.62870159893367,1000.0,1584.0,5.0,1.9962121212121213,7860.0,5764.0,0.0,64481955.0,47286511.0,0.0,516.3396077223161,1000.0,1584.0,105848.0,1.994949494949495
25,0.0,0.0,0.0,0.0,0.0,0.0,0.0,1000.0,1584.0,0.0,1.995580808080808,7860.0,5764.0,0.0,64481955.0,47286511.0,0.0,516.3396077223161,1000.0,1584.0,105848.0,1.9962121212121207
26,262.0,0.0,0.0,2149334.5,0.0,0.0,0.0,1000.0,1584.0,0.0,1.995580808080808,8384.0,5764.0,0.0,68780624.0,47286511.0,0.0,516.3396077223161,1000.0,1584.0,105848.0,1.994949494949495
27,262.0,1310.0,0.0,2149334.5,10747056.5,0.0,484.28673380253684,1000.0,1584.0,26.0,0.9974747474747475,8384.0,8384.0,0.0,68780624.0,68780624.0,0.0,506.3230846223851,1000.0,1584.0,173968.0,0.0
28,0.0,1310.0,0.0,0.0,10747056.5,0.0,484.28673380253684,1000.0,1584.0,26.0,0.0,8384.0,8384.0,0.0,68780624.0,68780624.0,0.0,506.3230846223851,1000.0,1584.0,173968.0,0.0
29,0.0,0.0,0.0,0.0,0.0,0.0,0.0,1000.0,1584.0,0.0,0.0,8384.0,8384.0,0.0,68780624.0,68780624.0,0.0,506.3230846223851,1000.0,1584.0,173968.0,0.0
30,0.0,0.0,0.0,0.0,0.0,0.0,0.0,1000.0,1584.0,0.0,0.0,8384.0,8384.0,0.0,68780624.0,68780624.0,0.0,506.3230846223851,1000.0,1584.0,173968.0,0.0
31,0.0,0.0,0.0,0.0,0.0,0.0,0.0,1000.0,1584.0,0.0,0.0,8384.0,8384.0,0.0,68780624.0,68780624.0,0.0,506.3230846223851,1000.0,1584.0,173968.0,0.0
32,0.0,0.0,0.0,0.0,0.0,0.0,0.0,1000.0,1584.0,0.0,0.0,8384.0,8384.0,0.0,68780624.0,68780624.0,0.0,506.3230846223851,1000.0,1584.0,173968.0,0.0
33,0.0,0.0,0.0,0.0,0.0,0.0,0.0,1000.0,1584.0,0.0,0.0,8384.0,8384.0,0.0,68780624.0,68780624.0,0.0,506.3230846223851,1000.0,1584.0,173968.0,0.0
34,262.0,0.0,0.0,2149334.5,0.0,0.0,0.0,1000.0,1584.0,0.0,0.9993686868686869,8908.0,8384.0,0.0,73079293.0,68780624.0,0.0,506.3230846223851,1000.0,1584.0,173968.0,1.9987373737373737
35,786.0,0.0,0.0,6448003.5,0.0,0.0,0.0,1000.0,1584.0,0.0,1.9974747474747476,9956.0,8384.0,0.0,81676631.0,68780624.0,0.0,506.3230846223851,1000.0,1584.0,173968.0,1.9962121212121215
36,524.0,0.0,0.0,4298669.0,0.0,0.0,0.0,1000.0,1584.0,0.0,1.9968434343434343,9956.0,8384.0,0.0,81676631.0,68780624.0,0.0,506.3230846223851,1000.0,1584.0,173968.0,1.9974747474747472
37,262.0,524.0,0.0,2149334.5,4298669.0,0.0,516.4750651837281,1000.0,1584.0,27.5,1.9962121212121207,10480.0,9432.0,0.0,85975300.0,77377962.0,0.0,507.4510824625344,1000.0,1584.0,202788.0,1.994949494949494
38,262.0,786.0,0.0,2149334.5,6448003.5,0.0,530.7566350180754,1000.0,1584.0,29.0,1.9968434343434338,10480.0,9956.0,0.0,85975300.0,81676631.0,0.0,510.18101363223093,1000.0,1584.0,219556.0,1.9987373737373737
39,0.0,524.0,0.0,0.0,4298669.0,0.0,588.2640212437843,1000.0,1584.0,35.0,0.9993686868686869,10480.0,10480.0,0.0,85975300.0,85975300.0,0.0,515.5323763406594,1000.0,1584.0,239468.0,0.0
40,1310.0,262.0,0.0,10747152.5,2149334.5,0.0,617.2082678007988,1000.0,1584.0,38.0,0.0,13100.0,10480.0,0.0,107469605.0,85975300.0,0.0,515.5323763406594,1000.0,1584.0,239468.0,0.0
41,1310.0,280.0,0.0,10747152.5,2297318.5,0.0,312.1638135294369,1000.0,1584.0,6.321428571428571,0.9987373737373738,13100.0,11040.0,0.0,107469605.0,90569937.0,0.0,505.2165796763225,1000.0,1584.0,243008.0,1.9974747474747476
42,0.0,786.0,0.0,0.0,6448291.5,0.0,372.91893004732003,1000.0,1584.0,12.333333333333334,1.9981060606060606,13100.0,12052.0,0.0,107469605.0,98871883.0,0.0,496.93062247631116,1000.0,1584.0,258856.0,1.9987373737373737
43,0.0,505.5,0.0,0.0,4146865.0,0.0,406.6479290958987,1000.0,1584.0,15.664688427299703,1.9981060606060606,13100.0,12052.0,0.0,107469605.0,98871883.0,0.0,496.93062247631116,1000.0,1584.0,258856.0,1.9974747474747476
44,262.0,0.0,0.0,2149334.5,0.0,0.0,0.0,1000.0,1584.0,0.0,1.9974747474747476,13624.0,12052.0,0.0,111768274.0,98871883.0,0.0,496.93062247631116,1000.0,1584.0,258856.0,1.9974747474747476
45,262.0,0.0,0.0,2149334.5,0.0,0.0,0.0,1000.0,1584.0,0.0,1.9974747474747476,13624.0,12052.0,0.0,111768274.0,98871883.0,0.0,496.93062247631116,1000.0,1584.0,258856.0,1.9974747474747476
46,262.0,0.0,0.0,2149334.5,0.0,0.0,0.0,1000.0,1584.0,0.0,1.9968434343434345,14148.0,12052.0,0.0,116066943.0,98871883.0,0.0,496.93062247631116,1000.0,1584.0,258856.0,1.9962121212121213
47,262.0,262.0,0.0,2149334.5,2149430.5,0.0,639.4460173269674,1000.0,1584.0,33.0,1.9955808080808082,14148.0,12576.0,0.0,116066943.0,103170744.0,0.0,502.8687639284218,1000.0,1584.0,276148.0,1.994949494949495
48,262.0,524.0,0.0,2149334.5,4298861.0,0.0,611.4354765034758,1000.0,1584.0,34.5,1.9949494949494953,14672.0,13100.0,0.0,120365612.0,107469605.0,0.0,506.0910107984844,1000.0,1584.0,295012.0,1.9949494949494953
49,262.0,786.0,0.0,2149334.5,6448099.5,0.0,397.00782661586334,1000.0,1584.0,17.666666666666668,1.9968434343434345,14672.0,14148.0,0.0,120365612.0,116066943.0,0.0,491.10643756035967,1000.0,1584.0,303920.0,1.9987373737373737
50,0.0,786.0,0.0,0.0,6448003.5,0.0,372.75038140703674,1000.0,1584.0,12.333333333333334,0.9993686868686869,14672.0,14672.0,0.0,120365612.0,120365612.0,0.0,491.80451479225775,1000.0,1584.0,314400.0,0.0
51,0.0,262.0,0.0,0.0,2149334.5,0.0,510.65260005350433,1000.0,1584.0,20.0,0.0,14672.0,14672.0,0.0,120365612.0,120365612.0,0.0,491.80451479225775,1000.0,1584.0,314400.0,0.0
52,0.0,0.0,0.0,0.0,0.0,0.0,0.0,1000.0,1584.0,0.0,0.0,14672.0,14672.0,0.0,120365612.0,120365612.0,0.0,491.80451479225775,1000.0,1584.0,314400.0,0.0
53,0.0,0.0,0.0,0.0,0.0,0.0,0.0,1000.0,1584.0,0.0,0.0,14672.0,14672.0,0.0,120365612.0,120365612.0,0.0,491.80451479225775,1000.0,1584.0,314400.0,0.0
54,0.0,0.0,0.0,0.0,0.0,0.0,0.0,1000.0,1584.0,0.0,0.0,14672.0,14672.0,0.0,120365612.0,120365612.0,0.0,491.80451479225775,1000.0,1584.0,314400.0,0.0
55,0.0,0.0,0.0,0.0,0.0,0.0,0.0,1000.0,1584.0,0.0,0.0,14672.0,14672.0,0.0,120365612.0,120365612.0,0.0,491.80451479225775,1000.0,1584.0,314400.0,0.0
56,262.0,0.0,0.0,2149334.5,0.0,0.0,0.0,1000.0,1584.0,0.0,0.9993686868686869,15196.0,14672.0,0.0,124664281.0,120365612.0,0.0,491.80451479225775,1000.0,1584.0,314400.0,1.9987373737373737
57,262.0,0.0,0.0,2149334.5,0.0,0.0,0.0,1000.0,1584.0,0.0,1.9987373737373737,15196.0,14672.0,0.0,124664281.0,120365612.0,0.0,491.80451479225775,1000.0,1584.0,314400.0,1.9987373737373737
58,0.0,0.0,0.0,0.0,0.0,0.0,0.0,1000.0,1584.0,0.0,1.9987373737373737,15196.0,14672.0,0.0,124664281.0,120365612.0,0.0,491.80451479225775,1000.0,1584.0,314400.0,1.9987373737373737
59,0.0,262.0,0.0,0.0,2149334.5,0.0,636.1480773711825,1000.0,1584.0,33.0,0.9993686868686869,15196.0,15196.0,0.0,124664281.0,124664281.0,0.0,496.7818790191172,1000.0,1584.0,331692.0,0.0
60,0.0,262.0,0.0,0.0,2149334.5,0.0,636.1480773711825,1000.0,1584.0,33.0,0.0,15196.0,15196.0,0.0,124664281.0,124664281.0,0.0,496.7818790191172,1000.0,1584.0,331692.0,0.0
61,262.0,0.0,0.0,2149334.5,0.0,0.0,0.0,1000.0,1584.0,0.0,0.9993686868686869,15720.0,15196.0,0.0,128962950.0,124664281.0,0.0,496.7818790191172,1000.0,1584.0,331692.0,1.9987373737373737
62,262.0,0.0,0.0,2149334.5,0.0,0.0,0.0,1000.0,1584.0,0.0,1.9987373737373737,15720.0,15196.0,0.0,128962950.0,124664281.0,0.0,496.7818790191172,1000.0,1584.0,331692.0,1.9987373737373737
63,0.0,262.0,0.0,0.0,2149334.5,0.0,606.6071856828685,1000.0,1584.0,37.0,0.9993686868686869,15720.0,15720.0,0.0,128962950.0,128962950.0,0.0,500.44272257457567,1000.0,1584.0,351080.0,0.0
64,0.0,262.0,0.0,0.0,2149334.5,0.0,606.6071856828685,1000.0,1584.0,37.0,0.0,15720.0,15720.0,0.0,128962950.0,128962950.0,0.0,500.44272257457567,1000.0,1584.0,351080.0,0.0
65,1310.0,0.0,0.0,10747152.5,0.0,0.0,0.0,1000.0,1584.0,0.0,0.9987373737373736,18340.0,15720.0,0.0,150457255.0,128962950.0,0.0,500.44272257457567,1000.0,1584.0,351080.0,1.9974747474747472
66,1310.0,0.0,0.0,10747152.5,0.0,0.0,0.0,1000.0,1584.0,0.0,1.9968434343434343,18340.0,15720.0,0.0,150457255.0,128962950.0,0.0,500.44272257457567,1000.0,1584.0,351080.0,1.9962121212121213
67,0.0,0.0,0.0,0.0,0.0,0.0,0.0,1000.0,1584.0,0.0,1.9955808080808082,18340.0,15720.0,0.0,150457255.0,128962950.0,0.0,500.44272257457567,1000.0,1584.0,351080.0,1.994949494949495
68,0.0,262.0,0.0,0.0,2149430.5,0.0,203.35433048855987,1000.0,1584.0,8.0,1.994949494949495,18340.0,16244.0,0.0,150457255.0,133261811.0,0.0,490.8592260556719,1000.0,1584.0,355272.0,1.994949494949495
69,0.0,1048.0,0.0,0.0,8597722.0,0.0,465.4803343615244,1000.0,1584.0,24.0,1.9968434343434343,18340.0,17816.0,0.0,150457255.0,146158394.0,0.0,496.3295004318636,1000.0,1584.0,401384.0,1.9987373737373737
70,0.0,1048.0,0.0,0.0,8597722.0,0.0,618.379124842214,1000.0,1584.0,32.0,0.9993686868686869,18340.0,18340.0,0.0,150457255.0,150457255.0,0.0,505.43292877413364,1000.0,1584.0,422344.0,0.0
71,0.0,262.0,0.0,0.0,2149430.5,0.0,814.9494924113181,1000.0,1584.0,40.0,0.0,18340.0,18340.0,0.0,150457255.0,150457255.0,0.0,505.43292877413364,1000.0,1584.0,422344.0,0.0
72,0.0,0.0,0.0,0.0,0.0,0.0,0.0,1000.0,1584.0,0.0,0.0,18340.0,18340.0,0.0,150457255.0,150457255.0,0.0,505.43292877413364,1000.0,1584.0,422344.0,0.0
73,0.0,0.0,0.0,0.0,0.0,0.0,0.0,1000.0,1584.0,0.0,0.0,18340.0,18340.0,0.0,150457255.0,150457255.0,0.0,505.43292877413364,1000.0,1584.0,422344.0,0.0
74,0.0,0.0,0.0,0.0,0.0,0.0,0.0,1000.0,1584.0,0.0,0.0,18340.0,18340.0,0.0,150457255.0,150457255.0,0.0,505.43292877413364,1000.0,1584.0,422344.0,0.0
75,0.0,0.0,0.0,0.0,0.0,0.0,0.0,1000.0,1584.0,0.0,0.0,18340.0,18340.0,0.0,150457255.0,150457255.0,0.0,505.43292877413364,1000.0,1584.0,422344.0,0.0
76,0.0,0.0,0.0,0.0,0.0,0.0,0.0,1000.0,1584.0,0.0,0.0,18340.0,18340.0,0.0,150457255.0,150457255.0,0.0,505.43292877413364,1000.0,1584.0,422344.0,0.0
77,524.0,0.0,0.0,4298669.0,0.0,0.0,0.0,1000.0,1584.0,0.0,0.9981060606060607,19388.0,18340.0,0.0,159054593.0,150457255.0,0.0,505.43292877413364,1000.0,1584.0,422344.0,1.9962121212121213
78,524.0,0.0,0.0,4298669.0,0.0,0.0,0.0,1000.0,1584.0,0.0,1.9962121212121213,19388.0,18340.0,0.0,159054593.0,150457255.0,0.0,505.43292877413364,1000.0,1584.0,422344.0,1.9962121212121213
79,0.0,0.0,0.0,0.0,0.0,0.0,0.0,1000.0,1584.0,0.0,1.9962121212121213,19388.0,18340.0,0.0,159054593.0,150457255.0,0.0,505.43292877413364,1000.0,1584.0,422344.0,1.9962121212121213
80,262.0,0.0,0.0,2149334.5,0.0,0.0,0.0,1000.0,1584.0,0.0,1.9968434343434343,19912.0,18340.0,0.0,163353262.0,150457255.0,0.0,505.43292877413364,1000.0,1584.0,422344.0,1.9974747474747472
81,786.0,0.0,0.0,6448003.5,0.0,0.0,0.0,1000.0,1584.0,0.0,1.9962121212121207,20960.0,18340.0,0.0,171950600.0,150457255.0,0.0,505.43292877413364,1000.0,1584.0,422344.0,1.9949494949494941
82,524.0,0.0,0.0,4298669.0,0.0,0.0,0.0,1000.0,1584.0,0.0,1.9943181818181812,20960.0,18340.0,0.0,171950600.0,150457255.0,0.0,505.43292877413364,1000.0,1584.0,422344.0,1.9936868686868683
83,0.0,262.0,0.0,0.0,2149334.5,0.0,200.98107625620267,1000.0,1584.0,8.0,1.9949494949494953,20960.0,18864.0,0.0,171950600.0,154755924.0,0.0,496.97593287085766,1000.0,1584.0,426536.0,1.996212121212122
84,0.0,786.0,0.0,0.0,6448003.5,0.0,523.7651035561782,1000.0,1584.0,23.666666666666668,1.9968434343434347,20960.0,19912.0,0.0,171950600.0,163353262.0,0.0,506.880205730611,1000.0,1584.0,459548.0,1.9974747474747472
85,0.0,560.0,0.0,0.0,4594445.0,0.0,677.2512885370543,1000.0,1584.0,31.59642857142857,1.9981060606060606,20960.0,19984.0,0.0,171950600.0,163944814.0,0.0,507.0794355903405,1000.0,1584.0,461924.0,1.9987373737373737
86,0.0,524.0,0.0,0.0,4298669.0,0.0,563.0285206725176,1000.0,1584.0,32.5,0.9993686868686869,20960.0,20960.0,0.0,171950600.0,171950600.0,0.0,509.68762147770633,1000.0,1584.0,493608.0,0.0
87,0.0,487.5,0.0,0.0,3998785.0,0.0,563.0911878662858,1000.0,1584.0,32.4625641025641,0.0,20960.0,20960.0,0.0,171950600.0,171950600.0,0.0,509.68762147770633,1000.0,1584.0,493608.0,0.0
88,1310.0,0.0,0.0,10747152.5,0.0,0.0,0.0,1000.0,1584.0,0.0,0.0,23580.0,20960.0,0.0,193444905.0,171950600.0,0.0,509.68762147770633,1000.0,1584.0,493608.0,0.0
89,1310.0,0.0,0.0,10747152.5,0.0,0.0,0.0,1000.0,1584.0,0.0,0.9981060606060604,23580.0,20960.0,0.0,193444905.0,171950600.0,0.0,509.68762147770633,1000.0,1584.0,493608.0,1.9962121212121209
90,0.0,0.0,0.0,0.0,0.0,0.0,0.0,1000.0,1584.0,0.0,1.995580808080808,23580.0,20960.0,0.0,193444905.0,171950600.0,0.0,509.68762147770633,1000.0,1584.0,493608.0,1.994949494949495
91,0.0,786.0,0.0,0.0,6448291.5,0.0,399.47093275261545,1000.0,1584.0,13.0,1.9968434343434343,23580.0,22532.0,0.0,193444905.0,184847183.0,0.0,501.9980850550251,1000.0,1584.0,514044.0,1.9987373737373737
92,0.0,1310.0,0.0,0.0,10747152.5,0.0,482.45128580029893,1000.0,1584.0,20.0,0.9993686868686869,23580.0,23580.0,0.0,193444905.0,193444905.0,0.0,506.6613619579939,1000.0,1584.0,546008.0,0.0
93,0.0,524.0,0.0,0.0,4298861.0,0.0,606.9218153718242,1000.0,1584.0,30.5,0.0,23580.0,23580.0,0.0,193444905.0,193444905.0,0.0,506.6613619579939,1000.0,1584.0,546008.0,0.0
94,0.0,0.0,0.0,0.0,0.0,0.0,0.0,1000.0,1584.0,0.0,0.0,23580.0,23580.0,0.0,193444905.0,193444905.0,0.0,506.6613619579939,1000.0,1584.0,546008.0,0.0
95,0.0,0.0,0.0,0.0,0.0,0.0,0.0,1000.0,1584.0,0.0,0.0,23580.0,23580.0,0.0,193444905.0,193444905.0,0.0,506.6613619579939,1000.0,1584.0,546008.0,0.0
96,0.0,0.0,0.0,0.0,0.0,0.0,0.0,1000.0,1584.0,0.0,0.0,23580.0,23580.0,0.0,193444905.0,193444905.0,0.0,506.6613619579939,1000.0,1584.0,546008.0,0.0
97,0.0,0.0,0.0,0.0,0.0,0.0,0.0,1000.0,1584.0,0.0,0.0,23580.0,23580.0,0.0,193444905.0,193444905.0,0.0,506.6613619579939,1000.0,1584.0,546008.0,0.0
98,524.0,262.0,0.0,4298669.0,2149334.5,0.0,384.6091923154408,1000.0,1584.0,7.0,0.9987373737373739,24628.0,24104.0,0.0,202042243.0,197743574.0,0.0,504.00805392228597,1000.0,1584.0,549676.0,1.9974747474747478
99,524.0,524.0,0.0,4298669.0,4298669.0,0.0,334.6742201330508,1000.0,1584.0,8.5,0.9987373737373739,24628.0,24628.0,0.0,202042243.0,202042243.0,0.0,499.34276017820883,1000.0,1584.0,554916.0,0.0
100,0.0,262.0,0.0,0.0,2149334.5,0.0,284.7392479506609,1000.0,1584.0,10.0,0.0,24628.0,24628.0,0.0,202042243.0,202042243.0,0.0,499.34276017820883,1000.0,1584.0,554916.0,0.0
101,0.0,0.0,0.0,0.0,0.0,0.0,0.0,1000.0,1584.0,0.0,0.0,24628.0,24628.0,0.0,202042243.0,202042243.0,0.0,499.34276017820883,1000.0,1584.0,554916.0,0.0
102,262.0,0.0,0.0,2149334.5,0.0,0.0,0.0,1000.0,1584.0,0.0,0.0,25152.0,24628.0,0.0,206340912.0,202042243.0,0.0,499.34276017820883,1000.0,1584.0,554916.0,0.0
103,524.0,0.0,0.0,4298669.0,0.0,0.0,0.0,1000.0,1584.0,0.0,0.0,25676.0,24628.0,0.0,210639581.0,202042243.0,0.0,499.34276017820883,1000.0,1584.0,554916.0,0.0
104,524.0,0.0,0.0,4298669.0,0.0,0.0,0.0,1000.0,1584.0,0.0,0.997474747474747,26200.0,24628.0,0.0,214938250.0,202042243.0,0.0,499.34276017820883,1000.0,1584.0,554916.0,1.994949494949494
105,262.0,0.0,0.0,2149334.5,0.0,0.0,0.0,1000.0,1584.0,0.0,1.995580808080808,26200.0,24628.0,0.0,214938250.0,202042243.0,0.0,499.34276017820883,1000.0,1584.0,554916.0,1.996212121212122
106,0.0,0.0,0.0,0.0,0.0,0.0,0.0,1000.0,1584.0,0.0,1.996212121212122,26200.0,24628.0,0.0,214938250.0,202042243.0,0.0,499.34276017820883,1000.0,1584.0,554916.0,1.996212121212122
107,0.0,524.0,0.0,0.0,4298669.0,0.0,594.9920667808583,1000.0,1584.0,25.5,1.9974747474747478,26200.0,25676.0,0.0,214938250.0,210639581.0,0.0,503.24681350892774,1000.0,1584.0,581640.0,1.9987373737373737
108,0.0,786.0,0.0,0.0,6448003.5,0.0,582.8938081034124,1000.0,1584.0,27.666666666666668,0.9993686868686869,26200.0,26200.0,0.0,214938250.0,214938250.0,0.0,504.3558230537196,1000.0,1584.0,598408.0,0.0
109,0.0,262.0,0.0,0.0,2149334.5,0.0,558.6972907485206,1000.0,1584.0,32.0,0.0,26200.0,26200.0,0.0,214938250.0,214938250.0,0.0,504.3558230537196,1000.0,1584.0,598408.0,0.0
110,1310.0,0.0,0.0,10747152.5,0.0,0.0,0.0,1000.0,1584.0,0.0,0.9987373737373739,28820.0,26200.0,0.0,236432555.0,214938250.0,0.0,504.3558230537196,1000.0,1584.0,598408.0,1.9974747474747478
111,1310.0,0.0,0.0,10747152.5,0.0,0.0,0.0,1000.0,1584.0,0.0,1.9962121212121215,28820.0,26200.0,0.0,236432555.0,214938250.0,0.0,504.3558230537196,1000.0,1584.0,598408.0,1.9949494949494955
112,0.0,262.0,0.0,0.0,2149430.5,0.0,254.57553464980958,1000.0,1584.0,14.0,1.9962121212121215,28820.0,26724.0,0.0,236432555.0,219237111.0,0.0,499.4581703399175,1000.0,1584.0,605744.0,1.9974747474747476
113,0.0,524.0,0.0,0.0,4298861.0,0.0,310.91017547196174,1000.0,1584.0,13.0,1.9974747474747474,28820.0,27248.0,0.0,236432555.0,223535972.0,0.0,496.91560583903674,1000.0,1584.0,612032.0,1.9974747474747474
114,0.0,786.0,0.0,0.0,6448291.5,0.0,487.19147479865,1000.0,1584.0,22.0,1.9974747474747474,28820.0,28296.0,0.0,236432555.0,232133694.0,0.0,498.77668725429186,1000.0,1584.0,640328.0,1.9974747474747476
115,0.0,524.0,0.0,0.0,4298861.0,0.0,547.1648040509181,1000.0,1584.0,27.0,1.9981060606060606,28820.0,28296.0,0.0,236432555.0,232133694.0,0.0,498.77668725429186,1000.0,1584.0,640328.0,1.9987373737373737
116,0.0,262.0,0.0,0.0,2149430.5,0.0,745.7948945705095,1000.0,1584.0,32.0,0.9993686868686869,28820.0,28820.0,0.0,236432555.0,236432555.0,0.0,503.267927387314,1000.0,1584.0,657096.0,0.0
117,0.0,262.0,0.0,0.0,2149430.5,0.0,745.7948945705095,1000.0,1584.0,32.0,0.0,28820.0,28820.0,0.0,236432555.0,236432555.0,0.0,503.267927387314,1000.0,1584.0,657096.0,0.0
118,0.0,0.0,0.0,0.0,0.0,0.0,0.0,1000.0,1584.0,0.0,0.0,28820.0,28820.0,0.0,236432555.0,236432555.0,0.0,503.267927387314,1000.0,1584.0,657096.0,0.0
119,524.0,262.0,0.0,4298669.0,2149334.5,0.0,359.1607113975706,1000.0,1584.0,11.0,0.9993686868686869,29868.0,29344.0,0.0,245029893.0,240731224.0,0.0,500.6945842446398,1000.0,1584.0,662860.0,1.9987373737373737
120,786.0,262.0,0.0,6448003.5,2149334.5,0.0,359.1607113975706,1000.0,1584.0,11.0,1.9987373737373737,30392.0,29344.0,0.0,249328562.0,240731224.0,0.0,500.6945842446398,1000.0,1584.0,662860.0,1.9987373737373737
121,262.0,0.0,0.0,2149334.5,0.0,0.0,0.0,1000.0,1584.0,0.0,1.9981060606060606,30392.0,29344.0,0.0,249328562.0,240731224.0,0.0,500.6945842446398,1000.0,1584.0,662860.0,1.9974747474747472
122,262.0,0.0,0.0,2149334.5,0.0,0.0,0.0,1000.0,1584.0,0.0,1.9974747474747472,30916.0,29344.0,0.0,253627231.0,240731224.0,0.0,500.6945842446398,1000.0,1584.0,662860.0,1.9974747474747472
123,262.0,262.0,0.0,2149334.5,2149334.5,0.0,500.4932417111353,1000.0,1584.0,19.0,1.9974747474747474,30916.0,29868.0,0.0,253627231.0,245029893.0,0.0,500.6910519194907,1000.0,1584.0,672816.0,1.9974747474747478
124,0.0,262.0,0.0,0.0,2149334.5,0.0,500.4932417111353,1000.0,1584.0,19.0,1.9974747474747478,30916.0,29868.0,0.0,253627231.0,245029893.0,0.0,500.6910519194907,1000.0,1584.0,672816.0,1.9974747474747478
125,262.0,262.0,0.0,2149334.5,2149334.5,0.0,267.1951865388079,1000.0,1584.0,15.0,1.9974747474747478,31440.0,30392.0,0.0,257925900.0,249328562.0,0.0,496.66526113706516,1000.0,1584.0,680676.0,1.9974747474747478
126,262.0,524.0,0.0,2149334.5,4298669.0,0.0,436.68151201444493,1000.0,1584.0,26.0,1.9981060606060608,31440.0,30916.0,0.0,257925900.0,253627231.0,0.0,498.5212370074552,1000.0,1584.0,700064.0,1.9987373737373737
127,0.0,524.0,0.0,0.0,4298669.0,0.0,685.6703389950474,1000.0,1584.0,35.0,0.9993686868686869,31440.0,31440.0,0.0,257925900.0,257925900.0,0.0,502.96543039899785,1000.0,1584.0,717356.0,0.0
128,0.0,262.0,0.0,0.0,2149334.5,0.0,765.1728405000127,1000.0,1584.0,33.0,0.0,31440.0,31440.0,0.0,257925900.0,257925900.0,0.0,502.96543039899785,1000.0,1584.0,717356.0,0.0
129,0.0,0.0,0.0,0.0,0.0,0.0,0.0,1000.0,1584.0,0.0,0.0,31440.0,31440.0,0.0,257925900.0,257925900.0,0.0,502.96543039899785,1000.0,1584.0,717356.0,0.0
130,1310.0,0.0,0.0,10747152.5,0.0,0.0,0.0,1000.0,1584.0,0.0,0.9987373737373739,34060.0,31440.0,0.0,279420205.0,257925900.0,0.0,502.96543039899785,1000.0,1584.0,717356.0,1.9974747474747478
131,1310.0,0.0,0.0,10747152.5,0.0,0.0,0.0,1000.0,1584.0,0.0,1.9974747474747478,34060.0,31440.0,0.0,279420205.0,257925900.0,0.0,502.96543039899785,1000.0,1584.0,717356.0,1.9974747474747478
132,0.0,262.0,0.0,0.0,2149430.5,0.0,304.0374954462213,1000.0,1584.0,12.0,1.9968434343434347,34060.0,31964.0,0.0,279420205.0,262224761.0,0.0,499.70431671124743,1000.0,1584.0,723644.0,1.9962121212121213
133,0.0,262.0,0.0,0.0,2149430.5,0.0,304.0374954462213,1000.0,1584.0,12.0,1.9974747474747474,34060.0,31964.0,0.0,279420205.0,262224761.0,0.0,499.70431671124743,1000.0,1584.0,723644.0,1.9987373737373737
134,0.0,524.0,262.0,0.0,4298861.0,2149430.5,658.96655042207,1000.0,1584.0,32.0,1.9987373737373737,34060.0,33012.0,524.0,279420205.0,270822483.0,4298861.0,507.16973391644217,1000.0,1584.0,757180.0,1.9987373737373737
135,0.0,786.0,262.0,0.0,6448291.5,2149430.5,617.6034299703202,1000.0,1584.0,32.333333333333336,0.9993686868686869,34060.0,33536.0,524.0,279420205.0,275121344.0,4298861.0,506.95964675795943,1000.0,1584.0,774472.0,0.0
136,0.0,262.0,0.0,0.0,2149430.5,0.0,493.5140686150708,1000.0,1584.0,33.0,0.0,34060.0,33536.0,524.0,279420205.0,275121344.0,4298861.0,506.95964675795943,1000.0,1584.0,774472.0,0.0
137,0.0,0.0,0.0,0.0,0.0,0.0,0.0,1000.0,1584.0,0.0,0.0,34060.0,33536.0,524.0,279420205.0,275121344.0,4298861.0,506.95964675795943,1000.0,1584.0,774472.0,0.0
138,262.0,0.0,0.0,2149334.5,0.0,0.0,0.0,1000.0,1584.0,0.0,0.0,34584.0,33536.0,524.0,283718874.0,275121344.0,4298861.0,506.95964675795943,1000.0,1584.0,774472.0,0.0
139,786.0,0.0,0.0,6448003.5,0.0,0.0,0.0,1000.0,1584.0,0.0,0.9987373737373739,35632.0,33536.0,524.0,292316212.0,275121344.0,4298861.0,506.95964675795943,1000.0,1584.0,774472.0,1.9974747474747478
140,524.0,524.0,0.0,4298669.0,4298669.0,0.0,243.83590546546202,1000.0,1584.0,9.0,1.9981060606060608,35632.0,34584.0,524.0,292316212.0,283718682.0,4298861.0,499.10520671937724,1000.0,1584.0,783904.0,1.9987373737373737
141,0.0,524.0,0.0,0.0,4298669.0,0.0,243.83590546546202,1000.0,1584.0,9.0,1.9987373737373737,35632.0,34584.0,524.0,292316212.0,283718682.0,4298861.0,499.10520671937724,1000.0,1584.0,783904.0,1.9987373737373737
142,0.0,262.0,0.0,0.0,2149334.5,0.0,515.8417200565655,1000.0,1584.0,35.0,0.9993686868686869,35632.0,35108.0,524.0,292316212.0,288017351.0,4298861.0,499.3513319155123,1000.0,1584.0,802244.0,0.0
143,0.0,262.0,0.0,0.0,2149334.5,0.0,515.8417200565655,1000.0,1584.0,35.0,0.0,35632.0,35108.0,524.0,292316212.0,288017351.0,4298861.0,499.3513319155123,1000.0,1584.0,802244.0,0.0
144,0.0,0.0,0.0,0.0,0.0,0.0,0.0,1000.0,1584.0,0.0,0.0,35632.0,35108.0,524.0,292316212.0,288017351.0,4298861.0,499.3513319155123,1000.0,1584.0,802244.0,0.0
145,0.0,0.0,0.0,0.0,0.0,0.0,0.0,1000.0,1584.0,0.0,0.0,35632.0,35108.0,524.0,292316212.0,288017351.0,4298861.0,499.3513319155123,1000.0,1584.0,802244.0,0.0
146,262.0,0.0,0.0,2149334.5,0.0,0.0,0.0,1000.0,1584.0,0.0,0.9993686868686869,36156.0,35108.0,524.0,296614881.0,288017351.0,4298861.0,499.3513319155123,1000.0,1584.0,802244.0,1.9987373737373737
147,262.0,262.0,0.0,2149334.5,2149334.5,0.0,506.3128191490209,1000.0,1584.0,33.0,0.9993686868686869,36156.0,35632.0,524.0,296614881.0,292316020.0,4298861.0,499.4522230348384,1000.0,1584.0,819536.0,0.0
148,0.0,262.0,0.0,0.0,2149334.5,0.0,506.3128191490209,1000.0,1584.0,33.0,0.0,36156.0,35632.0,524.0,296614881.0,292316020.0,4298861.0,499.4522230348384,1000.0,1584.0,819536.0,0.0
149,0.0,0.0,0.0,0.0,0.0,0.0,0.0,1000.0,1584.0,0.0,0.0,36156.0,35632.0,524.0,296614881.0,292316020.0,4298861.0,499.4522230348384,1000.0,1584.0,819536.0,0.0
150,0.0,0.0,0.0,0.0,0.0,0.0,0.0,1000.0,1584.0,0.0,0.0,36156.0,35632.0,524.0,296614881.0,292316020.0,4298861.0,499.4522230348384,1000.0,1584.0,819536.0,0.0
151,0.0,0.0,0.0,0.0,0.0,0.0,0.0,1000.0,1584.0,0.0,0.0,36156.0,35632.0,524.0,296614881.0,292316020.0,4298861.0,499.4522230348384,1000.0,1584.0,819536.0,0.0
152,0.0,0.0,0.0,0.0,0.0,0.0,0.0,1000.0,1584.0,0.0,0.0,36156.0,35632.0,524.0,296614881.0,292316020.0,4298861.0,499.4522230348384,1000.0,1584.0,819536.0,0.0
153,0.0,0.0,0.0,0.0,0.0,0.0,0.0,1000.0,1584.0,0.0,0.0,36156.0,35632.0,524.0,296614881.0,292316020.0,4298861.0,499.4522230348384,1000.0,1584.0,819536.0,0.0
154,0.0,0.0,0.0,0.0,0.0,0.0,0.0,1000.0,1584.0,0.0,0.0,36156.0,35632.0,524.0,296614881.0,292316020.0,4298861.0,499.4522230348384,1000.0,1584.0,819536.0,0.0
155,0.0,0.0,0.0,0.0,0.0,0.0,0.0,1000.0,1584.0,0.0,0.0,36156.0,35632.0,524.0,296614881.0,292316020.0,4298861.0,499.4522230348384,1000.0,1584.0,819536.0,0.0
156,0.0,0.0,0.0,0.0,0.0,0.0,0.0,1000.0,1584.0,0.0,0.0,36156.0,35632.0,524.0,296614881.0,292316020.0,4298861.0,499.4522230348384,1000.0,1584.0,819536.0,0.0
157,0.0,0.0,0.0,0.0,0.0,0.0,0.0,1000.0,1584.0,0.0,0.0,36156.0,35632.0,524.0,296614881.0,292316020.0,4298861.0,499.4522230348384,1000.0,1584.0,819536.0,0.0
158,0.0,0.0,0.0,0.0,0.0,0.0,0.0,1000.0,1584.0,0.0,0.0,36156.0,35632.0,524.0,296614881.0,292316020.0,4298861.0,499.4522230348384,1000.0,1584.0,819536.0,0.0
159,0.0,0.0,0.0,0.0,0.0,0.0,0.0,1000.0,1584.0,0.0,0.0,36156.0,35632.0,524.0,296614881.0,292316020.0,4298861.0,499.4522230348384,1000.0,1584.0,819536.0,0.0
160,0.0,0.0,0.0,0.0,0.0,0.0,0.0,1000.0,1584.0,0.0,0.0,36156.0,35632.0,524.0,296614881.0,292316020.0,4298861.0,499.4522230348384,1000.0,1584.0,819536.0,0.0
161,0.0,0.0,0.0,0.0,0.0,0.0,0.0,1000.0,1584.0,0.0,0.0,36156.0,35632.0,524.0,296614881.0,292316020.0,4298861.0,499.4522230348384,1000.0,1584.0,819536.0,0.0
162,0.0,0.0,0.0,0.0,0.0,0.0,0.0,1000.0,1584.0,0.0,0.0,36156.0,35632.0,524.0,296614881.0,292316020.0,4298861.0,499.4522230348384,1000.0,1584.0,819536.0,0.0
163,0.0,0.0,0.0,0.0,0.0,0.0,0.0,1000.0,1584.0,0.0,0.0,36156.0,35632.0,524.0,296614881.0,292316020.0,4298861.0,499.4522230348384,1000.0,1584.0,819536.0,0.0
164,0.0,0.0,0.0,0.0,0.0,0.0,0.0,1000.0,1584.0,0.0,0.0,36156.0,35632.0,524.0,296614881.0,292316020.0,4298861.0,499.4522230348384,1000.0,1584.0,819536.0,0.0
165,0.0,0.0,0.0,0.0,0.0,0.0,0.0,1000.0,1584.0,0.0,0.0,36156.0,35632.0,524.0,296614881.0,292316020.0,4298861.0,499.4522230348384,1000.0,1584.0,819536.0,0.0
166,0.0,0.0,0.0,0.0,0.0,0.0,0.0,1000.0,1584.0,0.0,0.0,36156.0,35632.0,524.0,296614881.0,292316020.0,4298861.0,499.4522230348384,1000.0,1584.0,819536.0,0.0
167,0.0,0.0,0.0,0.0,0.0,0.0,0.0,1000.0,1584.0,0.0,0.0,36156.0,35632.0,524.0,296614881.0,292316020.0,4298861.0,499.4522230348384,1000.0,1584.0,819536.0,0.0
168,0.0,0.0,0.0,0.0,0.0,0.0,0.0,1000.0,1584.0,0.0,0.0,36156.0,35632.0,524.0,296614881.0,292316020.0,4298861.0,499.4522230348384,1000.0,1584.0,819536.0,0.0
169,0.0,0.0,0.0,0.0,0.0,0.0,0.0,1000.0,1584.0,0.0,0.0,36156.0,35632.0,524.0,296614881.0,292316020.0,4298861.0,499.4522230348384,1000.0,1584.0,819536.0,0.0
170,0.0,0.0,0.0,0.0,0.0,0.0,0.0,1000.0,1584.0,0.0,0.0,36156.0,35632.0,524.0,296614881.0,292316020.0,4298861.0,499.4522230348384,1000.0,1584.0,819536.0,0.0
171,0.0,0.0,0.0,0.0,0.0,0.0,0.0,1000.0,1584.0,0.0,0.0,36156.0,35632.0,524.0,296614881.0,292316020.0,4298861.0,499.4522230348384,1000.0,1584.0,819536.0,0.0
172,0.0,0.0,0.0,0.0,0.0,0.0,0.0,1000.0,1584.0,0.0,0.0,36156.0,35632.0,524.0,296614881.0,292316020.0,4298861.0,499.4522230348384,1000.0,1584.0,819536.0,0.0
173,0.0,0.0,0.0,0.0,0.0,0.0,0.0,1000.0,1584.0,0.0,0.0,36156.0,35632.0,524.0,296614881.0,292316020.0,4298861.0,499.4522230348384,1000.0,1584.0,819536.0,0.0
174,0.0,0.0,0.0,0.0,0.0,0.0,0.0,1000.0,1584.0,0.0,0.0,36156.0,35632.0,524.0,296614881.0,292316020.0,4298861.0,499.4522230348384,1000.0,1584.0,819536.0,0.0
175,0.0,0.0,0.0,0.0,0.0,0.0,0.0,1000.0,1584.0,0.0,0.0,36156.0,35632.0,524.0,296614881.0,292316020.0,4298861.0,499.4522230348384,1000.0,1584.0,819536.0,0.0
176,0.0,0.0,0.0,0.0,0.0,0.0,0.0,1000.0,1584.0,0.0,0.0,36156.0,35632.0,524.0,296614881.0,292316020.0,4298861.0,499.4522230348384,1000.0,1584.0,819536.0,0.0
177,0.0,0.0,0.0,0.0,0.0,0.0,0.0,1000.0,1584.0,0.0,0.0,36156.0,35632.0,524.0,296614881.0,292316020.0,4298861.0,499.4522230348384,1000.0,1584.0,819536.0,0.0
178,0.0,0.0,0.0,0.0,0.0,0.0,0.0,1000.0,1584.0,0.0,0.0,36156.0,35632.0,524.0,296614881.0,292316020.0,4298861.0,499.4522230348384,1000.0,1584.0,819536.0,0.0
179,0.0,0.0,0.0,0.0,0.0,0.0,0.0,1000.0,1584.0,0.0,0.0,36156.0,35632.0,524.0,296614881.0,292316020.0,4298861.0,499.4522230348384,1000.0,1584.0,819536.0,0.0
180,0.0,0.0,0.0,0.0,0.0,0.0,0.0,1000.0,1584.0,0.0,0.0,36156.0,35632.0,524.0,296614881.0,292316020.0,4298861.0,499.4522230348384,1000.0,1584.0,819536.0,0.0
181,0.0,0.0,0.0,0.0,0.0,0.0,0.0,1000.0,1584.0,0.0,0.0,36156.0,35632.0,524.0,296614881.0,292316020.0,4298861.0,499.4522230348384,1000.0,1584.0,819536.0,0.0
182,0.0,0.0,0.0,0.0,0.0,0.0,0.0,1000.0,1584.0,0.0,0.0,36156.0,35632.0,524.0,296614881.0,292316020.0,4298861.0,499.4522230348384,1000.0,1584.0,819536.0,0.0
183,0.0,0.0,0.0,0.0,0.0,0.0,0.0,1000.0,1584.0,0.0,0.0,36156.0,35632.0,524.0,296614881.0,292316020.0,4298861.0,499.4522230348384,1000.0,1584.0,819536.0,0.0
184,0.0,0.0,0.0,0.0,0.0,0.0,0.0,1000.0,1584.0,0.0,0.0,36156.0,35632.0,524.0,296614881.0,292316020.0,4298861.0,499.4522230348384,1000.0,1584.0,819536.0,0.0
185,0.0,0.0,0.0,0.0,0.0,0.0,0.0,1000.0,1584.0,0.0,0.0,36156.0,35632.0,524.0,296614881.0,292316020.0,4298861.0,499.4522230348384,1000.0,1584.0,819536.0,0.0
186,0.0,0.0,0.0,0.0,0.0,0.0,0.0,1000.0,1584.0,0.0,0.0,36156.0,35632.0,524.0,296614881.0,292316020.0,4298861.0,499.4522230348384,1000.0,1584.0,819536.0,0.0
187,0.0,0.0,0.0,0.0,0.0,0.0,0.0,1000.0,1584.0,0.0,0.0,36156.0,35632.0,524.0,296614881.0,292316020.0,4298861.0,499.4522230348384,1000.0,1584.0,819536.0,0.0
188,0.0,0.0,0.0,0.0,0.0,0.0,0.0,1000.0,1584.0,0.0,0.0,36156.0,35632.0,524.0,296614881.0,292316020.0,4298861.0,499.4522230348384,1000.0,1584.0,819536.0,0.0
189,0.0,0.0,0.0,0.0,0.0,0.0,0.0,1000.0,1584.0,0.0,0.0,36156.0,35632.0,524.0,296614881.0,292316020.0,4298861.0,499.4522230348384,1000.0,1584.0,819536.0,0.0
190,0.0,0.0,0.0,0.0,0.0,0.0,0.0,1000.0,1584.0,0.0,0.0,36156.0,35632.0,524.0,296614881.0,292316020.0,4298861.0,499.4522230348384,1000.0,1584.0,819536.0,0.0
191,0.0,0.0,0.0,0.0,0.0,0.0,0.0,1000.0,1584.0,0.0,0.0,36156.0,35632.0,524.0,296614881.0,292316020.0,4298861.0,499.4522230348384,1000.0,1584.0,819536.0,0.0
192,0.0,0.0,0.0,0.0,0.0,0.0,0.0,1000.0,1584.0,0.0,0.0,36156.0,35632.0,524.0,296614881.0,292316020.0,4298861.0,499.4522230348384,1000.0,1584.0,819536.0,0.0
193,0.0,0.0,0.0,0.0,0.0,0.0,0.0,1000.0,1584.0,0.0,0.0,36156.0,35632.0,524.0,296614881.0,292316020.0,4298861.0,499.4522230348384,1000.0,1584.0,819536.0,0.0
194,0.0,0.0,0.0,0.0,0.0,0.0,0.0,1000.0,1584.0,0.0,0.0,36156.0,35632.0,524.0,296614881.0,292316020.0,4298861.0,499.4522230348384,1000.0,1584.0,819536.0,0.0
195,0.0,0.0,0.0,0.0,0.0,0.0,0.0,1000.0,1584.0,0.0,0.0,36156.0,35632.0,524.0,296614881.0,292316020.0,4298861.0,499.4522230348384,1000.0,1584.0,819536.0,0.0
196,0.0,0.0,0.0,0.0,0.0,0.0,0.0,1000.0,1584.0,0.0,0.0,36156.0,35632.0,524.0,296614881.0,292316020.0,4298861.0,499.4522230348384,1000.0,1584.0,819536.0,0.0
197,0.0,0.0,0.0,0.0,0.0,0.0,0.0,1000.0,1584.0,0.0,0.0,36156.0,35632.0,524.0,296614881.0,292316020.0,4298861.0,499.4522230348384,1000.0,1584.0,819536.0,0.0
198,0.0,0.0,0.0,0.0,0.0,0.0,0.0,1000.0,1584.0,0.0,0.0,36156.0,35632.0,524.0,296614881.0,292316020.0,4298861.0,499.4522230348384,1000.0,1584.0,819536.0,0.0
199,0.0,0.0,0.0,0.0,0.0,0.0,0.0,1000.0,1584.0,0.0,0.0,36156.0,35632.0,524.0,296614881.0,292316020.0,4298861.0,499.4522230348384,1000.0,1584.0,819536.0,0.0
200,0.0,0.0,0.0,0.0,0.0,0.0,0.0,1000.0,1584.0,0.0,0.0,36156.0,35632.0,524.0,296614881.0,292316020.0,4298861.0,499.4522230348384,1000.0,1584.0,819536.0,0.0
201,0.0,0.0,0.0,0.0,0.0,0.0,0.0,1000.0,1584.0,0.0,0.0,36156.0,35632.0,524.0,296614881.0,292316020.0,4298861.0,499.4522230348384,1000.0,1584.0,819536.0,0.0
202,0.0,0.0,0.0,0.0,0.0,0.0,0.0,1000.0,1584.0,0.0,0.0,36156.0,35632.0,524.0,296614881.0,292316020.0,4298861.0,499.4522230348384,1000.0,1584.0,819536.0,0.0
203,0.0,0.0,0.0,0.0,0.0,0.0,0.0,1000.0,1584.0,0.0,0.0,36156.0,35632.0,524.0,296614881.0,292316020.0,4298861.0,499.4522230348384,1000.0,1584.0,819536.0,0.0
204,0.0,0.0,0.0,0.0,0.0,0.0,0.0,1000.0,1584.0,0.0,0.0,36156.0,35632.0,524.0,296614881.0,292316020.0,4298861.0,499.4522230348384,1000.0,1584.0,819536.0,0.0
205,0.0,0.0,0.0,0.0,0.0,0.0,0.0,1000.0,1584.0,0.0,0.0,36156.0,35632.0,524.0,296614881.0,292316020.0,4298861.0,499.4522230348384,1000.0,1584.0,819536.0,0.0
206,0.0,0.0,0.0,0.0,0.0,0.0,0.0,1000.0,1584.0,0.0,0.0,36156.0,35632.0,524.0,296614881.0,292316020.0,4298861.0,499.4522230348384,1000.0,1584.0,819536.0,0.0
207,0.0,0.0,0.0,0.0,0.0,0.0,0.0,1000.0,1584.0,0.0,0.0,36156.0,35632.0,524.0,296614881.0,292316020.0,4298861.0,499.4522230348384,1000.0,1584.0,819536.0,0.0
208,0.0,0.0,0.0,0.0,0.0,0.0,0.0,1000.0,1584.0,0.0,0.0,36156.0,35632.0,524.0,296614881.0,292316020.0,4298861.0,499.4522230348384,1000.0,1584.0,819536.0,0.0
209,0.0,0.0,0.0,0.0,0.0,0.0,0.0,1000.0,1584.0,0.0,0.0,36156.0,35632.0,524.0,296614881.0,292316020.0,4298861.0,499.4522230348384,1000.0,1584.0,819536.0,0.0
210,0.0,0.0,0.0,0.0,0.0,0.0,0.0,1000.0,1584.0,0.0,0.0,36156.0,35632.0,524.0,296614881.0,292316020.0,4298861.0,499.4522230348384,1000.0,1584.0,819536.0,0.0
211,0.0,0.0,0.0,0.0,0.0,0.0,0.0,1000.0,1584.0,0.0,0.0,36156.0,35632.0,524.0,296614881.0,292316020.0,4298861.0,499.4522230348384,1000.0,1584.0,819536.0,0.0
212,1310.0,0.0,0.0,10747152.5,0.0,0.0,0.0,1000.0,1584.0,0.0,0.9974747474747474,38776.0,35632.0,524.0,318109186.0,292316020.0,4298861.0,499.4522230348384,1000.0,1584.0,819536.0,1.9949494949494948
213,1310.0,524.0,0.0,10747152.5,4298861.0,0.0,299.486579713214,1000.0,1584.0,8.0,1.995580808080808,38776.0,36680.0,524.0,318109186.0,300913742.0,4298861.0,493.819388011694,1000.0,1584.0,827920.0,1.9962121212121213
214,0.0,524.0,0.0,0.0,4298861.0,0.0,299.486579713214,1000.0,1584.0,8.0,1.9974747474747474,38776.0,36680.0,524.0,318109186.0,300913742.0,4298861.0,493.819388011694,1000.0,1584.0,827920.0,1.9987373737373737
215,0.0,524.0,0.0,0.0,4298861.0,0.0,498.1540430902286,1000.0,1584.0,19.0,1.9987373737373737,38776.0,37728.0,524.0,318109186.0,309511464.0,4298861.0,493.9381456850785,1000.0,1584.0,847832.0,1.9987373737373737
216,0.0,786.0,0.0,0.0,6448291.5,0.0,595.1709606281829,1000.0,1584.0,22.666666666666668,1.9987373737373737,38776.0,38252.0,524.0,318109186.0,313810325.0,4298861.0,497.92823555020016,1000.0,1584.0,863552.0,1.9987373737373737
217,262.0,524.0,0.0,2149334.5,4298765.0,0.0,527.6582682455031,1000.0,1584.0,19.0,0.9993686868686869,39300.0,38776.0,524.0,322407855.0,318108994.0,4298861.0,494.8373489533564,1000.0,1584.0,867744.0,0.0
218,262.0,262.0,0.0,2149334.5,2149334.5,0.0,266.11174078691477,1000.0,1584.0,8.0,0.0,39300.0,38776.0,524.0,322407855.0,318108994.0,4298861.0,494.8373489533564,1000.0,1584.0,867744.0,0.0
219,0.0,0.0,0.0,0.0,0.0,0.0,0.0,1000.0,1584.0,0.0,0.0,39300.0,38776.0,524.0,322407855.0,318108994.0,4298861.0,494.8373489533564,1000.0,1584.0,867744.0,0.0
220,0.0,0.0,0.0,0.0,0.0,0.0,0.0,1000.0,1584.0,0.0,0.0,39300.0,38776.0,524.0,322407855.0,318108994.0,4298861.0,494.8373489533564,1000.0,1584.0,867744.0,0.0
221,0.0,0.0,0.0,0.0,0.0,0.0,0.0,1000.0,1584.0,0.0,0.0,39300.0,38776.0,524.0,322407855.0,318108994.0,4298861.0,494.8373489533564,1000.0,1584.0,867744.0,0.0
222,0.0,0.0,0.0,0.0,0.0,0.0,0.0,1000.0,1584.0,0.0,0.0,39300.0,38776.0,524.0,322407855.0,318108994.0,4298861.0,494.8373489533564,1000.0,1584.0,867744.0,0.0
223,0.0,0.0,0.0,0.0,0.0,0.0,0.0,1000.0,1584.0,0.0,0.0,39300.0,38776.0,524.0,322407855.0,318108994.0,4298861.0,494.8373489533564,1000.0,1584.0,867744.0,0.0
224,262.0,0.0,0.0,2149334.5,0.0,0.0,0.0,1000.0,1584.0,0.0,0.0,39824.0,38776.0,524.0,326706524.0,318108994.0,4298861.0,494.8373489533564,1000.0,1584.0,867744.0,0.0
225,524.0,0.0,0.0,4298669.0,0.0,0.0,0.0,1000.0,1584.0,0.0,0.9993686868686869,40348.0,38776.0,524.0,331005193.0,318108994.0,4298861.0,494.8373489533564,1000.0,1584.0,867744.0,1.9987373737373737
226,786.0,0.0,0.0,6448003.5,0.0,0.0,0.0,1000.0,1584.0,0.0,1.9974747474747474,41396.0,38776.0,524.0,339602531.0,318108994.0,4298861.0,494.8373489533564,1000.0,1584.0,867744.0,1.9962121212121209
227,524.0,262.0,0.0,4298669.0,2149334.5,0.0,320.4683159508983,1000.0,1584.0,7.0,1.9968434343434343,41396.0,39300.0,524.0,339602531.0,322407663.0,4298861.0,492.54301957174494,1000.0,1584.0,871412.0,1.9974747474747474
228,0.0,786.0,0.0,0.0,6448003.5,0.0,449.61678633502754,1000.0,1584.0,15.666666666666666,1.9981060606060606,41396.0,40348.0,524.0,339602531.0,331005001.0,4298861.0,493.09809654495945,1000.0,1584.0,892372.0,1.9987373737373737
229,0.0,786.0,0.0,0.0,6448003.5,0.0,605.5179394772128,1000.0,1584.0,23.0,0.9993686868686869,41396.0,40872.0,524.0,339602531.0,335303670.0,4298861.0,496.83320640359864,1000.0,1584.0,907568.0,0.0
230,0.0,262.0,0.0,0.0,2149334.5,0.0,788.1717753774541,1000.0,1584.0,29.0,0.0,41396.0,40872.0,524.0,339602531.0,335303670.0,4298861.0,496.83320640359864,1000.0,1584.0,907568.0,0.0
231,0.0,0.0,0.0,0.0,0.0,0.0,0.0,1000.0,1584.0,0.0,0.0,41396.0,40872.0,524.0,339602531.0,335303670.0,4298861.0,496.83320640359864,1000.0,1584.0,907568.0,0.0
232,1310.0,0.0,0.0,10747152.5,0.0,0.0,0.0,1000.0,1584.0,0.0,0.0,44016.0,40872.0,524.0,361096836.0,335303670.0,4298861.0,496.83320640359864,1000.0,1584.0,907568.0,0.0
233,1310.0,262.0,0.0,10747152.5,2149430.5,0.0,349.89015436327065,1000.0,1584.0,10.0,0.9993686868686869,44016.0,41396.0,524.0,361096836.0,339602531.0,4298861.0,494.9964182530946,1000.0,1584.0,912808.0,1.9987373737373737
234,0.0,262.0,0.0,0.0,2149430.5,0.0,349.89015436327065,1000.0,1584.0,10.0,1.9987373737373737,44016.0,41396.0,524.0,361096836.0,339602531.0,4298861.0,494.9964182530946,1000.0,1584.0,912808.0,1.9987373737373737
235,0.0,0.0,0.0,0.0,0.0,0.0,0.0,1000.0,1584.0,0.0,1.9981060606060608,44016.0,41396.0,524.0,361096836.0,339602531.0,4298861.0,494.9964182530946,1000.0,1584.0,912808.0,1.9974747474747478
236,0.0,1048.0,0.0,0.0,8597722.0,0.0,583.4628844279126,1000.0,1584.0,35.5,0.9987373737373739,44016.0,43492.0,524.0,361096836.0,356797975.0,4298861.0,499.20910711856214,1000.0,1584.0,987216.0,0.0
237,0.0,1048.0,0.0,0.0,8597722.0,0.0,583.4628844279126,1000.0,1584.0,35.5,0.0,44016.0,43492.0,524.0,361096836.0,356797975.0,4298861.0,499.20910711856214,1000.0,1584.0,987216.0,0.0
238,0.0,0.0,0.0,0.0,0.0,0.0,0.0,1000.0,1584.0,0.0,0.0,44016.0,43492.0,524.0,361096836.0,356797975.0,4298861.0,499.20910711856214,1000.0,1584.0,987216.0,0.0
239,0.0,0.0,0.0,0.0,0.0,0.0,0.0,1000.0,1584.0,0.0,0.0,44016.0,43492.0,524.0,361096836.0,356797975.0,4298861.0,499.20910711856214,1000.0,1584.0,987216.0,0.0
240,0.0,0.0,0.0,0.0,0.0,0.0,0.0,1000.0,1584.0,0.0,0.0,44016.0,43492.0,524.0,361096836.0,356797975.0,4298861.0,499.20910711856214,1000.0,1584.0,987216.0,0.0
241,0.0,0.0,0.0,0.0,0.0,0.0,0.0,1000.0,1584.0,0.0,0.0,44016.0,43492.0,524.0,361096836.0,356797975.0,4298861.0,499.20910711856214,1000.0,1584.0,987216.0,0.0
242,0.0,0.0,0.0,0.0,0.0,0.0,0.0,1000.0,1584.0,0.0,0.0,44016.0,43492.0,524.0,361096836.0,356797975.0,4298861.0,499.20910711856214,1000.0,1584.0,987216.0,0.0
243,786.0,0.0,0.0,6448003.5,0.0,0.0,0.0,1000.0,1584.0,0.0,0.998106060606061,45588.0,43492.0,524.0,373992843.0,356797975.0,4298861.0,499.20910711856214,1000.0,1584.0,987216.0,1.996212121212122
244,786.0,0.0,0.0,6448003.5,0.0,0.0,0.0,1000.0,1584.0,0.0,1.9962121212121215,45588.0,43492.0,524.0,373992843.0,356797975.0,4298861.0,499.20910711856214,1000.0,1584.0,987216.0,1.9962121212121213
245,0.0,0.0,0.0,0.0,0.0,0.0,0.0,1000.0,1584.0,0.0,1.9968434343434343,45588.0,43492.0,524.0,373992843.0,356797975.0,4298861.0,499.20910711856214,1000.0,1584.0,987216.0,1.9974747474747472
246,0.0,0.0,0.0,0.0,0.0,0.0,0.0,1000.0,1584.0,0.0,1.9962121212121207,45588.0,43492.0,524.0,373992843.0,356797975.0,4298861.0,499.20910711856214,1000.0,1584.0,987216.0,1.9949494949494941
247,262.0,0.0,0.0,2149334.5,0.0,0.0,0.0,1000.0,1584.0,0.0,1.9949494949494941,46112.0,43492.0,524.0,378291512.0,356797975.0,4298861.0,499.20910711856214,1000.0,1584.0,987216.0,1.9949494949494941
248,524.0,0.0,0.0,4298669.0,0.0,0.0,0.0,1000.0,1584.0,0.0,1.9955808080808077,46636.0,43492.0,524.0,382590181.0,356797975.0,4298861.0,499.20910711856214,1000.0,1584.0,987216.0,1.9962121212121213
249,262.0,262.0,0.0,2149334.5,2149334.5,0.0,454.67161744150246,1000.0,1584.0,28.0,1.9955808080808077,46636.0,44016.0,524.0,382590181.0,361096644.0,4298861.0,498.6851366517732,1000.0,1584.0,1001888.0,1.9949494949494941
250,0.0,627.5,0.0,0.0,5149025.0,0.0,431.10119053521544,1000.0,1584.0,17.01035856573705,1.996212121212121,46636.0,44747.0,524.0,382590181.0,367096025.0,4298861.0,497.3210234598822,1000.0,1584.0,1008564.0,1.9974747474747478
251,0.0,1048.0,0.0,0.0,8597338.0,0.0,478.1845078988936,1000.0,1584.0,23.5,0.9987373737373739,46636.0,46112.0,524.0,382590181.0,378291320.0,4298861.0,497.76376007861035,1000.0,1584.0,1051144.0,0.0
252,262.0,682.5,0.0,2149430.5,5597647.5,0.0,512.4473714093282,1000.0,1584.0,31.194139194139193,0.0,47160.0,46112.0,524.0,386889042.0,378291320.0,4298861.0,497.76376007861035,1000.0,1584.0,1051144.0,0.0
253,1310.0,0.0,0.0,10747152.5,0.0,0.0,0.0,1000.0,1584.0,0.0,0.9987373737373735,49256.0,46112.0,524.0,404084486.0,378291320.0,4298861.0,497.76376007861035,1000.0,1584.0,1051144.0,1.997474747474747
254,1048.0,0.0,0.0,8597722.0,0.0,0.0,0.0,1000.0,1584.0,0.0,1.9962121212121209,49256.0,46112.0,524.0,404084486.0,378291320.0,4298861.0,497.76376007861035,1000.0,1584.0,1051144.0,1.9949494949494948
255,0.0,524.0,262.0,0.0,4298861.0,2149430.5,542.255692686472,1000.0,1584.0,9.5,1.9968434343434343,49256.0,47160.0,1048.0,404084486.0,386889042.0,8597722.0,499.2145839679972,1000.0,1584.0,1061100.0,1.9987373737373737
256,0.0,524.0,262.0,0.0,4298861.0,2149430.5,542.255692686472,1000.0,1584.0,9.5,1.9987373737373737,49256.0,47160.0,1048.0,404084486.0,386889042.0,8597722.0,499.2145839679972,1000.0,1584.0,1061100.0,1.9987373737373737
257,262.0,29.0,0.0,2149334.5,238264.0,0.0,531.0897102964838,1000.0,1584.0,30.0,1.9974747474747474,49780.0,47218.0,1048.0,408383155.0,387365570.0,8597722.0,499.25288748034654,1000.0,1584.0,1062840.0,1.996212121212121
258,262.0,786.0,0.0,2149334.5,6448195.5,0.0,521.7456284262969,1000.0,1584.0,21.666666666666668,1.9974747474747474,49780.0,48732.0,1048.0,408383155.0,399785433.0,8597722.0,499.9260906351011,1000.0,1584.0,1095160.0,1.9987373737373737
259,0.0,756.5,0.0,0.0,6205823.5,0.0,521.3807558661243,1000.0,1584.0,21.341705221414408,1.9987373737373737,49780.0,48732.0,1048.0,408383155.0,399785433.0,8597722.0,499.9260906351011,1000.0,1584.0,1095160.0,1.9987373737373737
260,0.0,0.0,0.0,0.0,0.0,0.0,0.0,1000.0,1584.0,0.0,0.9993686868686869,49780.0,48732.0,1048.0,408383155.0,399785433.0,8597722.0,499.9260906351011,1000.0,1584.0,1095160.0,0.0
261,524.0,262.0,0.0,4298669.0,2149334.5,0.0,349.44932219001345,1000.0,1584.0,10.0,0.9987373737373739,50828.0,49256.0,1048.0,416980493.0,404084102.0,8597722.0,498.3586242971315,1000.0,1584.0,1100400.0,1.9974747474747478
262,524.0,524.0,0.0,4298669.0,4298669.0,0.0,554.5069502754823,1000.0,1584.0,18.0,0.9987373737373739,50828.0,49780.0,1048.0,416980493.0,408382771.0,8597722.0,501.0514691843873,1000.0,1584.0,1114024.0,0.0
263,0.0,262.0,0.0,0.0,2149334.5,0.0,759.564578360951,1000.0,1584.0,26.0,0.0,50828.0,49780.0,1048.0,416980493.0,408382771.0,8597722.0,501.0514691843873,1000.0,1584.0,1114024.0,0.0
264,0.0,0.0,0.0,0.0,0.0,0.0,0.0,1000.0,1584.0,0.0,0.0,50828.0,49780.0,1048.0,416980493.0,408382771.0,8597722.0,501.0514691843873,1000.0,1584.0,1114024.0,0.0
265,0.0,0.0,0.0,0.0,0.0,0.0,0.0,1000.0,1584.0,0.0,0.0,50828.0,49780.0,1048.0,416980493.0,408382771.0,8597722.0,501.0514691843873,1000.0,1584.0,1114024.0,0.0
266,0.0,0.0,0.0,0.0,0.0,0.0,0.0,1000.0,1584.0,0.0,0.0,50828.0,49780.0,1048.0,416980493.0,408382771.0,8597722.0,501.0514691843873,1000.0,1584.0,1114024.0,0.0
267,0.0,0.0,0.0,0.0,0.0,0.0,0.0,1000.0,1584.0,0.0,0.0,50828.0,49780.0,1048.0,416980493.0,408382771.0,8597722.0,501.0514691843873,1000.0,1584.0,1114024.0,0.0
268,262.0,0.0,0.0,2149334.5,0.0,0.0,0.0,1000.0,1584.0,0.0,0.9993686868686869,51352.0,49780.0,1048.0,421279162.0,408382771.0,8597722.0,501.0514691843873,1000.0,1584.0,1114024.0,1.9987373737373737
269,262.0,262.0,0.0,2149334.5,2149334.5,0.0,330.047949314374,1000.0,1584.0,8.0,0.9993686868686869,51352.0,50304.0,1048.0,421279162.0,412681440.0,8597722.0,499.30653530816267,1000.0,1584.0,1118216.0,0.0
270,0.0,262.0,0.0,0.0,2149334.5,0.0,330.047949314374,1000.0,1584.0,8.0,0.0,51352.0,50304.0,1048.0,421279162.0,412681440.0,8597722.0,499.30653530816267,1000.0,1584.0,1118216.0,0.0
271,0.0,0.0,0.0,0.0,0.0,0.0,0.0,1000.0,1584.0,0.0,0.0,51352.0,50304.0,1048.0,421279162.0,412681440.0,8597722.0,499.30653530816267,1000.0,1584.0,1118216.0,0.0
272,0.0,0.0,0.0,0.0,0.0,0.0,0.0,1000.0,1584.0,0.0,0.0,51352.0,50304.0,1048.0,421279162.0,412681440.0,8597722.0,499.30653530816267,1000.0,1584.0,1118216.0,0.0
273,0.0,0.0,0.0,0.0,0.0,0.0,0.0,1000.0,1584.0,0.0,0.0,51352.0,50304.0,1048.0,421279162.0,412681440.0,8597722.0,499.30653530816267,1000.0,1584.0,1118216.0,0.0
274,0.0,0.0,0.0,0.0,0.0,0.0,0.0,1000.0,1584.0,0.0,0.0,51352.0,50304.0,1048.0,421279162.0,412681440.0,8597722.0,499.30653530816267,1000.0,1584.0,1118216.0,0.0
275,0.0,0.0,0.0,0.0,0.0,0.0,0.0,1000.0,1584.0,0.0,0.0,51352.0,50304.0,1048.0,421279162.0,412681440.0,8597722.0,499.30653530816267,1000.0,1584.0,1118216.0,0.0
276,0.0,0.0,0.0,0.0,0.0,0.0,0.0,1000.0,1584.0,0.0,0.0,51352.0,50304.0,1048.0,421279162.0,412681440.0,8597722.0,499.30653530816267,1000.0,1584.0,1118216.0,0.0
277,0.0,0.0,0.0,0.0,0.0,0.0,0.0,1000.0,1584.0,0.0,0.0,51352.0,50304.0,1048.0,421279162.0,412681440.0,8597722.0,499.30653530816267,1000.0,1584.0,1118216.0,0.0
278,0.0,0.0,0.0,0.0,0.0,0.0,0.0,1000.0,1584.0,0.0,0.0,51352.0,50304.0,1048.0,421279162.0,412681440.0,8597722.0,499.30653530816267,1000.0,1584.0,1118216.0,0.0
279,0.0,0.0,0.0,0.0,0.0,0.0,0.0,1000.0,1584.0,0.0,0.0,51352.0,50304.0,1048.0,421279162.0,412681440.0,8597722.0,499.30653530816267,1000.0,1584.0,1118216.0,0.0
280,0.0,0.0,0.0,0.0,0.0,0.0,0.0,1000.0,1584.0,0.0,0.0,51352.0,50304.0,1048.0,421279162.0,412681440.0,8597722.0,499.30653530816267,1000.0,1584.0,1118216.0,0.0
281,0.0,0.0,0.0,0.0,0.0,0.0,0.0,1000.0,1584.0,0.0,0.0,51352.0,50304.0,1048.0,421279162.0,412681440.0,8597722.0,499.30653530816267,1000.0,1584.0,1118216.0,0.0
282,0.0,0.0,0.0,0.0,0.0,0.0,0.0,1000.0,1584.0,0.0,0.0,51352.0,50304.0,1048.0,421279162.0,412681440.0,8597722.0,499.30653530816267,1000.0,1584.0,1118216.0,0.0
283,0.0,0.0,0.0,0.0,0.0,0.0,0.0,1000.0,1584.0,0.0,0.0,51352.0,50304.0,1048.0,421279162.0,412681440.0,8597722.0,499.30653530816267,1000.0,1584.0,1118216.0,0.0
284,0.0,0.0,0.0,0.0,0.0,0.0,0.0,1000.0,1584.0,0.0,0.0,51352.0,50304.0,1048.0,421279162.0,412681440.0,8597722.0,499.30653530816267,1000.0,1584.0,1118216.0,0.0
285,0.0,0.0,0.0,0.0,0.0,0.0,0.0,1000.0,1584.0,0.0,0.0,51352.0,50304.0,1048.0,421279162.0,412681440.0,8597722.0,499.30653530816267,1000.0,1584.0,1118216.0,0.0
286,0.0,0.0,0.0,0.0,0.0,0.0,0.0,1000.0,1584.0,0.0,0.0,51352.0,50304.0,1048.0,421279162.0,412681440.0,8597722.0,499.30653530816267,1000.0,1584.0,1118216.0,0.0
287,0.0,0.0,0.0,0.0,0.0,0.0,0.0,1000.0,1584.0,0.0,0.0,51352.0,50304.0,1048.0,421279162.0,412681440.0,8597722.0,499.30653530816267,1000.0,1584.0,1118216.0,0.0
288,0.0,0.0,0.0,0.0,0.0,0.0,0.0,1000.0,1584.0,0.0,0.0,51352.0,50304.0,1048.0,421279162.0,412681440.0,8597722.0,499.30653530816267,1000.0,1584.0,1118216.0,0.0
289,0.0,0.0,0.0,0.0,0.0,0.0,0.0,1000.0,1584.0,0.0,0.0,51352.0,50304.0,1048.0,421279162.0,412681440.0,8597722.0,499.30653530816267,1000.0,1584.0,1118216.0,0.0
290,0.0,0.0,0.0,0.0,0.0,0.0,0.0,1000.0,1584.0,0.0,0.0,51352.0,50304.0,1048.0,421279162.0,412681440.0,8597722.0,499.30653530816267,1000.0,1584.0,1118216.0,0.0
291,0.0,0.0,0.0,0.0,0.0,0.0,0.0,1000.0,1584.0,0.0,0.0,51352.0,50304.0,1048.0,421279162.0,412681440.0,8597722.0,499.30653530816267,1000.0,1584.0,1118216.0,0.0
292,0.0,0.0,0.0,0.0,0.0,0.0,0.0,1000.0,1584.0,0.0,0.0,51352.0,50304.0,1048.0,421279162.0,412681440.0,8597722.0,499.30653530816267,1000.0,1584.0,1118216.0,0.0
293,0.0,0.0,0.0,0.0,0.0,0.0,0.0,1000.0,1584.0,0.0,0.0,51352.0,50304.0,1048.0,421279162.0,412681440.0,8597722.0,499.30653530816267,1000.0,1584.0,1118216.0,0.0
294,0.0,0.0,0.0,0.0,0.0,0.0,0.0,1000.0,1584.0,0.0,0.0,51352.0,50304.0,1048.0,421279162.0,412681440.0,8597722.0,499.30653530816267,1000.0,1584.0,1118216.0,0.0
295,0.0,0.0,0.0,0.0,0.0,0.0,0.0,1000.0,1584.0,0.0,0.0,51352.0,50304.0,1048.0,421279162.0,412681440.0,8597722.0,499.30653530816267,1000.0,1584.0,1118216.0,0.0
296,0.0,0.0,0.0,0.0,0.0,0.0,0.0,1000.0,1584.0,0.0,0.0,51352.0,50304.0,1048.0,421279162.0,412681440.0,8597722.0,499.30653530816267,1000.0,1584.0,1118216.0,0.0
297,0.0,0.0,0.0,0.0,0.0,0.0,0.0,1000.0,1584.0,0.0,0.0,51352.0,50304.0,1048.0,421279162.0,412681440.0,8597722.0,499.30653530816267,1000.0,1584.0,1118216.0,0.0
298,0.0,0.0,0.0,0.0,0.0,0.0,0.0,1000.0,1584.0,0.0,0.0,51352.0,50304.0,1048.0,421279162.0,412681440.0,8597722.0,499.30653530816267,1000.0,1584.0,1118216.0,0.0
299,0.0,0.0,0.0,0.0,0.0,0.0,0.0,1000.0,1584.0,0.0,0.0,51352.0,50304.0,1048.0,421279162.0,412681440.0,8597722.0,499.30653530816267,1000.0,1584.0,1118216.0,0.0
300,0.0,0.0,0.0,0.0,0.0,0.0,0.0,1000.0,1584.0,0.0,0.0,51352.0,50304.0,1048.0,421279162.0,412681440.0,8597722.0,499.30653530816267,1000.0,1584.0,1118216.0,0.0
301,0.0,0.0,0.0,0.0,0.0,0.0,0.0,1000.0,1584.0,0.0,0.0,51352.0,50304.0,1048.0,421279162.0,412681440.0,8597722.0,499.30653530816267,1000.0,1584.0,1118216.0,0.0
302,0.0,0.0,0.0,0.0,0.0,0.0,0.0,1000.0,1584.0,0.0,0.0,51352.0,50304.0,1048.0,421279162.0,412681440.0,8597722.0,499.30653530816267,1000.0,1584.0,1118216.0,0.0
303,0.0,0.0,0.0,0.0,0.0,0.0,0.0,1000.0,1584.0,0.0,0.0,51352.0,50304.0,1048.0,421279162.0,412681440.0,8597722.0,499.30653530816267,1000.0,1584.0,1118216.0,0.0
304,0.0,0.0,0.0,0.0,0.0,0.0,0.0,1000.0,1584.0,0.0,0.0,51352.0,50304.0,1048.0,421279162.0,412681440.0,8597722.0,499.30653530816267,1000.0,1584.0,1118216.0,0.0
305,0.0,0.0,0.0,0.0,0.0,0.0,0.0,1000.0,1584.0,0.0,0.0,51352.0,50304.0,1048.0,421279162.0,412681440.0,8597722.0,499.30653530816267,1000.0,1584.0,1118216.0,0.0
306,0.0,0.0,0.0,0.0,0.0,0.0,0.0,1000.0,1584.0,0.0,0.0,51352.0,50304.0,1048.0,421279162.0,412681440.0,8597722.0,499.30653530816267,1000.0,1584.0,1118216.0,0.0
307,0.0,0.0,0.0,0.0,0.0,0.0,0.0,1000.0,1584.0,0.0,0.0,51352.0,50304.0,1048.0,421279162.0,412681440.0,8597722.0,499.30653530816267,1000.0,1584.0,1118216.0,0.0
308,0.0,0.0,0.0,0.0,0.0,0.0,0.0,1000.0,1584.0,0.0,0.0,51352.0,50304.0,1048.0,421279162.0,412681440.0,8597722.0,499.30653530816267,1000.0,1584.0,1118216.0,0.0
309,0.0,0.0,0.0,0.0,0.0,0.0,0.0,1000.0,1584.0,0.0,0.0,51352.0,50304.0,1048.0,421279162.0,412681440.0,8597722.0,499.30653530816267,1000.0,1584.0,1118216.0,0.0
310,0.0,0.0,0.0,0.0,0.0,0.0,0.0,1000.0,1584.0,0.0,0.0,51352.0,50304.0,1048.0,421279162.0,412681440.0,8597722.0,499.30653530816267,1000.0,1584.0,1118216.0,0.0
311,0.0,0.0,0.0,0.0,0.0,0.0,0.0,1000.0,1584.0,0.0,0.0,51352.0,50304.0,1048.0,421279162.0,412681440.0,8597722.0,499.30653530816267,1000.0,1584.0,1118216.0,0.0
312,0.0,0.0,0.0,0.0,0.0,0.0,0.0,1000.0,1584.0,0.0,0.0,51352.0,50304.0,1048.0,421279162.0,412681440.0,8597722.0,499.30653530816267,1000.0,1584.0,1118216.0,0.0
313,0.0,0.0,0.0,0.0,0.0,0.0,0.0,1000.0,1584.0,0.0,0.0,51352.0,50304.0,1048.0,421279162.0,412681440.0,8597722.0,499.30653530816267,1000.0,1584.0,1118216.0,0.0
314,0.0,0.0,0.0,0.0,0.0,0.0,0.0,1000.0,1584.0,0.0,0.0,51352.0,50304.0,1048.0,421279162.0,412681440.0,8597722.0,499.30653530816267,1000.0,1584.0,1118216.0,0.0
315,0.0,0.0,0.0,0.0,0.0,0.0,0.0,1000.0,1584.0,0.0,0.0,51352.0,50304.0,1048.0,421279162.0,412681440.0,8597722.0,499.30653530816267,1000.0,1584.0,1118216.0,0.0
316,0.0,0.0,0.0,0.0,0.0,0.0,0.0,1000.0,1584.0,0.0,0.0,51352.0,50304.0,1048.0,421279162.0,412681440.0,8597722.0,499.30653530816267,1000.0,1584.0,1118216.0,0.0
317,0.0,0.0,0.0,0.0,0.0,0.0,0.0,1000.0,1584.0,0.0,0.0,51352.0,50304.0,1048.0,421279162.0,412681440.0,8597722.0,499.30653530816267,1000.0,1584.0,1118216.0,0.0
318,0.0,0.0,0.0,0.0,0.0,0.0,0.0,1000.0,1584.0,0.0,0.0,51352.0,50304.0,1048.0,421279162.0,412681440.0,8597722.0,499.30653530816267,1000.0,1584.0,1118216.0,0.0
319,0.0,0.0,0.0,0.0,0.0,0.0,0.0,1000.0,1584.0,0.0,0.0,51352.0,50304.0,1048.0,421279162.0,412681440.0,8597722.0,499.30653530816267,1000.0,1584.0,1118216.0,0.0
320,0.0,0.0,0.0,0.0,0.0,0.0,0.0,1000.0,1584.0,0.0,0.0,51352.0,50304.0,1048.0,421279162.0,412681440.0,8597722.0,499.30653530816267,1000.0,1584.0,1118216.0,0.0
321,0.0,0.0,0.0,0.0,0.0,0.0,0.0,1000.0,1584.0,0.0,0.0,51352.0,50304.0,1048.0,421279162.0,412681440.0,8597722.0,499.30653530816267,1000.0,1584.0,1118216.0,0.0
322,0.0,0.0,0.0,0.0,0.0,0.0,0.0,1000.0,1584.0,0.0,0.0,51352.0,50304.0,1048.0,421279162.0,412681440.0,8597722.0,499.30653530816267,1000.0,1584.0,1118216.0,0.0
323,0.0,0.0,0.0,0.0,0.0,0.0,0.0,1000.0,1584.0,0.0,0.0,51352.0,50304.0,1048.0,421279162.0,412681440.0,8597722.0,499.30653530816267,1000.0,1584.0,1118216.0,0.0
324,0.0,0.0,0.0,0.0,0.0,0.0,0.0,1000.0,1584.0,0.0,0.0,51352.0,50304.0,1048.0,421279162.0,412681440.0,8597722.0,499.30653530816267,1000.0,1584.0,1118216.0,0.0
325,0.0,0.0,0.0,0.0,0.0,0.0,0.0,1000.0,1584.0,0.0,0.0,51352.0,50304.0,1048.0,421279162.0,412681440.0,8597722.0,499.30653530816267,1000.0,1584.0,1118216.0,0.0
326,0.0,0.0,0.0,0.0,0.0,0.0,0.0,1000.0,1584.0,0.0,0.0,51352.0,50304.0,1048.0,421279162.0,412681440.0,8597722.0,499.30653530816267,1000.0,1584.0,1118216.0,0.0
327,0.0,0.0,0.0,0.0,0.0,0.0,0.0,1000.0,1584.0,0.0,0.0,51352.0,50304.0,1048.0,421279162.0,412681440.0,8597722.0,499.30653530816267,1000.0,1584.0,1118216.0,0.0
328,0.0,0.0,0.0,0.0,0.0,0.0,0.0,1000.0,1584.0,0.0,0.0,51352.0,50304.0,1048.0,421279162.0,412681440.0,8597722.0,499.30653530816267,1000.0,1584.0,1118216.0,0.0
329,0.0,0.0,0.0,0.0,0.0,0.0,0.0,1000.0,1584.0,0.0,0.0,51352.0,50304.0,1048.0,421279162.0,412681440.0,8597722.0,499.30653530816267,1000.0,1584.0,1118216.0,0.0
330,0.0,0.0,0.0,0.0,0.0,0.0,0.0,1000.0,1584.0,0.0,0.0,51352.0,50304.0,1048.0,421279162.0,412681440.0,8597722.0,499.30653530816267,1000.0,1584.0,1118216.0,0.0
331,0.0,0.0,0.0,0.0,0.0,0.0,0.0,1000.0,1584.0,0.0,0.0,51352.0,50304.0,1048.0,421279162.0,412681440.0,8597722.0,499.30653530816267,1000.0,1584.0,1118216.0,0.0
332,0.0,0.0,0.0,0.0,0.0,0.0,0.0,1000.0,1584.0,0.0,0.0,51352.0,50304.0,1048.0,421279162.0,412681440.0,8597722.0,499.30653530816267,1000.0,1584.0,1118216.0,0.0
333,0.0,0.0,0.0,0.0,0.0,0.0,0.0,1000.0,1584.0,0.0,0.0,51352.0,50304.0,1048.0,421279162.0,412681440.0,8597722.0,499.30653530816267,1000.0,1584.0,1118216.0,0.0
334,1310.0,0.0,0.0,10747152.5,0.0,0.0,0.0,1000.0,1584.0,0.0,0.0,53972.0,50304.0,1048.0,442773467.0,412681440.0,8597722.0,499.30653530816267,1000.0,1584.0,1118216.0,0.0
335,1310.0,262.0,0.0,10747152.5,2149430.5,0.0,311.1187778910742,1000.0,1584.0,6.0,0.9974747474747474,53972.0,50828.0,1048.0,442773467.0,416980301.0,8597722.0,497.40564886960556,1000.0,1584.0,1121360.0,1.9949494949494948
336,0.0,524.0,0.0,0.0,4298861.0,0.0,380.4699812703365,1000.0,1584.0,6.5,1.996212121212121,53972.0,51352.0,1048.0,442773467.0,421279162.0,8597722.0,496.9298042274051,1000.0,1584.0,1125028.0,1.9974747474747474
337,0.0,262.0,0.0,0.0,2149430.5,0.0,449.82118464959876,1000.0,1584.0,7.0,1.9974747474747472,53972.0,51352.0,1048.0,442773467.0,421279162.0,8597722.0,496.9298042274051,1000.0,1584.0,1125028.0,1.997474747474747
338,0.0,262.0,0.0,0.0,2149430.5,0.0,601.8418770665323,1000.0,1584.0,38.0,1.9974747474747474,53972.0,51876.0,1048.0,442773467.0,425578023.0,8597722.0,497.9685376218519,1000.0,1584.0,1144940.0,1.9974747474747476
339,0.0,786.0,0.0,0.0,6448291.5,0.0,596.9184243219148,1000.0,1584.0,32.333333333333336,0.9987373737373738,53972.0,52924.0,1048.0,442773467.0,434175745.0,8597722.0,499.84209413307013,1000.0,1584.0,1175856.0,0.0
340,0.0,524.0,0.0,0.0,4298861.0,0.0,594.456697949606,1000.0,1584.0,29.5,0.0,53972.0,52924.0,1048.0,442773467.0,434175745.0,8597722.0,499.84209413307013,1000.0,1584.0,1175856.0,0.0
341,0.0,0.0,0.0,0.0,0.0,0.0,0.0,1000.0,1584.0,0.0,0.0,53972.0,52924.0,1048.0,442773467.0,434175745.0,8597722.0,499.84209413307013,1000.0,1584.0,1175856.0,0.0
342,0.0,0.0,0.0,0.0,0.0,0.0,0.0,1000.0,1584.0,0.0,0.0,53972.0,52924.0,1048.0,442773467.0,434175745.0,8597722.0,499.84209413307013,1000.0,1584.0,1175856.0,0.0
343,262.0,0.0,0.0,2149334.5,0.0,0.0,0.0,1000.0,1584.0,0.0,0.0,54496.0,52924.0,1048.0,447072136.0,434175745.0,8597722.0,499.84209413307013,1000.0,1584.0,1175856.0,0.0
344,524.0,0.0,0.0,4298669.0,0.0,0.0,0.0,1000.0,1584.0,0.0,0.9987373737373736,55020.0,52924.0,1048.0,451370805.0,434175745.0,8597722.0,499.84209413307013,1000.0,1584.0,1175856.0,1.9974747474747472
345,262.0,0.0,0.0,2149334.5,0.0,0.0,0.0,1000.0,1584.0,0.0,1.9974747474747472,55020.0,52924.0,1048.0,451370805.0,434175745.0,8597722.0,499.84209413307013,1000.0,1584.0,1175856.0,1.9974747474747472
346,524.0,262.0,0.0,4298669.0,2149334.5,0.0,310.30217180851173,1000.0,1584.0,6.0,1.9968434343434343,56068.0,53448.0,1048.0,459968143.0,438474414.0,8597722.0,498.0195948799494,1000.0,1584.0,1179000.0,1.9962121212121213
347,524.0,262.0,0.0,4298669.0,2149334.5,0.0,310.30217180851173,1000.0,1584.0,6.0,1.9968434343434343,56068.0,53448.0,1048.0,459968143.0,438474414.0,8597722.0,498.0195948799494,1000.0,1584.0,1179000.0,1.9974747474747472
348,0.0,262.0,0.0,0.0,2149334.5,0.0,448.7794035231721,1000.0,1584.0,7.0,1.9974747474747472,56068.0,53972.0,1048.0,459968143.0,442773083.0,8597722.0,497.5506406765511,1000.0,1584.0,1182668.0,1.9974747474747472
349,0.0,524.0,0.0,0.0,4298669.0,0.0,622.9744599512204,1000.0,1584.0,18.5,1.9981060606060606,56068.0,54496.0,1048.0,459968143.0,447071752.0,8597722.0,500.3772338435581,1000.0,1584.0,1198388.0,1.9987373737373737
350,0.0,262.0,0.0,0.0,2149334.5,0.0,797.1695163792687,1000.0,1584.0,30.0,1.9987373737373737,56068.0,54496.0,1048.0,459968143.0,447071752.0,8597722.0,500.3772338435581,1000.0,1584.0,1198388.0,1.9987373737373737
351,262.0,0.0,0.0,2149334.5,0.0,0.0,0.0,1000.0,1584.0,0.0,1.9981060606060606,56592.0,54496.0,1048.0,464266812.0,447071752.0,8597722.0,500.3772338435581,1000.0,1584.0,1198388.0,1.9974747474747472
352,262.0,262.0,0.0,2149334.5,2149334.5,0.0,617.2844777889939,1000.0,1584.0,38.0,1.9981060606060606,56592.0,55020.0,1048.0,464266812.0,451370421.0,8597722.0,501.46982490846887,1000.0,1584.0,1218300.0,1.9987373737373737
353,0.0,524.0,0.0,0.0,4298669.0,0.0,507.0652876137547,1000.0,1584.0,33.5,0.9993686868686869,56592.0,55544.0,1048.0,464266812.0,455669090.0,8597722.0,500.50108669115446,1000.0,1584.0,1233496.0,0.0
354,0.0,262.0,0.0,0.0,2149334.5,0.0,396.8460974385154,1000.0,1584.0,29.0,0.0,56592.0,55544.0,1048.0,464266812.0,455669090.0,8597722.0,500.50108669115446,1000.0,1584.0,1233496.0,0.0
355,524.0,0.0,0.0,4298861.0,0.0,0.0,0.0,1000.0,1584.0,0.0,0.0,57640.0,55544.0,1048.0,472864534.0,455669090.0,8597722.0,500.50108669115446,1000.0,1584.0,1233496.0,0.0
356,1310.0,262.0,0.0,10747152.5,2149430.5,0.0,304.85048827715326,1000.0,1584.0,5.0,0.9981060606060607,59212.0,56068.0,1048.0,485761117.0,459967951.0,8597722.0,498.70612707267736,1000.0,1584.0,1236116.0,1.9962121212121213
357,786.0,1048.0,0.0,6448291.5,8597722.0,0.0,366.3373863285376,1000.0,1584.0,8.25,1.9974747474747474,59212.0,57640.0,1048.0,485761117.0,472864534.0,8597722.0,495.7095259639178,1000.0,1584.0,1250788.0,1.9987373737373737
358,0.0,1048.0,0.0,0.0,8597722.0,0.0,440.5548924410686,1000.0,1584.0,16.5,0.9993686868686869,59212.0,58164.0,1048.0,485761117.0,477163395.0,8597722.0,496.6476762892571,1000.0,1584.0,1270700.0,0.0
359,0.0,262.0,0.0,0.0,2149430.5,0.0,601.7205127272773,1000.0,1584.0,38.0,0.0,59212.0,58164.0,1048.0,485761117.0,477163395.0,8597722.0,496.6476762892571,1000.0,1584.0,1270700.0,0.0
360,0.0,0.0,0.0,0.0,0.0,0.0,0.0,1000.0,1584.0,0.0,0.0,59212.0,58164.0,1048.0,485761117.0,477163395.0,8597722.0,496.6476762892571,1000.0,1584.0,1270700.0,0.0
361,524.0,0.0,0.0,4298669.0,0.0,0.0,0.0,1000.0,1584.0,0.0,0.9987373737373736,60260.0,58164.0,1048.0,494358455.0,477163395.0,8597722.0,496.6476762892571,1000.0,1584.0,1270700.0,1.9974747474747472
362,524.0,262.0,0.0,4298669.0,2149334.5,0.0,302.34540934725896,1000.0,1584.0,5.0,1.9981060606060606,60260.0,58688.0,1048.0,494358455.0,481462064.0,8597722.0,494.9432704388887,1000.0,1584.0,1273320.0,1.9987373737373737
363,0.0,262.0,0.0,0.0,2149334.5,0.0,302.34540934725896,1000.0,1584.0,5.0,1.9987373737373737,60260.0,58688.0,1048.0,494358455.0,481462064.0,8597722.0,494.9432704388887,1000.0,1584.0,1273320.0,1.9987373737373737
364,0.0,262.0,0.0,0.0,2149334.5,0.0,616.9319364342153,1000.0,1584.0,38.0,0.9993686868686869,60260.0,59212.0,1048.0,494358455.0,485760733.0,8597722.0,496.0040414475435,1000.0,1584.0,1293232.0,0.0
365,0.0,262.0,0.0,0.0,2149334.5,0.0,616.9319364342153,1000.0,1584.0,38.0,0.0,60260.0,59212.0,1048.0,494358455.0,485760733.0,8597722.0,496.0040414475435,1000.0,1584.0,1293232.0,0.0
366,0.0,0.0,0.0,0.0,0.0,0.0,0.0,1000.0,1584.0,0.0,0.0,60260.0,59212.0,1048.0,494358455.0,485760733.0,8597722.0,496.0040414475435,1000.0,1584.0,1293232.0,0.0
367,0.0,0.0,0.0,0.0,0.0,0.0,0.0,1000.0,1584.0,0.0,0.0,60260.0,59212.0,1048.0,494358455.0,485760733.0,8597722.0,496.0040414475435,1000.0,1584.0,1293232.0,0.0
368,0.0,0.0,0.0,0.0,0.0,0.0,0.0,1000.0,1584.0,0.0,0.0,60260.0,59212.0,1048.0,494358455.0,485760733.0,8597722.0,496.0040414475435,1000.0,1584.0,1293232.0,0.0
369,786.0,0.0,0.0,6448003.5,0.0,0.0,0.0,1000.0,1584.0,0.0,0.9981060606060607,61832.0,59212.0,1048.0,507254462.0,485760733.0,8597722.0,496.0040414475435,1000.0,1584.0,1293232.0,1.9962121212121213
370,786.0,524.0,0.0,6448003.5,4298669.0,0.0,421.9750099460167,1000.0,1584.0,7.5,1.9974747474747474,61832.0,60260.0,1048.0,507254462.0,494358071.0,8597722.0,494.7385879176031,1000.0,1584.0,1301092.0,1.9987373737373737
371,0.0,786.0,0.0,0.0,6448003.5,0.0,472.17273750064726,1000.0,1584.0,18.333333333333332,0.9993686868686869,61832.0,60784.0,1048.0,507254462.0,498656740.0,8597722.0,495.3981608387244,1000.0,1584.0,1322052.0,0.0
372,0.0,262.0,0.0,0.0,2149334.5,0.0,572.5681926099084,1000.0,1584.0,40.0,0.0,61832.0,60784.0,1048.0,507254462.0,498656740.0,8597722.0,495.3981608387244,1000.0,1584.0,1322052.0,0.0
373,1310.0,0.0,0.0,10747152.5,0.0,0.0,0.0,1000.0,1584.0,0.0,0.0,64452.0,60784.0,1048.0,528748767.0,498656740.0,8597722.0,495.3981608387244,1000.0,1584.0,1322052.0,0.0
374,1310.0,0.0,0.0,10747152.5,0.0,0.0,0.0,1000.0,1584.0,0.0,0.0,64452.0,60784.0,1048.0,528748767.0,498656740.0,8597722.0,495.3981608387244,1000.0,1584.0,1322052.0,0.0
375,0.0,0.0,0.0,0.0,0.0,0.0,0.0,1000.0,1584.0,0.0,0.0,64452.0,60784.0,1048.0,528748767.0,498656740.0,8597722.0,495.3981608387244,1000.0,1584.0,1322052.0,0.0
376,0.0,262.0,0.0,0.0,2149430.5,0.0,294.4721441209721,1000.0,1584.0,11.0,0.9987373737373738,64452.0,61308.0,1048.0,528748767.0,502955601.0,8597722.0,493.7097069167266,1000.0,1584.0,1327816.0,1.9974747474747476
377,0.0,786.0,0.0,0.0,6448291.5,0.0,516.7654541990499,1000.0,1584.0,25.0,1.9974747474747476,64452.0,62356.0,1048.0,528748767.0,511553323.0,8597722.0,495.9279284426995,1000.0,1584.0,1361352.0,1.9974747474747476
378,0.0,1048.0,0.0,0.0,8597722.0,0.0,587.427172952896,1000.0,1584.0,31.25,0.9987373737373738,64452.0,63404.0,1048.0,528748767.0,520151045.0,8597722.0,496.75742938944717,1000.0,1584.0,1393316.0,0.0
379,0.0,524.0,0.0,0.0,4298861.0,0.0,546.9422366677029,1000.0,1584.0,30.5,0.0,64452.0,63404.0,1048.0,528748767.0,520151045.0,8597722.0,496.75742938944717,1000.0,1584.0,1393316.0,0.0
380,0.0,0.0,0.0,0.0,0.0,0.0,0.0,1000.0,1584.0,0.0,0.0,64452.0,63404.0,1048.0,528748767.0,520151045.0,8597722.0,496.75742938944717,1000.0,1584.0,1393316.0,0.0
381,0.0,0.0,0.0,0.0,0.0,0.0,0.0,1000.0,1584.0,0.0,0.0,64452.0,63404.0,1048.0,528748767.0,520151045.0,8597722.0,496.75742938944717,1000.0,1584.0,1393316.0,0.0
382,524.0,0.0,0.0,4298669.0,0.0,0.0,0.0,1000.0,1584.0,0.0,0.9993686868686869,65500.0,63404.0,1048.0,537346105.0,520151045.0,8597722.0,496.75742938944717,1000.0,1584.0,1393316.0,1.9987373737373737
383,786.0,0.0,0.0,6448003.5,0.0,0.0,0.0,1000.0,1584.0,0.0,1.9981060606060608,66024.0,63404.0,1048.0,541644774.0,520151045.0,8597722.0,496.75742938944717,1000.0,1584.0,1393316.0,1.9974747474747478
384,262.0,262.0,0.0,2149334.5,2149334.5,0.0,294.5012810285522,1000.0,1584.0,11.0,1.9974747474747478,66024.0,63928.0,1048.0,541644774.0,524449714.0,8597722.0,495.12633141879485,1000.0,1584.0,1399080.0,1.9974747474747478
385,0.0,786.0,0.0,0.0,6448003.5,0.0,396.1496158034075,1000.0,1584.0,19.666666666666668,0.9987373737373739,66024.0,64976.0,1048.0,541644774.0,533047052.0,8597722.0,494.3620052564466,1000.0,1584.0,1424232.0,0.0
386,0.0,524.0,0.0,0.0,4298669.0,0.0,446.9737831908352,1000.0,1584.0,24.0,0.0,66024.0,64976.0,1048.0,541644774.0,533047052.0,8597722.0,494.3620052564466,1000.0,1584.0,1424232.0,0.0
387,0.0,0.0,0.0,0.0,0.0,0.0,0.0,1000.0,1584.0,0.0,0.0,66024.0,64976.0,1048.0,541644774.0,533047052.0,8597722.0,494.3620052564466,1000.0,1584.0,1424232.0,0.0
388,0.0,0.0,0.0,0.0,0.0,0.0,0.0,1000.0,1584.0,0.0,0.0,66024.0,64976.0,1048.0,541644774.0,533047052.0,8597722.0,494.3620052564466,1000.0,1584.0,1424232.0,0.0
389,0.0,0.0,0.0,0.0,0.0,0.0,0.0,1000.0,1584.0,0.0,0.0,66024.0,64976.0,1048.0,541644774.0,533047052.0,8597722.0,494.3620052564466,1000.0,1584.0,1424232.0,0.0
390,524.0,262.0,0.0,4298669.0,2149334.5,0.0,457.9075260596526,1000.0,1584.0,8.0,0.9993686868686869,67072.0,65500.0,1048.0,550242112.0,537345721.0,8597722.0,494.07496211316476,1000.0,1584.0,1428424.0,1.9987373737373737
391,524.0,262.0,0.0,4298669.0,2149334.5,0.0,457.9075260596526,1000.0,1584.0,8.0,1.9987373737373737,67072.0,65500.0,1048.0,550242112.0,537345721.0,8597722.0,494.07496211316476,1000.0,1584.0,1428424.0,1.9987373737373737
392,0.0,262.0,0.0,0.0,2149334.5,0.0,577.129281714742,1000.0,1584.0,34.0,0.9993686868686869,67072.0,66024.0,1048.0,550242112.0,541644390.0,8597722.0,494.72382398505215,1000.0,1584.0,1446240.0,0.0
393,0.0,262.0,0.0,0.0,2149334.5,0.0,577.129281714742,1000.0,1584.0,34.0,0.0,67072.0,66024.0,1048.0,550242112.0,541644390.0,8597722.0,494.72382398505215,1000.0,1584.0,1446240.0,0.0
394,1310.0,0.0,0.0,10747152.5,0.0,0.0,0.0,1000.0,1584.0,0.0,0.0,69692.0,66024.0,1048.0,571736417.0,541644390.0,8597722.0,494.72382398505215,1000.0,1584.0,1446240.0,0.0
395,1310.0,262.0,0.0,10747152.5,2149430.5,0.0,232.40020364729824,1000.0,1584.0,11.0,0.9981060606060607,69692.0,66548.0,1048.0,571736417.0,545943251.0,8597722.0,492.6903075483254,1000.0,1584.0,1452004.0,1.9962121212121213
396,0.0,524.0,0.0,0.0,4298861.0,0.0,254.65856765575026,1000.0,1584.0,10.0,1.9949494949494948,69692.0,67072.0,1048.0,571736417.0,550242112.0,8597722.0,491.03051234921674,1000.0,1584.0,1456720.0,1.9936868686868683
397,0.0,524.0,0.0,0.0,4298861.0,0.0,394.88829828314397,1000.0,1584.0,15.0,1.995580808080808,69692.0,67596.0,1048.0,571736417.0,554540973.0,8597722.0,491.1971471015287,1000.0,1584.0,1467724.0,1.9974747474747476
398,0.0,524.0,0.0,0.0,4298861.0,0.0,618.6569936645694,1000.0,1584.0,21.5,1.9974747474747476,69692.0,68120.0,1048.0,571736417.0,558839834.0,8597722.0,492.9642469146014,1000.0,1584.0,1479252.0,1.9974747474747476
399,0.0,262.0,0.0,0.0,2149430.5,0.0,724.4543224270532,1000.0,1584.0,22.0,1.9981060606060606,69692.0,68120.0,1048.0,571736417.0,558839834.0,8597722.0,492.9642469146014,1000.0,1584.0,1479252.0,1.9987373737373737
400,0.0,0.0,0.0,0.0,0.0,0.0,0.0,1000.0,1584.0,0.0,1.9987373737373737,69692.0,68120.0,1048.0,571736417.0,558839834.0,8597722.0,492.9642469146014,1000.0,1584.0,1479252.0,1.9987373737373737
401,262.0,0.0,0.0,2149334.5,0.0,0.0,0.0,1000.0,1584.0,0.0,1.9987373737373737,70216.0,68120.0,1048.0,576035086.0,558839834.0,8597722.0,492.9642469146014,1000.0,1584.0,1479252.0,1.9987373737373737
402,262.0,0.0,0.0,2149334.5,0.0,0.0,0.0,1000.0,1584.0,0.0,1.9987373737373737,70216.0,68120.0,1048.0,576035086.0,558839834.0,8597722.0,492.9642469146014,1000.0,1584.0,1479252.0,1.9987373737373737
403,786.0,0.0,0.0,6448003.5,0.0,0.0,0.0,1000.0,1584.0,0.0,1.9974747474747478,71788.0,68120.0,1048.0,588931093.0,558839834.0,8597722.0,492.9642469146014,1000.0,1584.0,1479252.0,1.9962121212121218
404,786.0,0.0,0.0,6448003.5,0.0,0.0,0.0,1000.0,1584.0,0.0,1.9949494949494948,71788.0,68120.0,1048.0,588931093.0,558839834.0,8597722.0,492.9642469146014,1000.0,1584.0,1479252.0,1.993686868686868
405,0.0,786.0,0.0,0.0,6448099.5,0.0,394.62084709266355,1000.0,1584.0,19.666666666666668,1.9962121212121209,71788.0,69692.0,1048.0,588931093.0,571736033.0,8597722.0,490.7788380296695,1000.0,1584.0,1510168.0,1.9987373737373737
406,0.0,786.0,0.0,0.0,6448099.5,0.0,394.62084709266355,1000.0,1584.0,19.666666666666668,1.9987373737373737,71788.0,69692.0,1048.0,588931093.0,571736033.0,8597722.0,490.7788380296695,1000.0,1584.0,1510168.0,1.9987373737373737
407,0.0,524.0,0.0,0.0,4298669.0,0.0,623.4330076890676,1000.0,1584.0,21.5,0.9993686868686869,71788.0,70740.0,1048.0,588931093.0,580333371.0,8597722.0,492.71539525097506,1000.0,1584.0,1532700.0,0.0
408,0.0,524.0,0.0,0.0,4298669.0,0.0,623.4330076890676,1000.0,1584.0,21.5,0.0,71788.0,70740.0,1048.0,588931093.0,580333371.0,8597722.0,492.71539525097506,1000.0,1584.0,1532700.0,0.0
409,0.0,0.0,0.0,0.0,0.0,0.0,0.0,1000.0,1584.0,0.0,0.0,71788.0,70740.0,1048.0,588931093.0,580333371.0,8597722.0,492.71539525097506,1000.0,1584.0,1532700.0,0.0
410,0.0,0.0,0.0,0.0,0.0,0.0,0.0,1000.0,1584.0,0.0,0.0,71788.0,70740.0,1048.0,588931093.0,580333371.0,8597722.0,492.71539525097506,1000.0,1584.0,1532700.0,0.0
411,0.0,0.0,0.0,0.0,0.0,0.0,0.0,1000.0,1584.0,0.0,0.0,71788.0,70740.0,1048.0,588931093.0,580333371.0,8597722.0,492.71539525097506,1000.0,1584.0,1532700.0,0.0
412,0.0,0.0,0.0,0.0,0.0,0.0,0.0,1000.0,1584.0,0.0,0.0,71788.0,70740.0,1048.0,588931093.0,580333371.0,8597722.0,492.71539525097506,1000.0,1584.0,1532700.0,0.0
413,0.0,0.0,0.0,0.0,0.0,0.0,0.0,1000.0,1584.0,0.0,0.0,71788.0,70740.0,1048.0,588931093.0,580333371.0,8597722.0,492.71539525097506,1000.0,1584.0,1532700.0,0.0
414,262.0,0.0,0.0,2149334.5,0.0,0.0,0.0,1000.0,1584.0,0.0,0.9993686868686869,72312.0,70740.0,1048.0,593229762.0,580333371.0,8597722.0,492.71539525097506,1000.0,1584.0,1532700.0,1.9987373737373737
415,262.0,0.0,0.0,2149334.5,0.0,0.0,0.0,1000.0,1584.0,0.0,1.9987373737373737,72312.0,70740.0,1048.0,593229762.0,580333371.0,8597722.0,492.71539525097506,1000.0,1584.0,1532700.0,1.9987373737373737
416,0.0,262.0,0.0,0.0,2149334.5,0.0,698.8325406508937,1000.0,1584.0,39.0,0.9993686868686869,72312.0,71264.0,1048.0,593229762.0,584632040.0,8597722.0,494.20899775387306,1000.0,1584.0,1553136.0,0.0
417,0.0,262.0,0.0,0.0,2149334.5,0.0,698.8325406508937,1000.0,1584.0,39.0,0.0,72312.0,71264.0,1048.0,593229762.0,584632040.0,8597722.0,494.20899775387306,1000.0,1584.0,1553136.0,0.0
418,0.0,0.0,0.0,0.0,0.0,0.0,0.0,1000.0,1584.0,0.0,0.0,72312.0,71264.0,1048.0,593229762.0,584632040.0,8597722.0,494.20899775387306,1000.0,1584.0,1553136.0,0.0
419,1310.0,0.0,0.0,10747152.5,0.0,0.0,0.0,1000.0,1584.0,0.0,0.9987373737373736,74932.0,71264.0,1048.0,614724067.0,584632040.0,8597722.0,494.20899775387306,1000.0,1584.0,1553136.0,1.9974747474747472
420,1310.0,262.0,0.0,10747152.5,2149430.5,0.0,184.81805133142316,1000.0,1584.0,6.0,1.9974747474747474,74932.0,71788.0,1048.0,614724067.0,588930901.0,8597722.0,491.9831636069467,1000.0,1584.0,1556280.0,1.9974747474747476
421,0.0,262.0,0.0,0.0,2149430.5,0.0,184.81805133142316,1000.0,1584.0,6.0,1.9968434343434343,74932.0,71788.0,1048.0,614724067.0,588930901.0,8597722.0,491.9831636069467,1000.0,1584.0,1556280.0,1.9962121212121207
422,0.0,0.0,0.0,0.0,0.0,0.0,0.0,1000.0,1584.0,0.0,1.996212121212121,74932.0,71788.0,1048.0,614724067.0,588930901.0,8597722.0,491.9831636069467,1000.0,1584.0,1556280.0,1.9962121212121213
423,0.0,786.0,0.0,0.0,6448291.5,0.0,575.6739223083513,1000.0,1584.0,29.333333333333332,1.9974747474747474,74932.0,73360.0,1048.0,614724067.0,601827484.0,8597722.0,493.7512782273991,1000.0,1584.0,1602392.0,1.9987373737373737
424,0.0,1048.0,0.0,0.0,8597722.0,0.0,527.2844512746151,1000.0,1584.0,29.0,0.9993686868686869,74932.0,73884.0,1048.0,614724067.0,606126345.0,8597722.0,492.97061221303545,1000.0,1584.0,1617064.0,0.0
425,0.0,262.0,0.0,0.0,2149430.5,0.0,382.11603817340625,1000.0,1584.0,28.0,0.0,74932.0,73884.0,1048.0,614724067.0,606126345.0,8597722.0,492.97061221303545,1000.0,1584.0,1617064.0,0.0
426,262.0,0.0,0.0,2149334.5,0.0,0.0,0.0,1000.0,1584.0,0.0,0.9993686868686869,75456.0,73884.0,1048.0,619022736.0,606126345.0,8597722.0,492.97061221303545,1000.0,1584.0,1617064.0,1.9987373737373737
427,262.0,262.0,0.0,2149334.5,2149334.5,0.0,509.5213248692182,1000.0,1584.0,27.0,0.9993686868686869,75456.0,74408.0,1048.0,619022736.0,610425014.0,8597722.0,493.08554771759157,1000.0,1584.0,1631212.0,0.0
428,0.0,262.0,0.0,0.0,2149334.5,0.0,509.5213248692182,1000.0,1584.0,27.0,0.0,75456.0,74408.0,1048.0,619022736.0,610425014.0,8597722.0,493.08554771759157,1000.0,1584.0,1631212.0,0.0
429,0.0,0.0,0.0,0.0,0.0,0.0,0.0,1000.0,1584.0,0.0,0.0,75456.0,74408.0,1048.0,619022736.0,610425014.0,8597722.0,493.08554771759157,1000.0,1584.0,1631212.0,0.0
430,262.0,0.0,0.0,2149334.5,0.0,0.0,0.0,1000.0,1584.0,0.0,0.0,75980.0,74408.0,1048.0,623321405.0,610425014.0,8597722.0,493.08554771759157,1000.0,1584.0,1631212.0,0.0
431,524.0,0.0,0.0,4298669.0,0.0,0.0,0.0,1000.0,1584.0,0.0,0.0,76504.0,74408.0,1048.0,627620074.0,610425014.0,8597722.0,493.08554771759157,1000.0,1584.0,1631212.0,0.0
432,262.0,0.0,0.0,2149334.5,0.0,0.0,0.0,1000.0,1584.0,0.0,0.9987373737373739,76504.0,74408.0,1048.0,627620074.0,610425014.0,8597722.0,493.08554771759157,1000.0,1584.0,1631212.0,1.9974747474747478
433,0.0,262.0,0.0,0.0,2149334.5,0.0,471.7961411173654,1000.0,1584.0,16.0,1.9981060606060608,76504.0,74932.0,1048.0,627620074.0,614723683.0,8597722.0,492.93872422379695,1000.0,1584.0,1639596.0,1.9987373737373737
434,0.0,262.0,0.0,0.0,2149334.5,0.0,471.7961411173654,1000.0,1584.0,16.0,1.9987373737373737,76504.0,74932.0,1048.0,627620074.0,614723683.0,8597722.0,492.93872422379695,1000.0,1584.0,1639596.0,1.9987373737373737
435,0.0,0.0,0.0,0.0,0.0,0.0,0.0,1000.0,1584.0,0.0,1.9987373737373737,76504.0,74932.0,1048.0,627620074.0,614723683.0,8597722.0,492.93872422379695,1000.0,1584.0,1639596.0,1.9987373737373737
436,524.0,0.0,0.0,4298669.0,0.0,0.0,0.0,1000.0,1584.0,0.0,1.9974747474747476,77552.0,74932.0,1048.0,636217412.0,614723683.0,8597722.0,492.93872422379695,1000.0,1584.0,1639596.0,1.9962121212121215
437,524.0,262.0,0.0,4298669.0,2149334.5,0.0,393.62869895454776,1000.0,1584.0,22.0,1.9962121212121215,77552.0,75456.0,1048.0,636217412.0,619022352.0,8597722.0,492.2585185712689,1000.0,1584.0,1651124.0,1.9962121212121213
438,0.0,524.0,0.0,0.0,4298669.0,0.0,391.83349096410524,1000.0,1584.0,25.0,1.9974747474747474,77552.0,75980.0,1048.0,636217412.0,623321021.0,8597722.0,491.563142818904,1000.0,1584.0,1665796.0,1.9987373737373737
439,0.0,524.0,0.0,0.0,4298669.0,0.0,477.8679760330598,1000.0,1584.0,30.5,0.9993686868686869,77552.0,76504.0,1048.0,636217412.0,627619690.0,8597722.0,492.0640517802118,1000.0,1584.0,1683088.0,0.0
440,0.0,262.0,0.0,0.0,2149334.5,0.0,565.6976690924569,1000.0,1584.0,33.0,0.0,77552.0,76504.0,1048.0,636217412.0,627619690.0,8597722.0,492.0640517802118,1000.0,1584.0,1683088.0,0.0
441,1310.0,0.0,0.0,10747152.5,0.0,0.0,0.0,1000.0,1584.0,0.0,0.0,80172.0,76504.0,1048.0,657711717.0,627619690.0,8597722.0,492.0640517802118,1000.0,1584.0,1683088.0,0.0
442,1310.0,524.0,0.0,10747152.5,4298861.0,0.0,277.16184392874436,1000.0,1584.0,9.0,0.0,80172.0,77552.0,1048.0,657711717.0,636217412.0,8597722.0,489.1986890088595,1000.0,1584.0,1692520.0,0.0
443,0.0,786.0,0.0,0.0,6448291.5,0.0,260.79064033907787,1000.0,1584.0,9.666666666666666,0.9993686868686869,80172.0,78076.0,1048.0,657711717.0,640516273.0,8597722.0,487.4692157913158,1000.0,1584.0,1698284.0,1.9987373737373737
444,0.0,262.0,0.0,0.0,2149430.5,0.0,228.04823315974505,1000.0,1584.0,11.0,1.9987373737373737,80172.0,78076.0,1048.0,657711717.0,640516273.0,8597722.0,487.4692157913158,1000.0,1584.0,1698284.0,1.9987373737373737
445,0.0,262.0,0.0,0.0,2149430.5,0.0,390.719192896497,1000.0,1584.0,29.0,1.9987373737373737,80172.0,78600.0,1048.0,657711717.0,644815134.0,8597722.0,486.8327024827971,1000.0,1584.0,1713480.0,1.9987373737373737
446,0.0,262.0,0.0,0.0,2149430.5,0.0,390.719192896497,1000.0,1584.0,29.0,1.9987373737373737,80172.0,78600.0,1048.0,657711717.0,644815134.0,8597722.0,486.8327024827971,1000.0,1584.0,1713480.0,1.9987373737373737
447,0.0,0.0,0.0,0.0,0.0,0.0,0.0,1000.0,1584.0,0.0,1.9987373737373737,80172.0,78600.0,1048.0,657711717.0,644815134.0,8597722.0,486.8327024827971,1000.0,1584.0,1713480.0,1.9987373737373737
448,262.0,0.0,0.0,2149334.5,0.0,0.0,0.0,1000.0,1584.0,0.0,1.9987373737373737,80696.0,78600.0,1048.0,662010386.0,644815134.0,8597722.0,486.8327024827971,1000.0,1584.0,1713480.0,1.9987373737373737
449,524.0,262.0,0.0,4298669.0,2149430.5,0.0,820.8780474632164,1000.0,1584.0,39.0,1.9981060606060608,81220.0,79124.0,1048.0,666309055.0,649113995.0,8597722.0,489.0160053911659,1000.0,1584.0,1733916.0,1.9974747474747478
450,262.0,786.0,0.0,2149334.5,6448099.5,0.0,500.1074521584972,1000.0,1584.0,19.0,0.9987373737373739,81220.0,80172.0,1048.0,666309055.0,657711333.0,8597722.0,487.0896331216817,1000.0,1584.0,1743348.0,0.0
451,0.0,524.0,0.0,0.0,4298669.0,0.0,339.7221545061376,1000.0,1584.0,9.0,0.0,81220.0,80172.0,1048.0,666309055.0,657711333.0,8597722.0,487.0896331216817,1000.0,1584.0,1743348.0,0.0
452,0.0,0.0,0.0,0.0,0.0,0.0,0.0,1000.0,1584.0,0.0,0.0,81220.0,80172.0,1048.0,666309055.0,657711333.0,8597722.0,487.0896331216817,1000.0,1584.0,1743348.0,0.0
453,262.0,0.0,0.0,2149334.5,0.0,0.0,0.0,1000.0,1584.0,0.0,0.9993686868686869,81744.0,80172.0,1048.0,670607724.0,657711333.0,8597722.0,487.0896331216817,1000.0,1584.0,1743348.0,1.9987373737373737
454,262.0,0.0,0.0,2149334.5,0.0,0.0,0.0,1000.0,1584.0,0.0,1.9987373737373737,81744.0,80172.0,1048.0,670607724.0,657711333.0,8597722.0,487.0896331216817,1000.0,1584.0,1743348.0,1.9987373737373737
455,0.0,0.0,0.0,0.0,0.0,0.0,0.0,1000.0,1584.0,0.0,0.9993686868686869,81744.0,80172.0,1048.0,670607724.0,657711333.0,8597722.0,487.0896331216817,1000.0,1584.0,1743348.0,0.0
456,524.0,0.0,0.0,4298669.0,0.0,0.0,0.0,1000.0,1584.0,0.0,0.9974747474747474,82792.0,80172.0,1048.0,679205062.0,657711333.0,8597722.0,487.0896331216817,1000.0,1584.0,1743348.0,1.9949494949494948
457,524.0,0.0,0.0,4298669.0,0.0,0.0,0.0,1000.0,1584.0,0.0,1.9949494949494944,82792.0,80172.0,1048.0,679205062.0,657711333.0,8597722.0,487.0896331216817,1000.0,1584.0,1743348.0,1.994949494949494
458,0.0,0.0,0.0,0.0,0.0,0.0,0.0,1000.0,1584.0,0.0,1.9955808080808077,82792.0,80172.0,1048.0,679205062.0,657711333.0,8597722.0,487.0896331216817,1000.0,1584.0,1743348.0,1.9962121212121215
459,0.0,786.0,0.0,0.0,6448003.5,0.0,572.9957113424687,1000.0,1584.0,31.333333333333332,0.9981060606060608,82792.0,81744.0,1048.0,679205062.0,670607340.0,8597722.0,488.7207611891665,1000.0,1584.0,1792604.0,0.0
460,0.0,786.0,0.0,0.0,6448003.5,0.0,572.9957113424687,1000.0,1584.0,31.333333333333332,0.0,82792.0,81744.0,1048.0,679205062.0,670607340.0,8597722.0,488.7207611891665,1000.0,1584.0,1792604.0,0.0
461,1048.0,0.0,0.0,8597722.0,0.0,0.0,0.0,1000.0,1584.0,0.0,0.0,84888.0,81744.0,1048.0,696400506.0,670607340.0,8597722.0,488.7207611891665,1000.0,1584.0,1792604.0,0.0
462,1310.0,0.0,0.0,10747152.5,0.0,0.0,0.0,1000.0,1584.0,0.0,0.9974747474747474,85412.0,81744.0,1048.0,700699367.0,670607340.0,8597722.0,488.7207611891665,1000.0,1584.0,1792604.0,1.9949494949494948
463,262.0,262.0,0.0,2149430.5,2149430.5,0.0,321.6401555521622,1000.0,1584.0,7.0,1.9949494949494948,85412.0,82268.0,1048.0,700699367.0,674906201.0,8597722.0,487.6699397700658,1000.0,1584.0,1796272.0,1.994949494949495
464,0.0,1048.0,0.0,0.0,8597722.0,0.0,355.7391367123441,1000.0,1584.0,12.5,0.9974747474747475,85412.0,83840.0,1048.0,700699367.0,687802784.0,8597722.0,485.4372642885038,1000.0,1584.0,1818804.0,0.0
465,0.0,1048.0,0.0,0.0,8597722.0,0.0,418.00008907313844,1000.0,1584.0,19.25,0.9993686868686869,85412.0,84364.0,1048.0,700699367.0,692101645.0,8597722.0,485.96025018241096,1000.0,1584.0,1836620.0,1.9987373737373737
466,262.0,262.0,0.0,2149334.5,2149430.5,0.0,570.6839649953397,1000.0,1584.0,34.0,0.9993686868686869,85936.0,84364.0,1048.0,704998036.0,692101645.0,8597722.0,485.96025018241096,1000.0,1584.0,1836620.0,0.0
467,262.0,262.0,0.0,2149334.5,2149334.5,0.0,319.5442134022444,1000.0,1584.0,7.0,0.0,85936.0,84888.0,1048.0,704998036.0,696400314.0,8597722.0,484.9455182508244,1000.0,1584.0,1840288.0,0.0
468,0.0,262.0,0.0,0.0,2149334.5,0.0,319.5442134022444,1000.0,1584.0,7.0,0.0,85936.0,84888.0,1048.0,704998036.0,696400314.0,8597722.0,484.9455182508244,1000.0,1584.0,1840288.0,0.0
469,0.0,0.0,0.0,0.0,0.0,0.0,0.0,1000.0,1584.0,0.0,0.0,85936.0,84888.0,1048.0,704998036.0,696400314.0,8597722.0,484.9455182508244,1000.0,1584.0,1840288.0,0.0
470,0.0,0.0,0.0,0.0,0.0,0.0,0.0,1000.0,1584.0,0.0,0.0,85936.0,84888.0,1048.0,704998036.0,696400314.0,8597722.0,484.9455182508244,1000.0,1584.0,1840288.0,0.0
471,0.0,0.0,0.0,0.0,0.0,0.0,0.0,1000.0,1584.0,0.0,0.0,85936.0,84888.0,1048.0,704998036.0,696400314.0,8597722.0,484.9455182508244,1000.0,1584.0,1840288.0,0.0
472,262.0,0.0,0.0,2149334.5,0.0,0.0,0.0,1000.0,1584.0,0.0,0.0,86460.0,84888.0,1048.0,709296705.0,696400314.0,8597722.0,484.9455182508244,1000.0,1584.0,1840288.0,0.0
473,786.0,0.0,0.0,6448003.5,0.0,0.0,0.0,1000.0,1584.0,0.0,0.998106060606061,87508.0,84888.0,1048.0,717894043.0,696400314.0,8597722.0,484.9455182508244,1000.0,1584.0,1840288.0,1.996212121212122
474,524.0,262.0,0.0,4298669.0,2149334.5,0.0,192.58323509421965,1000.0,1584.0,14.0,1.9968434343434347,87508.0,85412.0,1048.0,717894043.0,700698983.0,8597722.0,483.1736256256329,1000.0,1584.0,1847624.0,1.9974747474747472
475,0.0,262.0,0.0,0.0,2149334.5,0.0,192.58323509421965,1000.0,1584.0,14.0,1.9981060606060606,87508.0,85412.0,1048.0,717894043.0,700698983.0,8597722.0,483.1736256256329,1000.0,1584.0,1847624.0,1.9987373737373737
476,0.0,524.0,0.0,0.0,4298669.0,0.0,456.294531526973,1000.0,1584.0,14.5,0.9993686868686869,87508.0,86460.0,1048.0,717894043.0,709296321.0,8597722.0,482.8517203070861,1000.0,1584.0,1862820.0,0.0
477,262.0,524.0,0.0,2149334.5,4298669.0,0.0,456.294531526973,1000.0,1584.0,14.5,0.9987373737373736,88032.0,86460.0,1048.0,722192712.0,709296321.0,8597722.0,482.8517203070861,1000.0,1584.0,1862820.0,1.9974747474747472
478,262.0,262.0,0.0,2149334.5,2149334.5,0.0,580.4719886719929,1000.0,1584.0,34.0,0.9987373737373736,88032.0,86984.0,1048.0,722192712.0,713594990.0,8597722.0,483.43279333306737,1000.0,1584.0,1880636.0,0.0
479,0.0,262.0,0.0,0.0,2149334.5,0.0,580.4719886719929,1000.0,1584.0,34.0,0.0,88032.0,86984.0,1048.0,722192712.0,713594990.0,8597722.0,483.43279333306737,1000.0,1584.0,1880636.0,0.0
480,0.0,0.0,0.0,0.0,0.0,0.0,0.0,1000.0,1584.0,0.0,0.0,88032.0,86984.0,1048.0,722192712.0,713594990.0,8597722.0,483.43279333306737,1000.0,1584.0,1880636.0,0.0
481,1310.0,0.0,0.0,10747152.5,0.0,0.0,0.0,1000.0,1584.0,0.0,0.9987373737373739,90652.0,86984.0,1048.0,743687017.0,713594990.0,8597722.0,483.43279333306737,1000.0,1584.0,1880636.0,1.9974747474747478
482,1310.0,0.0,0.0,10747152.5,0.0,0.0,0.0,1000.0,1584.0,0.0,1.9974747474747478,90652.0,86984.0,1048.0,743687017.0,713594990.0,8597722.0,483.43279333306737,1000.0,1584.0,1880636.0,1.997474747474748
483,0.0,0.0,0.0,0.0,0.0,0.0,0.0,1000.0,1584.0,0.0,1.9974747474747478,90652.0,86984.0,1048.0,743687017.0,713594990.0,8597722.0,483.43279333306737,1000.0,1584.0,1880636.0,1.9974747474747478
484,0.0,262.0,0.0,0.0,2149430.5,0.0,240.13021548210054,1000.0,1584.0,12.0,1.9974747474747478,90652.0,87508.0,1048.0,743687017.0,717893851.0,8597722.0,481.99313310909713,1000.0,1584.0,1886924.0,1.9974747474747476
485,0.0,262.0,0.0,0.0,2149430.5,0.0,240.13021548210054,1000.0,1584.0,12.0,1.9974747474747476,90652.0,87508.0,1048.0,743687017.0,717893851.0,8597722.0,481.99313310909713,1000.0,1584.0,1886924.0,1.9974747474747476
486,0.0,262.0,0.0,0.0,2149430.5,0.0,543.2901047830115,1000.0,1584.0,30.0,1.9968434343434345,90652.0,88032.0,1048.0,743687017.0,722192712.0,8597722.0,482.3537035307087,1000.0,1584.0,1902644.0,1.9962121212121213
487,0.0,1048.0,0.0,0.0,8597722.0,0.0,561.6454741412475,1000.0,1584.0,30.5,0.9981060606060607,90652.0,89604.0,1048.0,743687017.0,735089295.0,8597722.0,483.8348057341186,1000.0,1584.0,1950852.0,0.0
488,0.0,786.0,0.0,0.0,6448291.5,0.0,567.7639305939928,1000.0,1584.0,30.666666666666668,0.0,90652.0,89604.0,1048.0,743687017.0,735089295.0,8597722.0,483.8348057341186,1000.0,1584.0,1950852.0,0.0
489,0.0,0.0,0.0,0.0,0.0,0.0,0.0,1000.0,1584.0,0.0,0.0,90652.0,89604.0,1048.0,743687017.0,735089295.0,8597722.0,483.8348057341186,1000.0,1584.0,1950852.0,0.0
490,0.0,0.0,0.0,0.0,0.0,0.0,0.0,1000.0,1584.0,0.0,0.0,90652.0,89604.0,1048.0,743687017.0,735089295.0,8597722.0,483.8348057341186,1000.0,1584.0,1950852.0,0.0
491,0.0,0.0,0.0,0.0,0.0,0.0,0.0,1000.0,1584.0,0.0,0.0,90652.0,89604.0,1048.0,743687017.0,735089295.0,8597722.0,483.8348057341186,1000.0,1584.0,1950852.0,0.0
492,0.0,0.0,0.0,0.0,0.0,0.0,0.0,1000.0,1584.0,0.0,0.0,90652.0,89604.0,1048.0,743687017.0,735089295.0,8597722.0,483.8348057341186,1000.0,1584.0,1950852.0,0.0
493,0.0,0.0,0.0,0.0,0.0,0.0,0.0,1000.0,1584.0,0.0,0.0,90652.0,89604.0,1048.0,743687017.0,735089295.0,8597722.0,483.8348057341186,1000.0,1584.0,1950852.0,0.0
494,0.0,0.0,0.0,0.0,0.0,0.0,0.0,1000.0,1584.0,0.0,0.0,90652.0,89604.0,1048.0,743687017.0,735089295.0,8597722.0,483.8348057341186,1000.0,1584.0,1950852.0,0.0
495,262.0,0.0,0.0,2149334.5,0.0,0.0,0.0,1000.0,1584.0,0.0,0.0,91176.0,89604.0,1048.0,747985686.0,735089295.0,8597722.0,483.8348057341186,1000.0,1584.0,1950852.0,0.0
496,786.0,0.0,0.0,6448003.5,0.0,0.0,0.0,1000.0,1584.0,0.0,0.9987373737373739,92224.0,89604.0,1048.0,756583024.0,735089295.0,8597722.0,483.8348057341186,1000.0,1584.0,1950852.0,1.9974747474747478
497,786.0,0.0,0.0,6448003.5,0.0,0.0,0.0,1000.0,1584.0,0.0,1.9974747474747478,92748.0,89604.0,1048.0,760881693.0,735089295.0,8597722.0,483.8348057341186,1000.0,1584.0,1950852.0,1.9974747474747478
498,262.0,0.0,0.0,2149334.5,0.0,0.0,0.0,1000.0,1584.0,0.0,1.9968434343434347,92748.0,89604.0,1048.0,760881693.0,735089295.0,8597722.0,483.8348057341186,1000.0,1584.0,1950852.0,1.9962121212121215
499,262.0,0.0,0.0,2149334.5,0.0,0.0,0.0,1000.0,1584.0,0.0,1.9955808080808077,93272.0,89604.0,1048.0,765180362.0,735089295.0,8597722.0,483.8348057341186,1000.0,1584.0,1950852.0,1.994949494949494
500,262.0,0.0,0.0,2149334.5,0.0,0.0,0.0,1000.0,1584.0,0.0,1.9955808080808075,93272.0,89604.0,1048.0,765180362.0,735089295.0,8597722.0,483.8348057341186,1000.0,1584.0,1950852.0,1.9962121212121213
501,0.0,524.0,0.0,0.0,4298669.0,0.0,457.5725237681567,1000.0,1584.0,18.0,1.9968434343434347,93272.0,90652.0,1048.0,765180362.0,743686633.0,8597722.0,483.5346653687933,1000.0,1584.0,1969716.0,1.9974747474747478
502,0.0,524.0,0.0,0.0,4298669.0,0.0,457.5725237681567,1000.0,1584.0,18.0,1.9974747474747478,93272.0,90652.0,1048.0,765180362.0,743686633.0,8597722.0,483.5346653687933,1000.0,1584.0,1969716.0,1.9974747474747478
503,0.0,524.0,0.0,0.0,4298669.0,0.0,521.4861598931449,1000.0,1584.0,31.5,1.9981060606060608,93272.0,91700.0,1048.0,765180362.0,752283971.0,8597722.0,483.96349581539585,1000.0,1584.0,2002728.0,1.9987373737373737
504,0.0,786.0,0.0,0.0,6448003.5,0.0,514.9898467400398,1000.0,1584.0,32.0,0.9993686868686869,93272.0,92224.0,1048.0,765180362.0,756582640.0,8597722.0,484.06480887504995,1000.0,1584.0,2020020.0,0.0
505,0.0,262.0,0.0,0.0,2149334.5,0.0,501.99722043382945,1000.0,1584.0,33.0,0.0,93272.0,92224.0,1048.0,765180362.0,756582640.0,8597722.0,484.06480887504995,1000.0,1584.0,2020020.0,0.0
506,1310.0,0.0,0.0,10747152.5,0.0,0.0,0.0,1000.0,1584.0,0.0,0.9987373737373736,95892.0,92224.0,1048.0,786674667.0,756582640.0,8597722.0,484.06480887504995,1000.0,1584.0,2020020.0,1.9974747474747472
507,1310.0,0.0,0.0,10747152.5,0.0,0.0,0.0,1000.0,1584.0,0.0,1.9974747474747474,95892.0,92224.0,1048.0,786674667.0,756582640.0,8597722.0,484.06480887504995,1000.0,1584.0,2020020.0,1.9974747474747478
508,0.0,0.0,0.0,0.0,0.0,0.0,0.0,1000.0,1584.0,0.0,1.9968434343434347,95892.0,92224.0,1048.0,786674667.0,756582640.0,8597722.0,484.06480887504995,1000.0,1584.0,2020020.0,1.9962121212121215
509,0.0,0.0,0.0,0.0,0.0,0.0,0.0,1000.0,1584.0,0.0,1.9962121212121215,95892.0,92224.0,1048.0,786674667.0,756582640.0,8597722.0,484.06480887504995,1000.0,1584.0,2020020.0,1.9962121212121215
510,0.0,422.0,0.0,0.0,3463990.5,0.0,635.0259555152068,1000.0,1584.0,37.345971563981045,1.9968434343434347,95892.0,93068.0,1048.0,786674667.0,763510621.0,8597722.0,485.4185766484817,1000.0,1584.0,2051540.0,1.9974747474747476
511,0.0,1048.0,0.0,0.0,8597722.0,0.0,572.3087446988613,1000.0,1584.0,34.5,0.9987373737373738,95892.0,94320.0,1048.0,786674667.0,773778084.0,8597722.0,486.00423603601257,1000.0,1584.0,2092332.0,0.0
512,0.0,887.5,0.0,0.0,7279054.0,0.0,521.5462964924423,1000.0,1584.0,33.0,0.0,95892.0,94844.0,1048.0,786674667.0,778076945.0,8597722.0,486.0869847263268,1000.0,1584.0,2110148.0,0.0
513,0.0,262.0,0.0,0.0,2149430.5,0.0,501.1472463635269,1000.0,1584.0,34.0,0.0,95892.0,94844.0,1048.0,786674667.0,778076945.0,8597722.0,486.0869847263268,1000.0,1584.0,2110148.0,0.0
514,0.0,0.0,0.0,0.0,0.0,0.0,0.0,1000.0,1584.0,0.0,0.0,95892.0,94844.0,1048.0,786674667.0,778076945.0,8597722.0,486.0869847263268,1000.0,1584.0,2110148.0,0.0
515,0.0,0.0,0.0,0.0,0.0,0.0,0.0,1000.0,1584.0,0.0,0.0,95892.0,94844.0,1048.0,786674667.0,778076945.0,8597722.0,486.0869847263268,1000.0,1584.0,2110148.0,0.0
516,0.0,0.0,0.0,0.0,0.0,0.0,0.0,1000.0,1584.0,0.0,0.0,95892.0,94844.0,1048.0,786674667.0,778076945.0,8597722.0,486.0869847263268,1000.0,1584.0,2110148.0,0.0
517,262.0,0.0,0.0,2149334.5,0.0,0.0,0.0,1000.0,1584.0,0.0,0.0,96416.0,94844.0,1048.0,790973336.0,778076945.0,8597722.0,486.0869847263268,1000.0,1584.0,2110148.0,0.0
518,262.0,0.0,0.0,2149334.5,0.0,0.0,0.0,1000.0,1584.0,0.0,0.9993686868686869,96416.0,94844.0,1048.0,790973336.0,778076945.0,8597722.0,486.0869847263268,1000.0,1584.0,2110148.0,1.9987373737373737
519,0.0,0.0,0.0,0.0,0.0,0.0,0.0,1000.0,1584.0,0.0,1.9987373737373737,96416.0,94844.0,1048.0,790973336.0,778076945.0,8597722.0,486.0869847263268,1000.0,1584.0,2110148.0,1.9987373737373737
520,0.0,0.0,0.0,0.0,0.0,0.0,0.0,1000.0,1584.0,0.0,1.9987373737373737,96416.0,94844.0,1048.0,790973336.0,778076945.0,8597722.0,486.0869847263268,1000.0,1584.0,2110148.0,1.9987373737373737
521,262.0,0.0,0.0,2149334.5,0.0,0.0,0.0,1000.0,1584.0,0.0,1.9987373737373737,96940.0,94844.0,1048.0,795272005.0,778076945.0,8597722.0,486.0869847263268,1000.0,1584.0,2110148.0,1.9987373737373737
522,524.0,0.0,0.0,4298669.0,0.0,0.0,0.0,1000.0,1584.0,0.0,1.9987373737373737,97464.0,94844.0,1048.0,799570674.0,778076945.0,8597722.0,486.0869847263268,1000.0,1584.0,2110148.0,1.9987373737373737
523,786.0,125.0,0.0,6448003.5,1027000.0,0.0,367.54391190496096,1000.0,1584.0,12.0,1.9968434343434338,98512.0,95094.0,1048.0,808168012.0,780130945.0,8597722.0,485.7787347605954,1000.0,1584.0,2113148.0,1.994949494949494
524,524.0,524.0,0.0,4298669.0,4298669.0,0.0,460.04682261539983,1000.0,1584.0,21.5,1.9955808080808075,98512.0,95892.0,1048.0,808168012.0,786674283.0,8597722.0,485.8054694602622,1000.0,1584.0,2132680.0,1.9962121212121213
525,0.0,398.5,0.0,0.0,3267561.0,0.0,489.1771741184364,1000.0,1584.0,24.49184441656211,1.995580808080808,98512.0,95892.0,1048.0,808168012.0,786674283.0,8597722.0,485.8054694602622,1000.0,1584.0,2132680.0,1.9949494949494948
526,0.0,63.5,0.0,0.0,521716.0,0.0,506.50605127925985,1000.0,1584.0,34.0,1.9949494949494944,98512.0,96019.0,1048.0,808168012.0,787717715.0,8597722.0,485.83255357629554,1000.0,1584.0,2136998.0,1.994949494949494
527,0.0,262.0,0.0,0.0,2149334.5,0.0,511.61529055693165,1000.0,1584.0,34.0,1.9962121212121207,98512.0,96416.0,1048.0,808168012.0,790972952.0,8597722.0,485.9442319392767,1000.0,1584.0,2150496.0,1.9974747474747472
528,0.0,722.0,0.0,0.0,5922179.5,0.0,478.82927583588054,1000.0,1584.0,33.27423822714682,0.9987373737373736,98512.0,97464.0,1048.0,808168012.0,799570290.0,8597722.0,485.73012728127117,1000.0,1584.0,2185080.0,0.0
529,0.0,524.0,0.0,0.0,4298669.0,0.0,465.81839408676007,1000.0,1584.0,33.0,0.0,98512.0,97464.0,1048.0,808168012.0,799570290.0,8597722.0,485.73012728127117,1000.0,1584.0,2185080.0,0.0
530,1310.0,0.0,0.0,10747152.5,0.0,0.0,0.0,1000.0,1584.0,0.0,0.0,101132.0,97464.0,1048.0,829662317.0,799570290.0,8597722.0,485.73012728127117,1000.0,1584.0,2185080.0,0.0
531,1310.0,0.0,0.0,10747152.5,0.0,0.0,0.0,1000.0,1584.0,0.0,0.9987373737373736,101132.0,97464.0,1048.0,829662317.0,799570290.0,8597722.0,485.73012728127117,1000.0,1584.0,2185080.0,1.9974747474747472
532,0.0,0.0,0.0,0.0,0.0,0.0,0.0,1000.0,1584.0,0.0,1.9968434343434343,101132.0,97464.0,1048.0,829662317.0,799570290.0,8597722.0,485.73012728127117,1000.0,1584.0,2185080.0,1.9962121212121215
533,0.0,0.0,0.0,0.0,0.0,0.0,0.0,1000.0,1584.0,0.0,1.9955808080808084,101132.0,97464.0,1048.0,829662317.0,799570290.0,8597722.0,485.73012728127117,1000.0,1584.0,2185080.0,1.9949494949494953
534,0.0,218.5,0.0,0.0,1795196.0,0.0,301.8935360736119,1000.0,1584.0,12.0,1.9962121212121215,101132.0,97901.0,1048.0,829662317.0,803160682.0,8597722.0,484.9182283196066,1000.0,1584.0,2190324.0,1.9974747474747476
535,0.0,989.5,0.0,0.0,8120247.5,0.0,485.50203369606766,1000.0,1584.0,26.969176351692774,1.9974747474747474,101132.0,99443.0,1048.0,829662317.0,815810785.0,8597722.0,485.7256353645313,1000.0,1584.0,2238452.0,1.997474747474747
536,0.0,1091.0,0.0,0.0,8947848.5,0.0,552.8239750263459,1000.0,1584.0,32.65261228230981,0.9987373737373735,101132.0,100084.0,1048.0,829662317.0,821064595.0,8597722.0,486.3815599428026,1000.0,1584.0,2261584.0,0.0
537,0.0,320.0,0.0,0.0,2622797.0,0.0,589.2302552916145,1000.0,1584.0,36.09375,0.0,101132.0,100084.0,1048.0,829662317.0,821064595.0,8597722.0,486.3815599428026,1000.0,1584.0,2261584.0,0.0
538,0.0,0.0,0.0,0.0,0.0,0.0,0.0,1000.0,1584.0,0.0,0.0,101132.0,100084.0,1048.0,829662317.0,821064595.0,8597722.0,486.3815599428026,1000.0,1584.0,2261584.0,0.0
539,0.0,0.0,0.0,0.0,0.0,0.0,0.0,1000.0,1584.0,0.0,0.0,101132.0,100084.0,1048.0,829662317.0,821064595.0,8597722.0,486.3815599428026,1000.0,1584.0,2261584.0,0.0
540,262.0,0.0,0.0,2149334.5,0.0,0.0,0.0,1000.0,1584.0,0.0,0.0,101656.0,100084.0,1048.0,833960986.0,821064595.0,8597722.0,486.3815599428026,1000.0,1584.0,2261584.0,0.0
541,524.0,0.0,0.0,4298669.0,0.0,0.0,0.0,1000.0,1584.0,0.0,0.9987373737373739,102180.0,100084.0,1048.0,838259655.0,821064595.0,8597722.0,486.3815599428026,1000.0,1584.0,2261584.0,1.9974747474747478
542,786.0,0.0,0.0,6448003.5,0.0,0.0,0.0,1000.0,1584.0,0.0,1.9968434343434343,103228.0,100084.0,1048.0,846856993.0,821064595.0,8597722.0,486.3815599428026,1000.0,1584.0,2261584.0,1.9962121212121209
543,524.0,0.0,0.0,4298669.0,0.0,0.0,0.0,1000.0,1584.0,0.0,1.9962121212121209,103228.0,100084.0,1048.0,846856993.0,821064595.0,8597722.0,486.3815599428026,1000.0,1584.0,2261584.0,1.9962121212121209
544,0.0,0.0,0.0,0.0,0.0,0.0,0.0,1000.0,1584.0,0.0,1.9955808080808077,103228.0,100084.0,1048.0,846856993.0,821064595.0,8597722.0,486.3815599428026,1000.0,1584.0,2261584.0,1.9949494949494946
545,262.0,0.0,0.0,2149334.5,0.0,0.0,0.0,1000.0,1584.0,0.0,1.9962121212121209,103752.0,100084.0,1048.0,851155662.0,821064595.0,8597722.0,486.3815599428026,1000.0,1584.0,2261584.0,1.9974747474747472
546,262.0,0.0,0.0,2149334.5,0.0,0.0,0.0,1000.0,1584.0,0.0,1.9962121212121209,103752.0,100084.0,1048.0,851155662.0,821064595.0,8597722.0,486.3815599428026,1000.0,1584.0,2261584.0,1.9949494949494946
547,0.0,0.0,0.0,0.0,0.0,0.0,0.0,1000.0,1584.0,0.0,1.9949494949494946,103752.0,100084.0,1048.0,851155662.0,821064595.0,8597722.0,486.3815599428026,1000.0,1584.0,2261584.0,1.9949494949494946
548,0.0,786.0,0.0,0.0,6448003.5,0.0,496.7468461095705,1000.0,1584.0,27.666666666666668,1.996212121212121,103752.0,101656.0,1048.0,851155662.0,833960602.0,8597722.0,486.54021228209,1000.0,1584.0,2305076.0,1.9974747474747478
549,0.0,1310.0,0.0,0.0,10746672.5,0.0,516.9099458689212,1000.0,1584.0,30.0,0.9987373737373739,103752.0,102704.0,1048.0,851155662.0,842557940.0,8597722.0,487.15247877932114,1000.0,1584.0,2340184.0,0.0
550,0.0,524.0,0.0,0.0,4298669.0,0.0,547.1545955079472,1000.0,1584.0,33.5,0.0,103752.0,102704.0,1048.0,851155662.0,842557940.0,8597722.0,487.15247877932114,1000.0,1584.0,2340184.0,0.0
551,0.0,0.0,0.0,0.0,0.0,0.0,0.0,1000.0,1584.0,0.0,0.0,103752.0,102704.0,1048.0,851155662.0,842557940.0,8597722.0,487.15247877932114,1000.0,1584.0,2340184.0,0.0
552,1310.0,0.0,0.0,10747152.5,0.0,0.0,0.0,1000.0,1584.0,0.0,0.0,106372.0,102704.0,1048.0,872649967.0,842557940.0,8597722.0,487.15247877932114,1000.0,1584.0,2340184.0,0.0
553,1310.0,0.0,0.0,10747152.5,0.0,0.0,0.0,1000.0,1584.0,0.0,0.0,106372.0,102704.0,1048.0,872649967.0,842557940.0,8597722.0,487.15247877932114,1000.0,1584.0,2340184.0,0.0
554,0.0,0.0,0.0,0.0,0.0,0.0,0.0,1000.0,1584.0,0.0,0.9993686868686869,106372.0,102704.0,1048.0,872649967.0,842557940.0,8597722.0,487.15247877932114,1000.0,1584.0,2340184.0,1.9987373737373737
555,0.0,0.0,0.0,0.0,0.0,0.0,0.0,1000.0,1584.0,0.0,1.9987373737373737,106372.0,102704.0,1048.0,872649967.0,842557940.0,8597722.0,487.15247877932114,1000.0,1584.0,2340184.0,1.9987373737373737
556,0.0,262.0,0.0,0.0,2149430.5,0.0,859.22950866528,1000.0,1584.0,42.0,1.996212121212121,106372.0,103228.0,1048.0,872649967.0,846856801.0,8597722.0,489.0222125978435,1000.0,1584.0,2362192.0,1.9936868686868687
557,0.0,1310.0,0.0,0.0,10747152.5,0.0,652.9762895899555,1000.0,1584.0,34.8,0.9968434343434344,106372.0,105324.0,1048.0,872649967.0,864052245.0,8597722.0,491.2368090948542,1000.0,1584.0,2431360.0,0.0
558,0.0,1048.0,0.0,0.0,8597722.0,0.0,601.4129848211243,1000.0,1584.0,33.0,0.0,106372.0,105324.0,1048.0,872649967.0,864052245.0,8597722.0,491.2368090948542,1000.0,1584.0,2431360.0,0.0
559,262.0,0.0,0.0,2149334.5,0.0,0.0,0.0,1000.0,1584.0,0.0,0.9993686868686869,106896.0,105324.0,1048.0,876948636.0,864052245.0,8597722.0,491.2368090948542,1000.0,1584.0,2431360.0,1.9987373737373737
560,262.0,0.0,0.0,2149334.5,0.0,0.0,0.0,1000.0,1584.0,0.0,1.9987373737373737,106896.0,105324.0,1048.0,876948636.0,864052245.0,8597722.0,491.2368090948542,1000.0,1584.0,2431360.0,1.9987373737373737
561,0.0,262.0,0.0,0.0,2149334.5,0.0,492.822347041233,1000.0,1584.0,39.0,0.9993686868686869,106896.0,105848.0,1048.0,876948636.0,868350914.0,8597722.0,491.2445813396895,1000.0,1584.0,2451796.0,0.0
562,0.0,262.0,0.0,0.0,2149334.5,0.0,492.822347041233,1000.0,1584.0,39.0,0.0,106896.0,105848.0,1048.0,876948636.0,868350914.0,8597722.0,491.2445813396895,1000.0,1584.0,2451796.0,0.0
563,0.0,0.0,0.0,0.0,0.0,0.0,0.0,1000.0,1584.0,0.0,0.0,106896.0,105848.0,1048.0,876948636.0,868350914.0,8597722.0,491.2445813396895,1000.0,1584.0,2451796.0,0.0
564,524.0,0.0,0.0,4298669.0,0.0,0.0,0.0,1000.0,1584.0,0.0,0.9987373737373739,107944.0,105848.0,1048.0,885545974.0,868350914.0,8597722.0,491.2445813396895,1000.0,1584.0,2451796.0,1.9974747474747478
565,524.0,0.0,0.0,4298669.0,0.0,0.0,0.0,1000.0,1584.0,0.0,1.9974747474747478,107944.0,105848.0,1048.0,885545974.0,868350914.0,8597722.0,491.2445813396895,1000.0,1584.0,2451796.0,1.9974747474747478
566,0.0,0.0,0.0,0.0,0.0,0.0,0.0,1000.0,1584.0,0.0,1.9974747474747478,107944.0,105848.0,1048.0,885545974.0,868350914.0,8597722.0,491.2445813396895,1000.0,1584.0,2451796.0,1.9974747474747478
567,0.0,0.0,0.0,0.0,0.0,0.0,0.0,1000.0,1584.0,0.0,1.9974747474747478,107944.0,105848.0,1048.0,885545974.0,868350914.0,8597722.0,491.2445813396895,1000.0,1584.0,2451796.0,1.9974747474747478
568,0.0,0.0,0.0,0.0,0.0,0.0,0.0,1000.0,1584.0,0.0,1.9974747474747478,107944.0,105848.0,1048.0,885545974.0,868350914.0,8597722.0,491.2445813396895,1000.0,1584.0,2451796.0,1.9974747474747478
569,524.0,0.0,0.0,4298669.0,0.0,0.0,0.0,1000.0,1584.0,0.0,1.9968434343434347,108992.0,105848.0,1048.0,894143312.0,868350914.0,8597722.0,491.2445813396895,1000.0,1584.0,2451796.0,1.9962121212121215
570,524.0,262.0,0.0,4298669.0,2149334.5,0.0,332.52068766093976,1000.0,1584.0,15.0,1.9962121212121215,108992.0,106372.0,1048.0,894143312.0,872649583.0,8597722.0,490.47031844369593,1000.0,1584.0,2459656.0,1.9962121212121213
571,0.0,524.0,0.0,0.0,4298669.0,0.0,593.0156036694965,1000.0,1584.0,28.5,1.9968434343434347,108992.0,106896.0,1048.0,894143312.0,876948252.0,8597722.0,492.23264951764924,1000.0,1584.0,2481664.0,1.9974747474747478
572,0.0,524.0,0.0,0.0,4298669.0,0.0,924.2201058400789,1000.0,1584.0,43.0,1.9981060606060608,108992.0,107420.0,1048.0,894143312.0,881246921.0,8597722.0,494.66113764559327,1000.0,1584.0,2504720.0,1.9987373737373737
573,0.0,524.0,0.0,0.0,4298669.0,0.0,752.3575572089136,1000.0,1584.0,39.0,0.9993686868686869,108992.0,107944.0,1048.0,894143312.0,885545590.0,8597722.0,494.7338505531421,1000.0,1584.0,2522536.0,0.0
574,0.0,262.0,0.0,0.0,2149334.5,0.0,509.7854224157226,1000.0,1584.0,34.0,0.0,108992.0,107944.0,1048.0,894143312.0,885545590.0,8597722.0,494.7338505531421,1000.0,1584.0,2522536.0,0.0
575,1310.0,0.0,0.0,10747152.5,0.0,0.0,0.0,1000.0,1584.0,0.0,0.0,111612.0,107944.0,1048.0,915637617.0,885545590.0,8597722.0,494.7338505531421,1000.0,1584.0,2522536.0,0.0
576,1310.0,0.0,0.0,10747152.5,0.0,0.0,0.0,1000.0,1584.0,0.0,0.0,111612.0,107944.0,1048.0,915637617.0,885545590.0,8597722.0,494.7338505531421,1000.0,1584.0,2522536.0,0.0
577,0.0,262.0,0.0,0.0,2149430.5,0.0,287.7426242132649,1000.0,1584.0,10.0,0.9981060606060607,111612.0,108468.0,1048.0,915637617.0,889844451.0,8597722.0,493.7434619103675,1000.0,1584.0,2527776.0,1.9962121212121213
578,0.0,524.0,0.0,0.0,4298861.0,0.0,309.39192871610163,1000.0,1584.0,9.0,1.996843434343434,111612.0,108992.0,1048.0,915637617.0,894143312.0,8597722.0,492.96868939278926,1000.0,1584.0,2531968.0,1.9974747474747467
579,0.0,1048.0,0.0,0.0,8597722.0,0.0,487.7008303905485,1000.0,1584.0,23.0,0.9987373737373734,111612.0,110564.0,1048.0,915637617.0,907039895.0,8597722.0,493.6299852621081,1000.0,1584.0,2575984.0,0.0
580,0.0,786.0,0.0,0.0,6448291.5,0.0,539.9206961144185,1000.0,1584.0,28.0,0.0,111612.0,110564.0,1048.0,915637617.0,907039895.0,8597722.0,493.6299852621081,1000.0,1584.0,2575984.0,0.0
581,0.0,0.0,0.0,0.0,0.0,0.0,0.0,1000.0,1584.0,0.0,0.0,111612.0,110564.0,1048.0,915637617.0,907039895.0,8597722.0,493.6299852621081,1000.0,1584.0,2575984.0,0.0
582,0.0,0.0,0.0,0.0,0.0,0.0,0.0,1000.0,1584.0,0.0,0.0,111612.0,110564.0,1048.0,915637617.0,907039895.0,8597722.0,493.6299852621081,1000.0,1584.0,2575984.0,0.0
583,262.0,0.0,0.0,2149334.5,0.0,0.0,0.0,1000.0,1584.0,0.0,0.9993686868686869,112136.0,110564.0,1048.0,919936286.0,907039895.0,8597722.0,493.6299852621081,1000.0,1584.0,2575984.0,1.9987373737373737
584,1048.0,125.0,0.0,8597338.0,1027000.0,0.0,319.31907282130254,1000.0,1584.0,7.0,1.9974747474747476,113708.0,110814.0,1048.0,932832293.0,909093895.0,8597722.0,493.2404184019572,1000.0,1584.0,2577734.0,1.9962121212121215
585,786.0,262.0,0.0,6448003.5,2149334.5,0.0,319.79979143656965,1000.0,1584.0,7.0,1.9962121212121215,113708.0,111088.0,1048.0,932832293.0,911338564.0,8597722.0,492.817694636755,1000.0,1584.0,2579652.0,1.9962121212121215
586,0.0,398.5,0.0,0.0,3267561.0,0.0,296.89615179316274,1000.0,1584.0,8.972396486825597,1.9962121212121218,113708.0,111612.0,1048.0,932832293.0,915637233.0,8597722.0,491.84986739053863,1000.0,1584.0,2584892.0,1.996212121212122
587,262.0,262.0,0.0,2149334.5,2149334.5,0.0,284.7348367002579,1000.0,1584.0,10.0,1.9962121212121215,114232.0,111612.0,1048.0,937130962.0,915637233.0,8597722.0,491.84986739053863,1000.0,1584.0,2584892.0,1.9962121212121213
588,262.0,262.0,0.0,2149334.5,2149334.5,0.0,511.4488752783509,1000.0,1584.0,20.0,1.9968434343434343,114232.0,112136.0,1048.0,937130962.0,919935902.0,8597722.0,491.9406035381667,1000.0,1584.0,2595372.0,1.9974747474747472
589,0.0,524.0,0.0,0.0,4298669.0,0.0,535.5137075290653,1000.0,1584.0,26.0,1.9981060606060606,114232.0,112660.0,1048.0,937130962.0,924234571.0,8597722.0,492.2522990968838,1000.0,1584.0,2612140.0,1.9987373737373737
590,0.0,524.0,0.0,0.0,4298669.0,0.0,568.7267023801186,1000.0,1584.0,33.0,0.9993686868686869,114232.0,113184.0,1048.0,937130962.0,928533240.0,8597722.0,492.64506316056986,1000.0,1584.0,2629956.0,0.0
591,0.0,262.0,0.0,0.0,2149334.5,0.0,577.8748649804576,1000.0,1584.0,34.0,0.0,114232.0,113184.0,1048.0,937130962.0,928533240.0,8597722.0,492.64506316056986,1000.0,1584.0,2629956.0,0.0
592,1310.0,0.0,0.0,10747152.5,0.0,0.0,0.0,1000.0,1584.0,0.0,0.0,116852.0,113184.0,1048.0,958625267.0,928533240.0,8597722.0,492.64506316056986,1000.0,1584.0,2629956.0,0.0
593,1310.0,524.0,0.0,10747152.5,4298861.0,0.0,298.2771939512406,1000.0,1584.0,8.0,0.9974747474747475,116852.0,114232.0,1048.0,958625267.0,937130962.0,8597722.0,490.87808253139406,1000.0,1584.0,2638340.0,1.994949494949495
594,0.0,1048.0,0.0,0.0,8597722.0,0.0,399.4379992815236,1000.0,1584.0,13.75,1.9968434343434343,116852.0,115280.0,1048.0,958625267.0,945728684.0,8597722.0,490.96565660419026,1000.0,1584.0,2658776.0,1.9987373737373737
595,0.0,786.0,0.0,0.0,6448291.5,0.0,539.220690855885,1000.0,1584.0,19.0,0.9993686868686869,116852.0,115804.0,1048.0,958625267.0,950027545.0,8597722.0,491.5284315223061,1000.0,1584.0,2668208.0,0.0
596,0.0,262.0,0.0,0.0,2149430.5,0.0,616.4644633440417,1000.0,1584.0,18.0,0.0,116852.0,115804.0,1048.0,958625267.0,950027545.0,8597722.0,491.5284315223061,1000.0,1584.0,2668208.0,0.0
597,0.0,0.0,0.0,0.0,0.0,0.0,0.0,1000.0,1584.0,0.0,0.0,116852.0,115804.0,1048.0,958625267.0,950027545.0,8597722.0,491.5284315223061,1000.0,1584.0,2668208.0,0.0
598,0.0,0.0,0.0,0.0,0.0,0.0,0.0,1000.0,1584.0,0.0,0.0,116852.0,115804.0,1048.0,958625267.0,950027545.0,8597722.0,491.5284315223061,1000.0,1584.0,2668208.0,0.0
599,0.0,0.0,0.0,0.0,0.0,0.0,0.0,1000.0,1584.0,0.0,0.0,116852.0,115804.0,1048.0,958625267.0,950027545.0,8597722.0,491.5284315223061,1000.0,1584.0,2668208.0,0.0
600,0.0,0.0,0.0,0.0,0.0,0.0,0.0,1000.0,1584.0,0.0,0.0,116852.0,115804.0,1048.0,958625267.0,950027545.0,8597722.0,491.5284315223061,1000.0,1584.0,2668208.0,0.0
601,0.0,0.0,0.0,0.0,0.0,0.0,0.0,1000.0,1584.0,0.0,0.0,116852.0,115804.0,1048.0,958625267.0,950027545.0,8597722.0,491.5284315223061,1000.0,1584.0,2668208.0,0.0
602,0.0,0.0,0.0,0.0,0.0,0.0,0.0,1000.0,1584.0,0.0,0.0,116852.0,115804.0,1048.0,958625267.0,950027545.0,8597722.0,491.5284315223061,1000.0,1584.0,2668208.0,0.0
603,0.0,0.0,0.0,0.0,0.0,0.0,0.0,1000.0,1584.0,0.0,0.0,116852.0,115804.0,1048.0,958625267.0,950027545.0,8597722.0,491.5284315223061,1000.0,1584.0,2668208.0,0.0
604,0.0,0.0,0.0,0.0,0.0,0.0,0.0,1000.0,1584.0,0.0,0.0,116852.0,115804.0,1048.0,958625267.0,950027545.0,8597722.0,491.5284315223061,1000.0,1584.0,2668208.0,0.0
605,262.0,0.0,0.0,2149334.5,0.0,0.0,0.0,1000.0,1584.0,0.0,0.0,117376.0,115804.0,1048.0,962923936.0,950027545.0,8597722.0,491.5284315223061,1000.0,1584.0,2668208.0,0.0
606,524.0,0.0,0.0,4298669.0,0.0,0.0,0.0,1000.0,1584.0,0.0,0.0,117900.0,115804.0,1048.0,967222605.0,950027545.0,8597722.0,491.5284315223061,1000.0,1584.0,2668208.0,0.0
607,786.0,0.0,0.0,6448003.5,0.0,0.0,0.0,1000.0,1584.0,0.0,0.9981060606060607,118948.0,115804.0,1048.0,975819943.0,950027545.0,8597722.0,491.5284315223061,1000.0,1584.0,2668208.0,1.9962121212121213
608,786.0,524.0,0.0,6448003.5,4298669.0,0.0,379.52362538720956,1000.0,1584.0,6.5,1.9962121212121215,119472.0,116852.0,1048.0,980118612.0,958624883.0,8597722.0,490.53283324554974,1000.0,1584.0,2675020.0,1.996212121212122
609,262.0,786.0,0.0,2149334.5,6448003.5,0.0,347.9321267920462,1000.0,1584.0,7.666666666666667,1.9974747474747478,119472.0,117376.0,1048.0,980118612.0,962923552.0,8597722.0,489.62228588429383,1000.0,1584.0,2680260.0,1.9987373737373737
610,0.0,524.0,0.0,0.0,4298669.0,0.0,452.03683131146545,1000.0,1584.0,14.0,1.9987373737373737,119472.0,117900.0,1048.0,980118612.0,967222221.0,8597722.0,490.19366142234196,1000.0,1584.0,2689692.0,1.9987373737373737
611,0.0,524.0,0.0,0.0,4298669.0,0.0,583.8659937530336,1000.0,1584.0,24.5,0.9993686868686869,119472.0,118424.0,1048.0,980118612.0,971520890.0,8597722.0,490.4489850761252,1000.0,1584.0,2705936.0,0.0
612,0.0,262.0,0.0,0.0,2149334.5,0.0,548.4074544848559,1000.0,1584.0,31.0,0.0,119472.0,118424.0,1048.0,980118612.0,971520890.0,8597722.0,490.4489850761252,1000.0,1584.0,2705936.0,0.0
613,1310.0,0.0,0.0,10747152.5,0.0,0.0,0.0,1000.0,1584.0,0.0,0.0,122092.0,118424.0,1048.0,1001612917.0,971520890.0,8597722.0,490.4489850761252,1000.0,1584.0,2705936.0,0.0
614,1310.0,262.0,0.0,10747152.5,2149430.5,0.0,330.92425791789344,1000.0,1584.0,15.0,0.0,122092.0,118948.0,1048.0,1001612917.0,975819751.0,8597722.0,489.75237054705025,1000.0,1584.0,2713796.0,0.0
615,0.0,262.0,0.0,0.0,2149430.5,0.0,330.92425791789344,1000.0,1584.0,15.0,0.9987373737373738,122092.0,118948.0,1048.0,1001612917.0,975819751.0,8597722.0,489.75237054705025,1000.0,1584.0,2713796.0,1.9974747474747476
616,0.0,0.0,0.0,0.0,0.0,0.0,0.0,1000.0,1584.0,0.0,1.9968434343434345,122092.0,118948.0,1048.0,1001612917.0,975819751.0,8597722.0,489.75237054705025,1000.0,1584.0,2713796.0,1.9962121212121213
617,262.0,262.0,0.0,2149334.5,2149430.5,0.0,607.3541875450193,1000.0,1584.0,38.0,1.9962121212121213,122616.0,119472.0,1048.0,1005911586.0,980118612.0,8597722.0,490.26368279486763,1000.0,1584.0,2733708.0,1.9962121212121213
618,262.0,524.0,0.0,2149334.5,4298861.0,0.0,445.4649467639491,1000.0,1584.0,24.0,1.996212121212121,122616.0,119996.0,1048.0,1005911586.0,984417473.0,8597722.0,489.3689296484955,1000.0,1584.0,2738948.0,1.996212121212121
619,0.0,262.0,0.0,0.0,2149430.5,0.0,283.5757059828791,1000.0,1584.0,10.0,1.996212121212121,122616.0,119996.0,1048.0,1005911586.0,984417473.0,8597722.0,489.3689296484955,1000.0,1584.0,2738948.0,1.9962121212121209
620,0.0,0.0,0.0,0.0,0.0,0.0,0.0,1000.0,1584.0,0.0,1.9962121212121209,122616.0,119996.0,1048.0,1005911586.0,984417473.0,8597722.0,489.3689296484955,1000.0,1584.0,2738948.0,1.9962121212121209
621,262.0,786.0,0.0,2149334.5,6448195.5,0.0,487.0488319979846,1000.0,1584.0,20.0,1.9974747474747474,123140.0,121568.0,1048.0,1010210255.0,997313864.0,8597722.0,489.3391848068223,1000.0,1584.0,2770388.0,1.9987373737373737
622,262.0,786.0,0.0,2149334.5,6448195.5,0.0,487.0488319979846,1000.0,1584.0,20.0,1.9987373737373737,123140.0,121568.0,1048.0,1010210255.0,997313864.0,8597722.0,489.3391848068223,1000.0,1584.0,2770388.0,1.9987373737373737
623,0.0,262.0,0.0,0.0,2149334.5,0.0,617.017700084638,1000.0,1584.0,38.0,0.9993686868686869,123140.0,122092.0,1048.0,1010210255.0,1001612533.0,8597722.0,489.88249763779174,1000.0,1584.0,2790300.0,0.0
624,0.0,262.0,0.0,0.0,2149334.5,0.0,617.017700084638,1000.0,1584.0,38.0,0.0,123140.0,122092.0,1048.0,1010210255.0,1001612533.0,8597722.0,489.88249763779174,1000.0,1584.0,2790300.0,0.0
625,0.0,0.0,0.0,0.0,0.0,0.0,0.0,1000.0,1584.0,0.0,0.0,123140.0,122092.0,1048.0,1010210255.0,1001612533.0,8597722.0,489.88249763779174,1000.0,1584.0,2790300.0,0.0
626,262.0,0.0,0.0,2149334.5,0.0,0.0,0.0,1000.0,1584.0,0.0,0.0,123664.0,122092.0,1048.0,1014508924.0,1001612533.0,8597722.0,489.88249763779174,1000.0,1584.0,2790300.0,0.0
627,524.0,0.0,0.0,4298669.0,0.0,0.0,0.0,1000.0,1584.0,0.0,0.9987373737373739,124188.0,122092.0,1048.0,1018807593.0,1001612533.0,8597722.0,489.88249763779174,1000.0,1584.0,2790300.0,1.9974747474747478
628,262.0,0.0,0.0,2149334.5,0.0,0.0,0.0,1000.0,1584.0,0.0,1.9974747474747478,124188.0,122092.0,1048.0,1018807593.0,1001612533.0,8597722.0,489.88249763779174,1000.0,1584.0,2790300.0,1.9974747474747478
629,0.0,0.0,0.0,0.0,0.0,0.0,0.0,1000.0,1584.0,0.0,1.9974747474747474,124188.0,122092.0,1048.0,1018807593.0,1001612533.0,8597722.0,489.88249763779174,1000.0,1584.0,2790300.0,1.9974747474747472
630,262.0,262.0,0.0,2149334.5,2149334.5,0.0,551.1639822595962,1000.0,1584.0,24.0,1.9974747474747474,124712.0,122616.0,1048.0,1023106262.0,1005911202.0,8597722.0,490.1421649455113,1000.0,1584.0,2802876.0,1.9974747474747478
631,262.0,786.0,0.0,2149334.5,6448003.5,0.0,476.9263767328046,1000.0,1584.0,18.666666666666668,0.9987373737373739,124712.0,123664.0,1048.0,1023106262.0,1014508540.0,8597722.0,489.71918518940896,1000.0,1584.0,2819644.0,0.0
632,0.0,524.0,0.0,0.0,4298669.0,0.0,439.8075739694089,1000.0,1584.0,16.0,0.0,124712.0,123664.0,1048.0,1023106262.0,1014508540.0,8597722.0,489.71918518940896,1000.0,1584.0,2819644.0,0.0
633,0.0,0.0,0.0,0.0,0.0,0.0,0.0,1000.0,1584.0,0.0,0.0,124712.0,123664.0,1048.0,1023106262.0,1014508540.0,8597722.0,489.71918518940896,1000.0,1584.0,2819644.0,0.0
634,1310.0,0.0,0.0,10747152.5,0.0,0.0,0.0,1000.0,1584.0,0.0,0.9987373737373734,127332.0,123664.0,1048.0,1044600567.0,1014508540.0,8597722.0,489.71918518940896,1000.0,1584.0,2819644.0,1.9974747474747467
635,1310.0,0.0,0.0,10747152.5,0.0,0.0,0.0,1000.0,1584.0,0.0,1.997474747474747,127332.0,123664.0,1048.0,1044600567.0,1014508540.0,8597722.0,489.71918518940896,1000.0,1584.0,2819644.0,1.997474747474747
636,0.0,262.0,0.0,0.0,2149430.5,0.0,295.59547209997896,1000.0,1584.0,11.0,1.996212121212121,127332.0,124188.0,1048.0,1044600567.0,1018807401.0,8597722.0,488.9069520802482,1000.0,1584.0,2825408.0,1.994949494949495
637,0.0,262.0,0.0,0.0,2149430.5,0.0,295.59547209997896,1000.0,1584.0,11.0,1.994949494949495,127332.0,124188.0,1048.0,1044600567.0,1018807401.0,8597722.0,488.9069520802482,1000.0,1584.0,2825408.0,1.994949494949495
638,0.0,287.5,262.0,0.0,2358938.5,2149430.5,822.5808277424478,1000.0,1584.0,37.49217391304348,1.9962121212121213,127332.0,124763.0,1572.0,1044600567.0,1023525278.0,12896583.0,491.8096123830364,1000.0,1584.0,2846966.0,1.9974747474747476
639,0.0,786.0,262.0,0.0,6448291.5,2149430.5,687.2032670441631,1000.0,1584.0,28.333333333333332,0.9987373737373738,127332.0,125760.0,1572.0,1044600567.0,1031703984.0,12896583.0,492.17108895208224,1000.0,1584.0,2869948.0,0.0
640,0.0,498.0,0.0,0.0,4085245.0,0.0,537.9823574837659,1000.0,1584.0,23.052208835341364,0.0,127332.0,125760.0,1572.0,1044600567.0,1031703984.0,12896583.0,492.17108895208224,1000.0,1584.0,2869948.0,0.0
641,262.0,0.0,0.0,2149334.5,0.0,0.0,0.0,1000.0,1584.0,0.0,0.0,127856.0,125760.0,1572.0,1048899236.0,1031703984.0,12896583.0,492.17108895208224,1000.0,1584.0,2869948.0,0.0
642,262.0,0.0,0.0,2149334.5,0.0,0.0,0.0,1000.0,1584.0,0.0,0.0,127856.0,125760.0,1572.0,1048899236.0,1031703984.0,12896583.0,492.17108895208224,1000.0,1584.0,2869948.0,0.0
643,0.0,0.0,0.0,0.0,0.0,0.0,0.0,1000.0,1584.0,0.0,0.0,127856.0,125760.0,1572.0,1048899236.0,1031703984.0,12896583.0,492.17108895208224,1000.0,1584.0,2869948.0,0.0
644,524.0,0.0,0.0,4298669.0,0.0,0.0,0.0,1000.0,1584.0,0.0,0.9993686868686869,128904.0,125760.0,1572.0,1057496574.0,1031703984.0,12896583.0,492.17108895208224,1000.0,1584.0,2869948.0,1.9987373737373737
645,524.0,0.0,0.0,4298669.0,0.0,0.0,0.0,1000.0,1584.0,0.0,1.9974747474747478,128904.0,125760.0,1572.0,1057496574.0,1031703984.0,12896583.0,492.17108895208224,1000.0,1584.0,2869948.0,1.996212121212122
646,0.0,0.0,0.0,0.0,0.0,0.0,0.0,1000.0,1584.0,0.0,1.996212121212122,128904.0,125760.0,1572.0,1057496574.0,1031703984.0,12896583.0,492.17108895208224,1000.0,1584.0,2869948.0,1.996212121212122
647,262.0,786.0,0.0,2149334.5,6448003.5,0.0,389.003011421319,1000.0,1584.0,14.0,0.998106060606061,129428.0,127332.0,1572.0,1061795243.0,1044599991.0,12896583.0,490.9129416651216,1000.0,1584.0,2891956.0,0.0
648,262.0,786.0,0.0,2149334.5,6448003.5,0.0,389.003011421319,1000.0,1584.0,14.0,0.9993686868686869,129428.0,127332.0,1572.0,1061795243.0,1044599991.0,12896583.0,490.9129416651216,1000.0,1584.0,2891956.0,1.9987373737373737
649,0.0,262.0,0.0,0.0,2149334.5,0.0,540.5239137679041,1000.0,1584.0,23.0,0.9993686868686869,129428.0,127856.0,1572.0,1061795243.0,1048898660.0,12896583.0,491.1137958031895,1000.0,1584.0,2904008.0,0.0
650,0.0,262.0,0.0,0.0,2149334.5,0.0,540.5239137679041,1000.0,1584.0,23.0,0.0,129428.0,127856.0,1572.0,1061795243.0,1048898660.0,12896583.0,491.1137958031895,1000.0,1584.0,2904008.0,0.0
651,0.0,0.0,0.0,0.0,0.0,0.0,0.0,1000.0,1584.0,0.0,0.0,129428.0,127856.0,1572.0,1061795243.0,1048898660.0,12896583.0,491.1137958031895,1000.0,1584.0,2904008.0,0.0
652,0.0,0.0,0.0,0.0,0.0,0.0,0.0,1000.0,1584.0,0.0,0.0,129428.0,127856.0,1572.0,1061795243.0,1048898660.0,12896583.0,491.1137958031895,1000.0,1584.0,2904008.0,0.0
653,0.0,0.0,0.0,0.0,0.0,0.0,0.0,1000.0,1584.0,0.0,0.0,129428.0,127856.0,1572.0,1061795243.0,1048898660.0,12896583.0,491.1137958031895,1000.0,1584.0,2904008.0,0.0
654,0.0,0.0,0.0,0.0,0.0,0.0,0.0,1000.0,1584.0,0.0,0.0,129428.0,127856.0,1572.0,1061795243.0,1048898660.0,12896583.0,491.1137958031895,1000.0,1584.0,2904008.0,0.0
655,0.0,0.0,0.0,0.0,0.0,0.0,0.0,1000.0,1584.0,0.0,0.0,129428.0,127856.0,1572.0,1061795243.0,1048898660.0,12896583.0,491.1137958031895,1000.0,1584.0,2904008.0,0.0
656,0.0,0.0,0.0,0.0,0.0,0.0,0.0,1000.0,1584.0,0.0,0.0,129428.0,127856.0,1572.0,1061795243.0,1048898660.0,12896583.0,491.1137958031895,1000.0,1584.0,2904008.0,0.0
657,0.0,0.0,0.0,0.0,0.0,0.0,0.0,1000.0,1584.0,0.0,0.0,129428.0,127856.0,1572.0,1061795243.0,1048898660.0,12896583.0,491.1137958031895,1000.0,1584.0,2904008.0,0.0
658,0.0,0.0,0.0,0.0,0.0,0.0,0.0,1000.0,1584.0,0.0,0.0,129428.0,127856.0,1572.0,1061795243.0,1048898660.0,12896583.0,491.1137958031895,1000.0,1584.0,2904008.0,0.0
659,0.0,0.0,0.0,0.0,0.0,0.0,0.0,1000.0,1584.0,0.0,0.0,129428.0,127856.0,1572.0,1061795243.0,1048898660.0,12896583.0,491.1137958031895,1000.0,1584.0,2904008.0,0.0
660,0.0,0.0,0.0,0.0,0.0,0.0,0.0,1000.0,1584.0,0.0,0.0,129428.0,127856.0,1572.0,1061795243.0,1048898660.0,12896583.0,491.1137958031895,1000.0,1584.0,2904008.0,0.0
661,0.0,0.0,0.0,0.0,0.0,0.0,0.0,1000.0,1584.0,0.0,0.0,129428.0,127856.0,1572.0,1061795243.0,1048898660.0,12896583.0,491.1137958031895,1000.0,1584.0,2904008.0,0.0
662,0.0,0.0,0.0,0.0,0.0,0.0,0.0,1000.0,1584.0,0.0,0.0,129428.0,127856.0,1572.0,1061795243.0,1048898660.0,12896583.0,491.1137958031895,1000.0,1584.0,2904008.0,0.0
663,0.0,0.0,0.0,0.0,0.0,0.0,0.0,1000.0,1584.0,0.0,0.0,129428.0,127856.0,1572.0,1061795243.0,1048898660.0,12896583.0,491.1137958031895,1000.0,1584.0,2904008.0,0.0
664,0.0,0.0,0.0,0.0,0.0,0.0,0.0,1000.0,1584.0,0.0,0.0,129428.0,127856.0,1572.0,1061795243.0,1048898660.0,12896583.0,491.1137958031895,1000.0,1584.0,2904008.0,0.0
665,0.0,0.0,0.0,0.0,0.0,0.0,0.0,1000.0,1584.0,0.0,0.0,129428.0,127856.0,1572.0,1061795243.0,1048898660.0,12896583.0,491.1137958031895,1000.0,1584.0,2904008.0,0.0
666,0.0,0.0,0.0,0.0,0.0,0.0,0.0,1000.0,1584.0,0.0,0.0,129428.0,127856.0,1572.0,1061795243.0,1048898660.0,12896583.0,491.1137958031895,1000.0,1584.0,2904008.0,0.0
667,0.0,0.0,0.0,0.0,0.0,0.0,0.0,1000.0,1584.0,0.0,0.0,129428.0,127856.0,1572.0,1061795243.0,1048898660.0,12896583.0,491.1137958031895,1000.0,1584.0,2904008.0,0.0
668,0.0,0.0,0.0,0.0,0.0,0.0,0.0,1000.0,1584.0,0.0,0.0,129428.0,127856.0,1572.0,1061795243.0,1048898660.0,12896583.0,491.1137958031895,1000.0,1584.0,2904008.0,0.0
669,0.0,0.0,0.0,0.0,0.0,0.0,0.0,1000.0,1584.0,0.0,0.0,129428.0,127856.0,1572.0,1061795243.0,1048898660.0,12896583.0,491.1137958031895,1000.0,1584.0,2904008.0,0.0
670,0.0,0.0,0.0,0.0,0.0,0.0,0.0,1000.0,1584.0,0.0,0.0,129428.0,127856.0,1572.0,1061795243.0,1048898660.0,12896583.0,491.1137958031895,1000.0,1584.0,2904008.0,0.0
671,0.0,0.0,0.0,0.0,0.0,0.0,0.0,1000.0,1584.0,0.0,0.0,129428.0,127856.0,1572.0,1061795243.0,1048898660.0,12896583.0,491.1137958031895,1000.0,1584.0,2904008.0,0.0
672,0.0,0.0,0.0,0.0,0.0,0.0,0.0,1000.0,1584.0,0.0,0.0,129428.0,127856.0,1572.0,1061795243.0,1048898660.0,12896583.0,491.1137958031895,1000.0,1584.0,2904008.0,0.0
673,0.0,0.0,0.0,0.0,0.0,0.0,0.0,1000.0,1584.0,0.0,0.0,129428.0,127856.0,1572.0,1061795243.0,1048898660.0,12896583.0,491.1137958031895,1000.0,1584.0,2904008.0,0.0
674,0.0,0.0,0.0,0.0,0.0,0.0,0.0,1000.0,1584.0,0.0,0.0,129428.0,127856.0,1572.0,1061795243.0,1048898660.0,12896583.0,491.1137958031895,1000.0,1584.0,2904008.0,0.0
675,0.0,0.0,0.0,0.0,0.0,0.0,0.0,1000.0,1584.0,0.0,0.0,129428.0,127856.0,1572.0,1061795243.0,1048898660.0,12896583.0,491.1137958031895,1000.0,1584.0,2904008.0,0.0
676,0.0,0.0,0.0,0.0,0.0,0.0,0.0,1000.0,1584.0,0.0,0.0,129428.0,127856.0,1572.0,1061795243.0,1048898660.0,12896583.0,491.1137958031895,1000.0,1584.0,2904008.0,0.0
677,0.0,0.0,0.0,0.0,0.0,0.0,0.0,1000.0,1584.0,0.0,0.0,129428.0,127856.0,1572.0,1061795243.0,1048898660.0,12896583.0,491.1137958031895,1000.0,1584.0,2904008.0,0.0
678,0.0,0.0,0.0,0.0,0.0,0.0,0.0,1000.0,1584.0,0.0,0.0,129428.0,127856.0,1572.0,1061795243.0,1048898660.0,12896583.0,491.1137958031895,1000.0,1584.0,2904008.0,0.0
679,0.0,0.0,0.0,0.0,0.0,0.0,0.0,1000.0,1584.0,0.0,0.0,129428.0,127856.0,1572.0,1061795243.0,1048898660.0,12896583.0,491.1137958031895,1000.0,1584.0,2904008.0,0.0
680,0.0,0.0,0.0,0.0,0.0,0.0,0.0,1000.0,1584.0,0.0,0.0,129428.0,127856.0,1572.0,1061795243.0,1048898660.0,12896583.0,491.1137958031895,1000.0,1584.0,2904008.0,0.0
681,0.0,0.0,0.0,0.0,0.0,0.0,0.0,1000.0,1584.0,0.0,0.0,129428.0,127856.0,1572.0,1061795243.0,1048898660.0,12896583.0,491.1137958031895,1000.0,1584.0,2904008.0,0.0
682,0.0,0.0,0.0,0.0,0.0,0.0,0.0,1000.0,1584.0,0.0,0.0,129428.0,127856.0,1572.0,1061795243.0,1048898660.0,12896583.0,491.1137958031895,1000.0,1584.0,2904008.0,0.0
683,0.0,0.0,0.0,0.0,0.0,0.0,0.0,1000.0,1584.0,0.0,0.0,129428.0,127856.0,1572.0,1061795243.0,1048898660.0,12896583.0,491.1137958031895,1000.0,1584.0,2904008.0,0.0
684,0.0,0.0,0.0,0.0,0.0,0.0,0.0,1000.0,1584.0,0.0,0.0,129428.0,127856.0,1572.0,1061795243.0,1048898660.0,12896583.0,491.1137958031895,1000.0,1584.0,2904008.0,0.0
685,0.0,0.0,0.0,0.0,0.0,0.0,0.0,1000.0,1584.0,0.0,0.0,129428.0,127856.0,1572.0,1061795243.0,1048898660.0,12896583.0,491.1137958031895,1000.0,1584.0,2904008.0,0.0
686,0.0,0.0,0.0,0.0,0.0,0.0,0.0,1000.0,1584.0,0.0,0.0,129428.0,127856.0,1572.0,1061795243.0,1048898660.0,12896583.0,491.1137958031895,1000.0,1584.0,2904008.0,0.0
687,0.0,0.0,0.0,0.0,0.0,0.0,0.0,1000.0,1584.0,0.0,0.0,129428.0,127856.0,1572.0,1061795243.0,1048898660.0,12896583.0,491.1137958031895,1000.0,1584.0,2904008.0,0.0
688,0.0,0.0,0.0,0.0,0.0,0.0,0.0,1000.0,1584.0,0.0,0.0,129428.0,127856.0,1572.0,1061795243.0,1048898660.0,12896583.0,491.1137958031895,1000.0,1584.0,2904008.0,0.0
689,0.0,0.0,0.0,0.0,0.0,0.0,0.0,1000.0,1584.0,0.0,0.0,129428.0,127856.0,1572.0,1061795243.0,1048898660.0,12896583.0,491.1137958031895,1000.0,1584.0,2904008.0,0.0
690,0.0,0.0,0.0,0.0,0.0,0.0,0.0,1000.0,1584.0,0.0,0.0,129428.0,127856.0,1572.0,1061795243.0,1048898660.0,12896583.0,491.1137958031895,1000.0,1584.0,2904008.0,0.0
691,0.0,0.0,0.0,0.0,0.0,0.0,0.0,1000.0,1584.0,0.0,0.0,129428.0,127856.0,1572.0,1061795243.0,1048898660.0,12896583.0,491.1137958031895,1000.0,1584.0,2904008.0,0.0
692,0.0,0.0,0.0,0.0,0.0,0.0,0.0,1000.0,1584.0,0.0,0.0,129428.0,127856.0,1572.0,1061795243.0,1048898660.0,12896583.0,491.1137958031895,1000.0,1584.0,2904008.0,0.0
693,0.0,0.0,0.0,0.0,0.0,0.0,0.0,1000.0,1584.0,0.0,0.0,129428.0,127856.0,1572.0,1061795243.0,1048898660.0,12896583.0,491.1137958031895,1000.0,1584.0,2904008.0,0.0
694,0.0,0.0,0.0,0.0,0.0,0.0,0.0,1000.0,1584.0,0.0,0.0,129428.0,127856.0,1572.0,1061795243.0,1048898660.0,12896583.0,491.1137958031895,1000.0,1584.0,2904008.0,0.0
695,0.0,0.0,0.0,0.0,0.0,0.0,0.0,1000.0,1584.0,0.0,0.0,129428.0,127856.0,1572.0,1061795243.0,1048898660.0,12896583.0,491.1137958031895,1000.0,1584.0,2904008.0,0.0
696,0.0,0.0,0.0,0.0,0.0,0.0,0.0,1000.0,1584.0,0.0,0.0,129428.0,127856.0,1572.0,1061795243.0,1048898660.0,12896583.0,491.1137958031895,1000.0,1584.0,2904008.0,0.0
697,0.0,0.0,0.0,0.0,0.0,0.0,0.0,1000.0,1584.0,0.0,0.0,129428.0,127856.0,1572.0,1061795243.0,1048898660.0,12896583.0,491.1137958031895,1000.0,1584.0,2904008.0,0.0
698,0.0,0.0,0.0,0.0,0.0,0.0,0.0,1000.0,1584.0,0.0,0.0,129428.0,127856.0,1572.0,1061795243.0,1048898660.0,12896583.0,491.1137958031895,1000.0,1584.0,2904008.0,0.0
699,0.0,0.0,0.0,0.0,0.0,0.0,0.0,1000.0,1584.0,0.0,0.0,129428.0,127856.0,1572.0,1061795243.0,1048898660.0,12896583.0,491.1137958031895,1000.0,1584.0,2904008.0,0.0
700,0.0,0.0,0.0,0.0,0.0,0.0,0.0,1000.0,1584.0,0.0,0.0,129428.0,127856.0,1572.0,1061795243.0,1048898660.0,12896583.0,491.1137958031895,1000.0,1584.0,2904008.0,0.0
701,0.0,0.0,0.0,0.0,0.0,0.0,0.0,1000.0,1584.0,0.0,0.0,129428.0,127856.0,1572.0,1061795243.0,1048898660.0,12896583.0,491.1137958031895,1000.0,1584.0,2904008.0,0.0
702,0.0,0.0,0.0,0.0,0.0,0.0,0.0,1000.0,1584.0,0.0,0.0,129428.0,127856.0,1572.0,1061795243.0,1048898660.0,12896583.0,491.1137958031895,1000.0,1584.0,2904008.0,0.0
703,0.0,0.0,0.0,0.0,0.0,0.0,0.0,1000.0,1584.0,0.0,0.0,129428.0,127856.0,1572.0,1061795243.0,1048898660.0,12896583.0,491.1137958031895,1000.0,1584.0,2904008.0,0.0
704,0.0,0.0,0.0,0.0,0.0,0.0,0.0,1000.0,1584.0,0.0,0.0,129428.0,127856.0,1572.0,1061795243.0,1048898660.0,12896583.0,491.1137958031895,1000.0,1584.0,2904008.0,0.0
705,0.0,0.0,0.0,0.0,0.0,0.0,0.0,1000.0,1584.0,0.0,0.0,129428.0,127856.0,1572.0,1061795243.0,1048898660.0,12896583.0,491.1137958031895,1000.0,1584.0,2904008.0,0.0
706,0.0,0.0,0.0,0.0,0.0,0.0,0.0,1000.0,1584.0,0.0,0.0,129428.0,127856.0,1572.0,1061795243.0,1048898660.0,12896583.0,491.1137958031895,1000.0,1584.0,2904008.0,0.0
707,0.0,0.0,0.0,0.0,0.0,0.0,0.0,1000.0,1584.0,0.0,0.0,129428.0,127856.0,1572.0,1061795243.0,1048898660.0,12896583.0,491.1137958031895,1000.0,1584.0,2904008.0,0.0
708,0.0,0.0,0.0,0.0,0.0,0.0,0.0,1000.0,1584.0,0.0,0.0,129428.0,127856.0,1572.0,1061795243.0,1048898660.0,12896583.0,491.1137958031895,1000.0,1584.0,2904008.0,0.0
709,0.0,0.0,0.0,0.0,0.0,0.0,0.0,1000.0,1584.0,0.0,0.0,129428.0,127856.0,1572.0,1061795243.0,1048898660.0,12896583.0,491.1137958031895,1000.0,1584.0,2904008.0,0.0
710,0.0,0.0,0.0,0.0,0.0,0.0,0.0,1000.0,1584.0,0.0,0.0,129428.0,127856.0,1572.0,1061795243.0,1048898660.0,12896583.0,491.1137958031895,1000.0,1584.0,2904008.0,0.0
711,0.0,0.0,0.0,0.0,0.0,0.0,0.0,1000.0,1584.0,0.0,0.0,129428.0,127856.0,1572.0,1061795243.0,1048898660.0,12896583.0,491.1137958031895,1000.0,1584.0,2904008.0,0.0
712,0.0,0.0,0.0,0.0,0.0,0.0,0.0,1000.0,1584.0,0.0,0.0,129428.0,127856.0,1572.0,1061795243.0,1048898660.0,12896583.0,491.1137958031895,1000.0,1584.0,2904008.0,0.0
713,0.0,0.0,0.0,0.0,0.0,0.0,0.0,1000.0,1584.0,0.0,0.0,129428.0,127856.0,1572.0,1061795243.0,1048898660.0,12896583.0,491.1137958031895,1000.0,1584.0,2904008.0,0.0
714,0.0,0.0,0.0,0.0,0.0,0.0,0.0,1000.0,1584.0,0.0,0.0,129428.0,127856.0,1572.0,1061795243.0,1048898660.0,12896583.0,491.1137958031895,1000.0,1584.0,2904008.0,0.0
715,0.0,0.0,0.0,0.0,0.0,0.0,0.0,1000.0,1584.0,0.0,0.0,129428.0,127856.0,1572.0,1061795243.0,1048898660.0,12896583.0,491.1137958031895,1000.0,1584.0,2904008.0,0.0
716,0.0,0.0,0.0,0.0,0.0,0.0,0.0,1000.0,1584.0,0.0,0.0,129428.0,127856.0,1572.0,1061795243.0,1048898660.0,12896583.0,491.1137958031895,1000.0,1584.0,2904008.0,0.0
717,1310.0,0.0,0.0,10747152.5,0.0,0.0,0.0,1000.0,1584.0,0.0,0.9981060606060604,132048.0,127856.0,1572.0,1083289548.0,1048898660.0,12896583.0,491.1137958031895,1000.0,1584.0,2904008.0,1.9962121212121209
718,1310.0,0.0,0.0,10747152.5,0.0,0.0,0.0,1000.0,1584.0,0.0,1.995580808080808,132048.0,127856.0,1572.0,1083289548.0,1048898660.0,12896583.0,491.1137958031895,1000.0,1584.0,2904008.0,1.994949494949495
719,0.0,524.0,0.0,0.0,4298861.0,0.0,319.3895945110852,1000.0,1584.0,10.0,1.9955808080808082,132048.0,128904.0,1572.0,1083289548.0,1057496382.0,12896583.0,489.7344849494377,1000.0,1584.0,2914488.0,1.9962121212121213
720,0.0,589.0,0.0,0.0,4832901.0,0.0,341.04842694952237,1000.0,1584.0,11.213921901528014,1.9962121212121213,132048.0,129034.0,1572.0,1083289548.0,1058564462.0,12896583.0,489.7602821475411,1000.0,1584.0,2917218.0,1.9962121212121213
721,0.0,786.0,0.0,0.0,6448291.5,0.0,547.7575422261082,1000.0,1584.0,27.0,0.9981060606060607,132048.0,130476.0,1572.0,1083289548.0,1070392965.0,12896583.0,490.4252356313029,1000.0,1584.0,2956932.0,0.0
722,0.0,720.5,0.0,0.0,5910143.5,0.0,550.6754119481179,1000.0,1584.0,27.545454545454547,0.0,132048.0,130476.0,1572.0,1083289548.0,1070392965.0,12896583.0,490.4252356313029,1000.0,1584.0,2956932.0,0.0
723,0.0,0.0,0.0,0.0,0.0,0.0,0.0,1000.0,1584.0,0.0,0.0,132048.0,130476.0,1572.0,1083289548.0,1070392965.0,12896583.0,490.4252356313029,1000.0,1584.0,2956932.0,0.0
724,0.0,0.0,0.0,0.0,0.0,0.0,0.0,1000.0,1584.0,0.0,0.0,132048.0,130476.0,1572.0,1083289548.0,1070392965.0,12896583.0,490.4252356313029,1000.0,1584.0,2956932.0,0.0
725,0.0,0.0,0.0,0.0,0.0,0.0,0.0,1000.0,1584.0,0.0,0.0,132048.0,130476.0,1572.0,1083289548.0,1070392965.0,12896583.0,490.4252356313029,1000.0,1584.0,2956932.0,0.0
726,262.0,0.0,0.0,2149334.5,0.0,0.0,0.0,1000.0,1584.0,0.0,0.9993686868686869,132572.0,130476.0,1572.0,1087588217.0,1070392965.0,12896583.0,490.4252356313029,1000.0,1584.0,2956932.0,1.9987373737373737
727,524.0,0.0,0.0,4298669.0,0.0,0.0,0.0,1000.0,1584.0,0.0,1.9987373737373737,133096.0,130476.0,1572.0,1091886886.0,1070392965.0,12896583.0,490.4252356313029,1000.0,1584.0,2956932.0,1.9987373737373737
728,262.0,0.0,0.0,2149334.5,0.0,0.0,0.0,1000.0,1584.0,0.0,1.9987373737373737,133096.0,130476.0,1572.0,1091886886.0,1070392965.0,12896583.0,490.4252356313029,1000.0,1584.0,2956932.0,1.9987373737373737
729,0.0,0.0,0.0,0.0,0.0,0.0,0.0,1000.0,1584.0,0.0,1.9981060606060606,133096.0,130476.0,1572.0,1091886886.0,1070392965.0,12896583.0,490.4252356313029,1000.0,1584.0,2956932.0,1.9974747474747472
730,524.0,262.0,0.0,4298669.0,2149334.5,0.0,295.42494605794246,1000.0,1584.0,11.0,1.9974747474747474,134144.0,131000.0,1572.0,1100484224.0,1074691634.0,12896583.0,489.6544834986018,1000.0,1584.0,2962696.0,1.9974747474747478
731,524.0,262.0,0.0,4298669.0,2149334.5,0.0,295.42494605794246,1000.0,1584.0,11.0,1.9974747474747478,134144.0,131000.0,1572.0,1100484224.0,1074691634.0,12896583.0,489.6544834986018,1000.0,1584.0,2962696.0,1.9974747474747478
732,0.0,262.0,0.0,0.0,2149334.5,0.0,559.1008232869498,1000.0,1584.0,25.0,1.9974747474747478,134144.0,131524.0,1572.0,1100484224.0,1078990303.0,12896583.0,489.9278942851701,1000.0,1584.0,2975796.0,1.9974747474747478
733,262.0,786.0,0.0,2149334.5,6448003.5,0.0,472.8920950196882,1000.0,1584.0,18.333333333333332,1.9981060606060608,134668.0,132572.0,1572.0,1104782893.0,1087587641.0,12896583.0,489.45804925861455,1000.0,1584.0,2991516.0,1.9987373737373737
734,262.0,524.0,0.0,2149334.5,4298669.0,0.0,429.7877308860574,1000.0,1584.0,15.0,0.9993686868686869,134668.0,132572.0,1572.0,1104782893.0,1087587641.0,12896583.0,489.45804925861455,1000.0,1584.0,2991516.0,0.0
735,0.0,262.0,0.0,0.0,2149334.5,0.0,591.4207342535377,1000.0,1584.0,35.0,0.0,134668.0,133096.0,1572.0,1104782893.0,1091886310.0,12896583.0,489.8547912235753,1000.0,1584.0,3009856.0,0.0
736,0.0,262.0,0.0,0.0,2149334.5,0.0,591.4207342535377,1000.0,1584.0,35.0,0.0,134668.0,133096.0,1572.0,1104782893.0,1091886310.0,12896583.0,489.8547912235753,1000.0,1584.0,3009856.0,0.0
737,1310.0,0.0,0.0,10747152.5,0.0,0.0,0.0,1000.0,1584.0,0.0,0.0,137288.0,133096.0,1572.0,1126277198.0,1091886310.0,12896583.0,489.8547912235753,1000.0,1584.0,3009856.0,0.0
738,1310.0,0.0,0.0,10747152.5,0.0,0.0,0.0,1000.0,1584.0,0.0,0.0,137288.0,133096.0,1572.0,1126277198.0,1091886310.0,12896583.0,489.8547912235753,1000.0,1584.0,3009856.0,0.0
739,0.0,524.0,0.0,0.0,4298861.0,0.0,349.8009187746925,1000.0,1584.0,6.5,0.9981060606060607,137288.0,134144.0,1572.0,1126277198.0,1100484032.0,12896583.0,488.7732941390261,1000.0,1584.0,3016668.0,1.9962121212121213
740,0.0,1048.0,0.0,0.0,8597722.0,0.0,468.8198014502319,1000.0,1584.0,12.5,1.9974747474747474,137288.0,135192.0,1572.0,1126277198.0,1109081754.0,12896583.0,489.5324159013766,1000.0,1584.0,3036056.0,1.9987373737373737
741,0.0,786.0,0.0,0.0,6448291.5,0.0,495.22906154582876,1000.0,1584.0,19.0,0.9993686868686869,137288.0,135716.0,1572.0,1126277198.0,1113380615.0,12896583.0,488.847215139867,1000.0,1584.0,3046536.0,0.0
742,0.0,262.0,0.0,0.0,2149430.5,0.0,310.0098163859436,1000.0,1584.0,20.0,0.0,137288.0,135716.0,1572.0,1126277198.0,1113380615.0,12896583.0,488.847215139867,1000.0,1584.0,3046536.0,0.0
743,0.0,0.0,0.0,0.0,0.0,0.0,0.0,1000.0,1584.0,0.0,0.0,137288.0,135716.0,1572.0,1126277198.0,1113380615.0,12896583.0,488.847215139867,1000.0,1584.0,3046536.0,0.0
744,0.0,0.0,0.0,0.0,0.0,0.0,0.0,1000.0,1584.0,0.0,0.0,137288.0,135716.0,1572.0,1126277198.0,1113380615.0,12896583.0,488.847215139867,1000.0,1584.0,3046536.0,0.0
745,262.0,0.0,0.0,2149334.5,0.0,0.0,0.0,1000.0,1584.0,0.0,0.9993686868686869,137812.0,135716.0,1572.0,1130575867.0,1113380615.0,12896583.0,488.847215139867,1000.0,1584.0,3046536.0,1.9987373737373737
746,786.0,262.0,0.0,6448003.5,2149334.5,0.0,330.2995450068246,1000.0,1584.0,8.0,1.9987373737373737,138860.0,136240.0,1572.0,1139173205.0,1117679284.0,12896583.0,488.24437228765015,1000.0,1584.0,3050728.0,1.9987373737373737
747,524.0,262.0,0.0,4298669.0,2149334.5,0.0,330.2995450068246,1000.0,1584.0,8.0,1.9981060606060608,138860.0,136240.0,1572.0,1139173205.0,1117679284.0,12896583.0,488.24437228765015,1000.0,1584.0,3050728.0,1.9974747474747478
748,0.0,0.0,0.0,0.0,0.0,0.0,0.0,1000.0,1584.0,0.0,1.9974747474747478,138860.0,136240.0,1572.0,1139173205.0,1117679284.0,12896583.0,488.24437228765015,1000.0,1584.0,3050728.0,1.9974747474747478
749,262.0,262.0,0.0,2149334.5,2149334.5,0.0,305.9964148646134,1000.0,1584.0,19.0,1.9981060606060608,139384.0,136764.0,1572.0,1143471874.0,1121977953.0,12896583.0,487.55403911559324,1000.0,1584.0,3060684.0,1.9987373737373737
750,524.0,262.0,0.0,4298669.0,2149334.5,0.0,305.9964148646134,1000.0,1584.0,19.0,1.9987373737373737,139908.0,136764.0,1572.0,1147770543.0,1121977953.0,12896583.0,487.55403911559324,1000.0,1584.0,3060684.0,1.9987373737373737
751,262.0,0.0,0.0,2149334.5,0.0,0.0,0.0,1000.0,1584.0,0.0,1.9974747474747476,139908.0,136764.0,1572.0,1147770543.0,1121977953.0,12896583.0,487.55403911559324,1000.0,1584.0,3060684.0,1.9962121212121215
752,0.0,262.0,0.0,0.0,2149334.5,0.0,383.6935943098378,1000.0,1584.0,7.0,1.9974747474747476,139908.0,137288.0,1572.0,1147770543.0,1126276622.0,12896583.0,487.1621129087789,1000.0,1584.0,3064352.0,1.9987373737373737
753,0.0,786.0,0.0,0.0,6448003.5,0.0,525.8148080610899,1000.0,1584.0,15.0,0.9993686868686869,139908.0,138336.0,1572.0,1147770543.0,1134873960.0,12896583.0,487.98393539587966,1000.0,1584.0,3084264.0,0.0
754,0.0,524.0,0.0,0.0,4298669.0,0.0,596.8754149367159,1000.0,1584.0,19.0,0.0,139908.0,138336.0,1572.0,1147770543.0,1134873960.0,12896583.0,487.98393539587966,1000.0,1584.0,3084264.0,0.0
755,0.0,0.0,0.0,0.0,0.0,0.0,0.0,1000.0,1584.0,0.0,0.0,139908.0,138336.0,1572.0,1147770543.0,1134873960.0,12896583.0,487.98393539587966,1000.0,1584.0,3084264.0,0.0
756,1310.0,0.0,0.0,10747152.5,0.0,0.0,0.0,1000.0,1584.0,0.0,0.0,142528.0,138336.0,1572.0,1169264848.0,1134873960.0,12896583.0,487.98393539587966,1000.0,1584.0,3084264.0,0.0
757,1310.0,262.0,0.0,10747152.5,2149430.5,0.0,339.33430224031713,1000.0,1584.0,9.0,0.9993686868686866,142528.0,138860.0,1572.0,1169264848.0,1139172821.0,12896583.0,487.4292725855976,1000.0,1584.0,3088980.0,1.9987373737373733
758,0.0,262.0,0.0,0.0,2149430.5,0.0,339.33430224031713,1000.0,1584.0,9.0,1.9974747474747472,142528.0,138860.0,1572.0,1169264848.0,1139172821.0,12896583.0,487.4292725855976,1000.0,1584.0,3088980.0,1.996212121212121
759,0.0,0.0,0.0,0.0,0.0,0.0,0.0,1000.0,1584.0,0.0,1.996212121212121,142528.0,138860.0,1572.0,1169264848.0,1139172821.0,12896583.0,487.4292725855976,1000.0,1584.0,3088980.0,1.9962121212121213
760,0.0,786.0,0.0,0.0,6448291.5,0.0,488.8681707757209,1000.0,1584.0,25.0,1.9974747474747474,142528.0,140432.0,1572.0,1169264848.0,1152069404.0,12896583.0,487.4452013478505,1000.0,1584.0,3128280.0,1.9987373737373737
761,0.0,786.0,0.0,0.0,6448291.5,0.0,488.8681707757209,1000.0,1584.0,25.0,1.9987373737373737,142528.0,140432.0,1572.0,1169264848.0,1152069404.0,12896583.0,487.4452013478505,1000.0,1584.0,3128280.0,1.9987373737373737
762,0.0,0.0,0.0,0.0,0.0,0.0,0.0,1000.0,1584.0,0.0,1.9987373737373737,142528.0,140432.0,1572.0,1169264848.0,1152069404.0,12896583.0,487.4452013478505,1000.0,1584.0,3128280.0,1.9987373737373737
763,0.0,0.0,262.0,0.0,0.0,2149430.5,999.0,1000.0,1584.0,0.0,1.9981060606060606,142528.0,140432.0,2096.0,1169264848.0,1152069404.0,17195444.0,489.32591751936576,1000.0,1584.0,3128280.0,1.9974747474747476
764,262.0,0.0,262.0,2149334.5,0.0,2149430.5,999.0,1000.0,1584.0,0.0,1.9974747474747476,143052.0,140432.0,2096.0,1173563517.0,1152069404.0,17195444.0,489.32591751936576,1000.0,1584.0,3128280.0,1.9974747474747476
765,262.0,0.0,0.0,2149334.5,0.0,0.0,0.0,1000.0,1584.0,0.0,1.9974747474747476,143052.0,140432.0,2096.0,1173563517.0,1152069404.0,17195444.0,489.32591751936576,1000.0,1584.0,3128280.0,1.9974747474747476
766,786.0,0.0,0.0,6448003.5,0.0,0.0,0.0,1000.0,1584.0,0.0,1.995580808080808,144624.0,140432.0,2096.0,1186459524.0,1152069404.0,17195444.0,489.32591751936576,1000.0,1584.0,3128280.0,1.993686868686868
767,786.0,0.0,0.0,6448003.5,0.0,0.0,0.0,1000.0,1584.0,0.0,1.9943181818181812,144624.0,140432.0,2096.0,1186459524.0,1152069404.0,17195444.0,489.32591751936576,1000.0,1584.0,3128280.0,1.9949494949494941
768,0.0,524.0,0.0,0.0,4298669.0,0.0,381.92414716265586,1000.0,1584.0,10.0,1.9962121212121207,144624.0,141480.0,2096.0,1186459524.0,1160666742.0,17195444.0,488.5419629912147,1000.0,1584.0,3138760.0,1.9974747474747472
769,0.0,553.0,0.0,0.0,4536933.0,0.0,384.9809286048645,1000.0,1584.0,10.891500904159132,1.9974747474747474,144624.0,141538.0,2096.0,1186459524.0,1161143270.0,17195444.0,488.52244788307127,1000.0,1584.0,3140326.0,1.9974747474747478
770,0.0,524.0,0.0,0.0,4298669.0,0.0,527.5226029208113,1000.0,1584.0,32.0,1.9981060606060608,144624.0,142528.0,2096.0,1186459524.0,1169264080.0,17195444.0,488.82443139650235,1000.0,1584.0,3172296.0,1.9987373737373737
771,0.0,494.5,0.0,0.0,4056297.0,0.0,532.7304293243839,1000.0,1584.0,32.29828109201213,0.9993686868686869,144624.0,142528.0,2096.0,1186459524.0,1169264080.0,17195444.0,488.82443139650235,1000.0,1584.0,3172296.0,0.0
772,0.0,0.0,0.0,0.0,0.0,0.0,0.0,1000.0,1584.0,0.0,0.0,144624.0,142528.0,2096.0,1186459524.0,1169264080.0,17195444.0,488.82443139650235,1000.0,1584.0,3172296.0,0.0
773,0.0,0.0,0.0,0.0,0.0,0.0,0.0,1000.0,1584.0,0.0,0.0,144624.0,142528.0,2096.0,1186459524.0,1169264080.0,17195444.0,488.82443139650235,1000.0,1584.0,3172296.0,0.0
774,0.0,0.0,0.0,0.0,0.0,0.0,0.0,1000.0,1584.0,0.0,0.0,144624.0,142528.0,2096.0,1186459524.0,1169264080.0,17195444.0,488.82443139650235,1000.0,1584.0,3172296.0,0.0
775,0.0,0.0,0.0,0.0,0.0,0.0,0.0,1000.0,1584.0,0.0,0.0,144624.0,142528.0,2096.0,1186459524.0,1169264080.0,17195444.0,488.82443139650235,1000.0,1584.0,3172296.0,0.0
776,0.0,0.0,0.0,0.0,0.0,0.0,0.0,1000.0,1584.0,0.0,0.0,144624.0,142528.0,2096.0,1186459524.0,1169264080.0,17195444.0,488.82443139650235,1000.0,1584.0,3172296.0,0.0
777,0.0,0.0,0.0,0.0,0.0,0.0,0.0,1000.0,1584.0,0.0,0.0,144624.0,142528.0,2096.0,1186459524.0,1169264080.0,17195444.0,488.82443139650235,1000.0,1584.0,3172296.0,0.0
778,0.0,0.0,0.0,0.0,0.0,0.0,0.0,1000.0,1584.0,0.0,0.0,144624.0,142528.0,2096.0,1186459524.0,1169264080.0,17195444.0,488.82443139650235,1000.0,1584.0,3172296.0,0.0
779,0.0,0.0,0.0,0.0,0.0,0.0,0.0,1000.0,1584.0,0.0,0.0,144624.0,142528.0,2096.0,1186459524.0,1169264080.0,17195444.0,488.82443139650235,1000.0,1584.0,3172296.0,0.0
780,0.0,0.0,0.0,0.0,0.0,0.0,0.0,1000.0,1584.0,0.0,0.0,144624.0,142528.0,2096.0,1186459524.0,1169264080.0,17195444.0,488.82443139650235,1000.0,1584.0,3172296.0,0.0
781,0.0,0.0,0.0,0.0,0.0,0.0,0.0,1000.0,1584.0,0.0,0.0,144624.0,142528.0,2096.0,1186459524.0,1169264080.0,17195444.0,488.82443139650235,1000.0,1584.0,3172296.0,0.0
782,0.0,0.0,0.0,0.0,0.0,0.0,0.0,1000.0,1584.0,0.0,0.0,144624.0,142528.0,2096.0,1186459524.0,1169264080.0,17195444.0,488.82443139650235,1000.0,1584.0,3172296.0,0.0
783,0.0,0.0,0.0,0.0,0.0,0.0,0.0,1000.0,1584.0,0.0,0.0,144624.0,142528.0,2096.0,1186459524.0,1169264080.0,17195444.0,488.82443139650235,1000.0,1584.0,3172296.0,0.0
784,0.0,0.0,0.0,0.0,0.0,0.0,0.0,1000.0,1584.0,0.0,0.0,144624.0,142528.0,2096.0,1186459524.0,1169264080.0,17195444.0,488.82443139650235,1000.0,1584.0,3172296.0,0.0
785,0.0,0.0,0.0,0.0,0.0,0.0,0.0,1000.0,1584.0,0.0,0.0,144624.0,142528.0,2096.0,1186459524.0,1169264080.0,17195444.0,488.82443139650235,1000.0,1584.0,3172296.0,0.0
786,0.0,0.0,0.0,0.0,0.0,0.0,0.0,1000.0,1584.0,0.0,0.0,144624.0,142528.0,2096.0,1186459524.0,1169264080.0,17195444.0,488.82443139650235,1000.0,1584.0,3172296.0,0.0
787,0.0,0.0,0.0,0.0,0.0,0.0,0.0,1000.0,1584.0,0.0,0.0,144624.0,142528.0,2096.0,1186459524.0,1169264080.0,17195444.0,488.82443139650235,1000.0,1584.0,3172296.0,0.0
788,0.0,0.0,0.0,0.0,0.0,0.0,0.0,1000.0,1584.0,0.0,0.0,144624.0,142528.0,2096.0,1186459524.0,1169264080.0,17195444.0,488.82443139650235,1000.0,1584.0,3172296.0,0.0
789,0.0,0.0,0.0,0.0,0.0,0.0,0.0,1000.0,1584.0,0.0,0.0,144624.0,142528.0,2096.0,1186459524.0,1169264080.0,17195444.0,488.82443139650235,1000.0,1584.0,3172296.0,0.0
790,0.0,0.0,0.0,0.0,0.0,0.0,0.0,1000.0,1584.0,0.0,0.0,144624.0,142528.0,2096.0,1186459524.0,1169264080.0,17195444.0,488.82443139650235,1000.0,1584.0,3172296.0,0.0
791,0.0,0.0,0.0,0.0,0.0,0.0,0.0,1000.0,1584.0,0.0,0.0,144624.0,142528.0,2096.0,1186459524.0,1169264080.0,17195444.0,488.82443139650235,1000.0,1584.0,3172296.0,0.0
792,0.0,0.0,0.0,0.0,0.0,0.0,0.0,1000.0,1584.0,0.0,0.0,144624.0,142528.0,2096.0,1186459524.0,1169264080.0,17195444.0,488.82443139650235,1000.0,1584.0,3172296.0,0.0
793,0.0,0.0,0.0,0.0,0.0,0.0,0.0,1000.0,1584.0,0.0,0.0,144624.0,142528.0,2096.0,1186459524.0,1169264080.0,17195444.0,488.82443139650235,1000.0,1584.0,3172296.0,0.0
794,0.0,0.0,0.0,0.0,0.0,0.0,0.0,1000.0,1584.0,0.0,0.0,144624.0,142528.0,2096.0,1186459524.0,1169264080.0,17195444.0,488.82443139650235,1000.0,1584.0,3172296.0,0.0
795,0.0,0.0,0.0,0.0,0.0,0.0,0.0,1000.0,1584.0,0.0,0.0,144624.0,142528.0,2096.0,1186459524.0,1169264080.0,17195444.0,488.82443139650235,1000.0,1584.0,3172296.0,0.0
796,0.0,0.0,0.0,0.0,0.0,0.0,0.0,1000.0,1584.0,0.0,0.0,144624.0,142528.0,2096.0,1186459524.0,1169264080.0,17195444.0,488.82443139650235,1000.0,1584.0,3172296.0,0.0
797,0.0,0.0,0.0,0.0,0.0,0.0,0.0,1000.0,1584.0,0.0,0.0,144624.0,142528.0,2096.0,1186459524.0,1169264080.0,17195444.0,488.82443139650235,1000.0,1584.0,3172296.0,0.0
798,0.0,0.0,0.0,0.0,0.0,0.0,0.0,1000.0,1584.0,0.0,0.0,144624.0,142528.0,2096.0,1186459524.0,1169264080.0,17195444.0,488.82443139650235,1000.0,1584.0,3172296.0,0.0
799,0.0,0.0,0.0,0.0,0.0,0.0,0.0,1000.0,1584.0,0.0,0.0,144624.0,142528.0,2096.0,1186459524.0,1169264080.0,17195444.0,488.82443139650235,1000.0,1584.0,3172296.0,0.0
800,0.0,0.0,0.0,0.0,0.0,0.0,0.0,1000.0,1584.0,0.0,0.0,144624.0,142528.0,2096.0,1186459524.0,1169264080.0,17195444.0,488.82443139650235,1000.0,1584.0,3172296.0,0.0
801,0.0,0.0,0.0,0.0,0.0,0.0,0.0,1000.0,1584.0,0.0,0.0,144624.0,142528.0,2096.0,1186459524.0,1169264080.0,17195444.0,488.82443139650235,1000.0,1584.0,3172296.0,0.0
802,0.0,0.0,0.0,0.0,0.0,0.0,0.0,1000.0,1584.0,0.0,0.0,144624.0,142528.0,2096.0,1186459524.0,1169264080.0,17195444.0,488.82443139650235,1000.0,1584.0,3172296.0,0.0
803,0.0,0.0,0.0,0.0,0.0,0.0,0.0,1000.0,1584.0,0.0,0.0,144624.0,142528.0,2096.0,1186459524.0,1169264080.0,17195444.0,488.82443139650235,1000.0,1584.0,3172296.0,0.0
804,0.0,0.0,0.0,0.0,0.0,0.0,0.0,1000.0,1584.0,0.0,0.0,144624.0,142528.0,2096.0,1186459524.0,1169264080.0,17195444.0,488.82443139650235,1000.0,1584.0,3172296.0,0.0
805,0.0,0.0,0.0,0.0,0.0,0.0,0.0,1000.0,1584.0,0.0,0.0,144624.0,142528.0,2096.0,1186459524.0,1169264080.0,17195444.0,488.82443139650235,1000.0,1584.0,3172296.0,0.0
806,0.0,0.0,0.0,0.0,0.0,0.0,0.0,1000.0,1584.0,0.0,0.0,144624.0,142528.0,2096.0,1186459524.0,1169264080.0,17195444.0,488.82443139650235,1000.0,1584.0,3172296.0,0.0
807,0.0,0.0,0.0,0.0,0.0,0.0,0.0,1000.0,1584.0,0.0,0.0,144624.0,142528.0,2096.0,1186459524.0,1169264080.0,17195444.0,488.82443139650235,1000.0,1584.0,3172296.0,0.0
808,0.0,0.0,0.0,0.0,0.0,0.0,0.0,1000.0,1584.0,0.0,0.0,144624.0,142528.0,2096.0,1186459524.0,1169264080.0,17195444.0,488.82443139650235,1000.0,1584.0,3172296.0,0.0
809,0.0,0.0,0.0,0.0,0.0,0.0,0.0,1000.0,1584.0,0.0,0.0,144624.0,142528.0,2096.0,1186459524.0,1169264080.0,17195444.0,488.82443139650235,1000.0,1584.0,3172296.0,0.0
810,0.0,0.0,0.0,0.0,0.0,0.0,0.0,1000.0,1584.0,0.0,0.0,144624.0,142528.0,2096.0,1186459524.0,1169264080.0,17195444.0,488.82443139650235,1000.0,1584.0,3172296.0,0.0
811,0.0,0.0,0.0,0.0,0.0,0.0,0.0,1000.0,1584.0,0.0,0.0,144624.0,142528.0,2096.0,1186459524.0,1169264080.0,17195444.0,488.82443139650235,1000.0,1584.0,3172296.0,0.0
812,0.0,0.0,0.0,0.0,0.0,0.0,0.0,1000.0,1584.0,0.0,0.0,144624.0,142528.0,2096.0,1186459524.0,1169264080.0,17195444.0,488.82443139650235,1000.0,1584.0,3172296.0,0.0
813,0.0,0.0,0.0,0.0,0.0,0.0,0.0,1000.0,1584.0,0.0,0.0,144624.0,142528.0,2096.0,1186459524.0,1169264080.0,17195444.0,488.82443139650235,1000.0,1584.0,3172296.0,0.0
814,0.0,0.0,0.0,0.0,0.0,0.0,0.0,1000.0,1584.0,0.0,0.0,144624.0,142528.0,2096.0,1186459524.0,1169264080.0,17195444.0,488.82443139650235,1000.0,1584.0,3172296.0,0.0
815,0.0,0.0,0.0,0.0,0.0,0.0,0.0,1000.0,1584.0,0.0,0.0,144624.0,142528.0,2096.0,1186459524.0,1169264080.0,17195444.0,488.82443139650235,1000.0,1584.0,3172296.0,0.0
816,0.0,0.0,0.0,0.0,0.0,0.0,0.0,1000.0,1584.0,0.0,0.0,144624.0,142528.0,2096.0,1186459524.0,1169264080.0,17195444.0,488.82443139650235,1000.0,1584.0,3172296.0,0.0
817,0.0,0.0,0.0,0.0,0.0,0.0,0.0,1000.0,1584.0,0.0,0.0,144624.0,142528.0,2096.0,1186459524.0,1169264080.0,17195444.0,488.82443139650235,1000.0,1584.0,3172296.0,0.0
818,0.0,0.0,0.0,0.0,0.0,0.0,0.0,1000.0,1584.0,0.0,0.0,144624.0,142528.0,2096.0,1186459524.0,1169264080.0,17195444.0,488.82443139650235,1000.0,1584.0,3172296.0,0.0
819,0.0,0.0,0.0,0.0,0.0,0.0,0.0,1000.0,1584.0,0.0,0.0,144624.0,142528.0,2096.0,1186459524.0,1169264080.0,17195444.0,488.82443139650235,1000.0,1584.0,3172296.0,0.0
820,0.0,0.0,0.0,0.0,0.0,0.0,0.0,1000.0,1584.0,0.0,0.0,144624.0,142528.0,2096.0,1186459524.0,1169264080.0,17195444.0,488.82443139650235,1000.0,1584.0,3172296.0,0.0
821,0.0,0.0,0.0,0.0,0.0,0.0,0.0,1000.0,1584.0,0.0,0.0,144624.0,142528.0,2096.0,1186459524.0,1169264080.0,17195444.0,488.82443139650235,1000.0,1584.0,3172296.0,0.0
822,0.0,0.0,0.0,0.0,0.0,0.0,0.0,1000.0,1584.0,0.0,0.0,144624.0,142528.0,2096.0,1186459524.0,1169264080.0,17195444.0,488.82443139650235,1000.0,1584.0,3172296.0,0.0
823,0.0,0.0,0.0,0.0,0.0,0.0,0.0,1000.0,1584.0,0.0,0.0,144624.0,142528.0,2096.0,1186459524.0,1169264080.0,17195444.0,488.82443139650235,1000.0,1584.0,3172296.0,0.0
824,0.0,0.0,0.0,0.0,0.0,0.0,0.0,1000.0,1584.0,0.0,0.0,144624.0,142528.0,2096.0,1186459524.0,1169264080.0,17195444.0,488.82443139650235,1000.0,1584.0,3172296.0,0.0
825,0.0,0.0,0.0,0.0,0.0,0.0,0.0,1000.0,1584.0,0.0,0.0,144624.0,142528.0,2096.0,1186459524.0,1169264080.0,17195444.0,488.82443139650235,1000.0,1584.0,3172296.0,0.0
826,0.0,0.0,0.0,0.0,0.0,0.0,0.0,1000.0,1584.0,0.0,0.0,144624.0,142528.0,2096.0,1186459524.0,1169264080.0,17195444.0,488.82443139650235,1000.0,1584.0,3172296.0,0.0
827,0.0,0.0,0.0,0.0,0.0,0.0,0.0,1000.0,1584.0,0.0,0.0,144624.0,142528.0,2096.0,1186459524.0,1169264080.0,17195444.0,488.82443139650235,1000.0,1584.0,3172296.0,0.0
828,0.0,0.0,0.0,0.0,0.0,0.0,0.0,1000.0,1584.0,0.0,0.0,144624.0,142528.0,2096.0,1186459524.0,1169264080.0,17195444.0,488.82443139650235,1000.0,1584.0,3172296.0,0.0
829,0.0,0.0,0.0,0.0,0.0,0.0,0.0,1000.0,1584.0,0.0,0.0,144624.0,142528.0,2096.0,1186459524.0,1169264080.0,17195444.0,488.82443139650235,1000.0,1584.0,3172296.0,0.0
830,0.0,0.0,0.0,0.0,0.0,0.0,0.0,1000.0,1584.0,0.0,0.0,144624.0,142528.0,2096.0,1186459524.0,1169264080.0,17195444.0,488.82443139650235,1000.0,1584.0,3172296.0,0.0
831,0.0,0.0,0.0,0.0,0.0,0.0,0.0,1000.0,1584.0,0.0,0.0,144624.0,142528.0,2096.0,1186459524.0,1169264080.0,17195444.0,488.82443139650235,1000.0,1584.0,3172296.0,0.0
832,0.0,0.0,0.0,0.0,0.0,0.0,0.0,1000.0,1584.0,0.0,0.0,144624.0,142528.0,2096.0,1186459524.0,1169264080.0,17195444.0,488.82443139650235,1000.0,1584.0,3172296.0,0.0
833,0.0,0.0,0.0,0.0,0.0,0.0,0.0,1000.0,1584.0,0.0,0.0,144624.0,142528.0,2096.0,1186459524.0,1169264080.0,17195444.0,488.82443139650235,1000.0,1584.0,3172296.0,0.0
834,0.0,0.0,0.0,0.0,0.0,0.0,0.0,1000.0,1584.0,0.0,0.0,144624.0,142528.0,2096.0,1186459524.0,1169264080.0,17195444.0,488.82443139650235,1000.0,1584.0,3172296.0,0.0
835,0.0,0.0,0.0,0.0,0.0,0.0,0.0,1000.0,1584.0,0.0,0.0,144624.0,142528.0,2096.0,1186459524.0,1169264080.0,17195444.0,488.82443139650235,1000.0,1584.0,3172296.0,0.0
836,0.0,0.0,0.0,0.0,0.0,0.0,0.0,1000.0,1584.0,0.0,0.0,144624.0,142528.0,2096.0,1186459524.0,1169264080.0,17195444.0,488.82443139650235,1000.0,1584.0,3172296.0,0.0
837,0.0,0.0,0.0,0.0,0.0,0.0,0.0,1000.0,1584.0,0.0,0.0,144624.0,142528.0,2096.0,1186459524.0,1169264080.0,17195444.0,488.82443139650235,1000.0,1584.0,3172296.0,0.0
838,1310.0,0.0,0.0,10747152.5,0.0,0.0,0.0,1000.0,1584.0,0.0,0.0,147244.0,142528.0,2096.0,1207953829.0,1169264080.0,17195444.0,488.82443139650235,1000.0,1584.0,3172296.0,0.0
839,1310.0,0.0,0.0,10747152.5,0.0,0.0,0.0,1000.0,1584.0,0.0,0.9987373737373736,147244.0,142528.0,2096.0,1207953829.0,1169264080.0,17195444.0,488.82443139650235,1000.0,1584.0,3172296.0,1.9974747474747472
840,0.0,0.0,0.0,0.0,0.0,0.0,0.0,1000.0,1584.0,0.0,1.9968434343434343,147244.0,142528.0,2096.0,1207953829.0,1169264080.0,17195444.0,488.82443139650235,1000.0,1584.0,3172296.0,1.9962121212121215
841,0.0,524.0,0.0,0.0,4298861.0,0.0,276.12279251862253,1000.0,1584.0,12.0,1.9968434343434345,147244.0,143576.0,2096.0,1207953829.0,1177861802.0,17195444.0,487.29420377867615,1000.0,1584.0,3184872.0,1.9974747474747474
842,0.0,524.0,0.0,0.0,4298861.0,0.0,276.12279251862253,1000.0,1584.0,12.0,1.9974747474747476,147244.0,143576.0,2096.0,1207953829.0,1177861802.0,17195444.0,487.29420377867615,1000.0,1584.0,3184872.0,1.9974747474747478
843,0.0,262.0,262.0,0.0,2149430.5,2149430.5,775.3821729074692,1000.0,1584.0,31.0,1.9974747474747478,147244.0,144100.0,2620.0,1207953829.0,1182160663.0,21494305.0,489.35197498673836,1000.0,1584.0,3201116.0,1.9974747474747476
844,0.0,262.0,262.0,0.0,2149430.5,2149430.5,775.3821729074692,1000.0,1584.0,31.0,1.9981060606060606,147244.0,144100.0,2620.0,1207953829.0,1182160663.0,21494305.0,489.35197498673836,1000.0,1584.0,3201116.0,1.9987373737373737
845,0.0,0.0,0.0,0.0,0.0,0.0,0.0,1000.0,1584.0,0.0,1.9987373737373737,147244.0,144100.0,2620.0,1207953829.0,1182160663.0,21494305.0,489.35197498673836,1000.0,1584.0,3201116.0,1.9987373737373737
846,262.0,0.0,0.0,2149334.5,0.0,0.0,0.0,1000.0,1584.0,0.0,1.9987373737373737,147768.0,144100.0,2620.0,1212252498.0,1182160663.0,21494305.0,489.35197498673836,1000.0,1584.0,3201116.0,1.9987373737373737
847,524.0,0.0,0.0,4298669.0,0.0,0.0,0.0,1000.0,1584.0,0.0,1.9974747474747476,148292.0,144100.0,2620.0,1216551167.0,1182160663.0,21494305.0,489.35197498673836,1000.0,1584.0,3201116.0,1.9962121212121215
848,262.0,0.0,0.0,2149334.5,0.0,0.0,0.0,1000.0,1584.0,0.0,1.9962121212121215,148292.0,144100.0,2620.0,1216551167.0,1182160663.0,21494305.0,489.35197498673836,1000.0,1584.0,3201116.0,1.9962121212121215
849,0.0,0.0,0.0,0.0,0.0,0.0,0.0,1000.0,1584.0,0.0,1.9962121212121215,148292.0,144100.0,2620.0,1216551167.0,1182160663.0,21494305.0,489.35197498673836,1000.0,1584.0,3201116.0,1.9962121212121215
850,262.0,0.0,0.0,2149334.5,0.0,0.0,0.0,1000.0,1584.0,0.0,1.9962121212121215,148816.0,144100.0,2620.0,1220849836.0,1182160663.0,21494305.0,489.35197498673836,1000.0,1584.0,3201116.0,1.9962121212121218
851,262.0,524.0,0.0,2149334.5,4298765.0,0.0,616.33879977518,1000.0,1584.0,28.5,1.9968434343434345,148816.0,145148.0,2620.0,1220849836.0,1190758193.0,21494305.0,490.2525907653772,1000.0,1584.0,3230984.0,1.9974747474747472
852,0.0,1047.5,0.0,0.0,8593326.0,0.0,509.9073797576676,1000.0,1584.0,25.505966587112173,0.9987373737373736,148816.0,146196.0,2620.0,1220849836.0,1199355531.0,21494305.0,489.6401559032353,1000.0,1584.0,3254564.0,0.0
853,0.0,524.0,0.0,0.0,4298669.0,0.0,403.28684034145954,1000.0,1584.0,22.5,0.0,148816.0,146196.0,2620.0,1220849836.0,1199355531.0,21494305.0,489.6401559032353,1000.0,1584.0,3254564.0,0.0
854,0.0,0.0,0.0,0.0,0.0,0.0,0.0,1000.0,1584.0,0.0,0.0,148816.0,146196.0,2620.0,1220849836.0,1199355531.0,21494305.0,489.6401559032353,1000.0,1584.0,3254564.0,0.0
855,0.0,0.0,0.0,0.0,0.0,0.0,0.0,1000.0,1584.0,0.0,0.0,148816.0,146196.0,2620.0,1220849836.0,1199355531.0,21494305.0,489.6401559032353,1000.0,1584.0,3254564.0,0.0
856,0.0,0.0,0.0,0.0,0.0,0.0,0.0,1000.0,1584.0,0.0,0.0,148816.0,146196.0,2620.0,1220849836.0,1199355531.0,21494305.0,489.6401559032353,1000.0,1584.0,3254564.0,0.0
857,0.0,0.0,0.0,0.0,0.0,0.0,0.0,1000.0,1584.0,0.0,0.0,148816.0,146196.0,2620.0,1220849836.0,1199355531.0,21494305.0,489.6401559032353,1000.0,1584.0,3254564.0,0.0
858,262.0,0.0,0.0,2149334.5,0.0,0.0,0.0,1000.0,1584.0,0.0,0.9993686868686869,149340.0,146196.0,2620.0,1225148505.0,1199355531.0,21494305.0,489.6401559032353,1000.0,1584.0,3254564.0,1.9987373737373737
859,262.0,0.0,0.0,2149334.5,0.0,0.0,0.0,1000.0,1584.0,0.0,1.9987373737373737,149340.0,146196.0,2620.0,1225148505.0,1199355531.0,21494305.0,489.6401559032353,1000.0,1584.0,3254564.0,1.9987373737373737
860,0.0,262.0,0.0,0.0,2149334.5,0.0,922.6218610020745,1000.0,1584.0,43.0,0.9993686868686869,149340.0,146720.0,2620.0,1225148505.0,1203654200.0,21494305.0,491.1593899562138,1000.0,1584.0,3277096.0,0.0
861,0.0,262.0,0.0,0.0,2149334.5,0.0,922.6218610020745,1000.0,1584.0,43.0,0.0,149340.0,146720.0,2620.0,1225148505.0,1203654200.0,21494305.0,491.1593899562138,1000.0,1584.0,3277096.0,0.0
862,0.0,0.0,0.0,0.0,0.0,0.0,0.0,1000.0,1584.0,0.0,0.0,149340.0,146720.0,2620.0,1225148505.0,1203654200.0,21494305.0,491.1593899562138,1000.0,1584.0,3277096.0,0.0
863,0.0,0.0,0.0,0.0,0.0,0.0,0.0,1000.0,1584.0,0.0,0.0,149340.0,146720.0,2620.0,1225148505.0,1203654200.0,21494305.0,491.1593899562138,1000.0,1584.0,3277096.0,0.0
864,0.0,0.0,0.0,0.0,0.0,0.0,0.0,1000.0,1584.0,0.0,0.0,149340.0,146720.0,2620.0,1225148505.0,1203654200.0,21494305.0,491.1593899562138,1000.0,1584.0,3277096.0,0.0
865,0.0,0.0,0.0,0.0,0.0,0.0,0.0,1000.0,1584.0,0.0,0.0,149340.0,146720.0,2620.0,1225148505.0,1203654200.0,21494305.0,491.1593899562138,1000.0,1584.0,3277096.0,0.0
866,0.0,0.0,0.0,0.0,0.0,0.0,0.0,1000.0,1584.0,0.0,0.0,149340.0,146720.0,2620.0,1225148505.0,1203654200.0,21494305.0,491.1593899562138,1000.0,1584.0,3277096.0,0.0
867,0.0,0.0,0.0,0.0,0.0,0.0,0.0,1000.0,1584.0,0.0,0.0,149340.0,146720.0,2620.0,1225148505.0,1203654200.0,21494305.0,491.1593899562138,1000.0,1584.0,3277096.0,0.0
868,0.0,0.0,0.0,0.0,0.0,0.0,0.0,1000.0,1584.0,0.0,0.0,149340.0,146720.0,2620.0,1225148505.0,1203654200.0,21494305.0,491.1593899562138,1000.0,1584.0,3277096.0,0.0
869,0.0,0.0,0.0,0.0,0.0,0.0,0.0,1000.0,1584.0,0.0,0.0,149340.0,146720.0,2620.0,1225148505.0,1203654200.0,21494305.0,491.1593899562138,1000.0,1584.0,3277096.0,0.0
870,0.0,0.0,0.0,0.0,0.0,0.0,0.0,1000.0,1584.0,0.0,0.0,149340.0,146720.0,2620.0,1225148505.0,1203654200.0,21494305.0,491.1593899562138,1000.0,1584.0,3277096.0,0.0
871,0.0,0.0,0.0,0.0,0.0,0.0,0.0,1000.0,1584.0,0.0,0.0,149340.0,146720.0,2620.0,1225148505.0,1203654200.0,21494305.0,491.1593899562138,1000.0,1584.0,3277096.0,0.0
872,0.0,0.0,0.0,0.0,0.0,0.0,0.0,1000.0,1584.0,0.0,0.0,149340.0,146720.0,2620.0,1225148505.0,1203654200.0,21494305.0,491.1593899562138,1000.0,1584.0,3277096.0,0.0
873,0.0,0.0,0.0,0.0,0.0,0.0,0.0,1000.0,1584.0,0.0,0.0,149340.0,146720.0,2620.0,1225148505.0,1203654200.0,21494305.0,491.1593899562138,1000.0,1584.0,3277096.0,0.0
874,0.0,0.0,0.0,0.0,0.0,0.0,0.0,1000.0,1584.0,0.0,0.0,149340.0,146720.0,2620.0,1225148505.0,1203654200.0,21494305.0,491.1593899562138,1000.0,1584.0,3277096.0,0.0
875,0.0,0.0,0.0,0.0,0.0,0.0,0.0,1000.0,1584.0,0.0,0.0,149340.0,146720.0,2620.0,1225148505.0,1203654200.0,21494305.0,491.1593899562138,1000.0,1584.0,3277096.0,0.0
876,0.0,0.0,0.0,0.0,0.0,0.0,0.0,1000.0,1584.0,0.0,0.0,149340.0,146720.0,2620.0,1225148505.0,1203654200.0,21494305.0,491.1593899562138,1000.0,1584.0,3277096.0,0.0
877,0.0,0.0,0.0,0.0,0.0,0.0,0.0,1000.0,1584.0,0.0,0.0,149340.0,146720.0,2620.0,1225148505.0,1203654200.0,21494305.0,491.1593899562138,1000.0,1584.0,3277096.0,0.0
878,0.0,0.0,0.0,0.0,0.0,0.0,0.0,1000.0,1584.0,0.0,0.0,149340.0,146720.0,2620.0,1225148505.0,1203654200.0,21494305.0,491.1593899562138,1000.0,1584.0,3277096.0,0.0
879,0.0,0.0,0.0,0.0,0.0,0.0,0.0,1000.0,1584.0,0.0,0.0,149340.0,146720.0,2620.0,1225148505.0,1203654200.0,21494305.0,491.1593899562138,1000.0,1584.0,3277096.0,0.0
880,0.0,0.0,0.0,0.0,0.0,0.0,0.0,1000.0,1584.0,0.0,0.0,149340.0,146720.0,2620.0,1225148505.0,1203654200.0,21494305.0,491.1593899562138,1000.0,1584.0,3277096.0,0.0
881,0.0,0.0,0.0,0.0,0.0,0.0,0.0,1000.0,1584.0,0.0,0.0,149340.0,146720.0,2620.0,1225148505.0,1203654200.0,21494305.0,491.1593899562138,1000.0,1584.0,3277096.0,0.0
882,0.0,0.0,0.0,0.0,0.0,0.0,0.0,1000.0,1584.0,0.0,0.0,149340.0,146720.0,2620.0,1225148505.0,1203654200.0,21494305.0,491.1593899562138,1000.0,1584.0,3277096.0,0.0
883,0.0,0.0,0.0,0.0,0.0,0.0,0.0,1000.0,1584.0,0.0,0.0,149340.0,146720.0,2620.0,1225148505.0,1203654200.0,21494305.0,491.1593899562138,1000.0,1584.0,3277096.0,0.0
884,0.0,0.0,0.0,0.0,0.0,0.0,0.0,1000.0,1584.0,0.0,0.0,149340.0,146720.0,2620.0,1225148505.0,1203654200.0,21494305.0,491.1593899562138,1000.0,1584.0,3277096.0,0.0
885,0.0,0.0,0.0,0.0,0.0,0.0,0.0,1000.0,1584.0,0.0,0.0,149340.0,146720.0,2620.0,1225148505.0,1203654200.0,21494305.0,491.1593899562138,1000.0,1584.0,3277096.0,0.0
886,0.0,0.0,0.0,0.0,0.0,0.0,0.0,1000.0,1584.0,0.0,0.0,149340.0,146720.0,2620.0,1225148505.0,1203654200.0,21494305.0,491.1593899562138,1000.0,1584.0,3277096.0,0.0
887,0.0,0.0,0.0,0.0,0.0,0.0,0.0,1000.0,1584.0,0.0,0.0,149340.0,146720.0,2620.0,1225148505.0,1203654200.0,21494305.0,491.1593899562138,1000.0,1584.0,3277096.0,0.0
888,0.0,0.0,0.0,0.0,0.0,0.0,0.0,1000.0,1584.0,0.0,0.0,149340.0,146720.0,2620.0,1225148505.0,1203654200.0,21494305.0,491.1593899562138,1000.0,1584.0,3277096.0,0.0
889,0.0,0.0,0.0,0.0,0.0,0.0,0.0,1000.0,1584.0,0.0,0.0,149340.0,146720.0,2620.0,1225148505.0,1203654200.0,21494305.0,491.1593899562138,1000.0,1584.0,3277096.0,0.0
890,0.0,0.0,0.0,0.0,0.0,0.0,0.0,1000.0,1584.0,0.0,0.0,149340.0,146720.0,2620.0,1225148505.0,1203654200.0,21494305.0,491.1593899562138,1000.0,1584.0,3277096.0,0.0
891,0.0,0.0,0.0,0.0,0.0,0.0,0.0,1000.0,1584.0,0.0,0.0,149340.0,146720.0,2620.0,1225148505.0,1203654200.0,21494305.0,491.1593899562138,1000.0,1584.0,3277096.0,0.0
892,0.0,0.0,0.0,0.0,0.0,0.0,0.0,1000.0,1584.0,0.0,0.0,149340.0,146720.0,2620.0,1225148505.0,1203654200.0,21494305.0,491.1593899562138,1000.0,1584.0,3277096.0,0.0
893,0.0,0.0,0.0,0.0,0.0,0.0,0.0,1000.0,1584.0,0.0,0.0,149340.0,146720.0,2620.0,1225148505.0,1203654200.0,21494305.0,491.1593899562138,1000.0,1584.0,3277096.0,0.0
894,0.0,0.0,0.0,0.0,0.0,0.0,0.0,1000.0,1584.0,0.0,0.0,149340.0,146720.0,2620.0,1225148505.0,1203654200.0,21494305.0,491.1593899562138,1000.0,1584.0,3277096.0,0.0
895,0.0,0.0,0.0,0.0,0.0,0.0,0.0,1000.0,1584.0,0.0,0.0,149340.0,146720.0,2620.0,1225148505.0,1203654200.0,21494305.0,491.1593899562138,1000.0,1584.0,3277096.0,0.0
896,0.0,0.0,0.0,0.0,0.0,0.0,0.0,1000.0,1584.0,0.0,0.0,149340.0,146720.0,2620.0,1225148505.0,1203654200.0,21494305.0,491.1593899562138,1000.0,1584.0,3277096.0,0.0
897,0.0,0.0,0.0,0.0,0.0,0.0,0.0,1000.0,1584.0,0.0,0.0,149340.0,146720.0,2620.0,1225148505.0,1203654200.0,21494305.0,491.1593899562138,1000.0,1584.0,3277096.0,0.0
898,0.0,0.0,0.0,0.0,0.0,0.0,0.0,1000.0,1584.0,0.0,0.0,149340.0,146720.0,2620.0,1225148505.0,1203654200.0,21494305.0,491.1593899562138,1000.0,1584.0,3277096.0,0.0
899,0.0,0.0,0.0,0.0,0.0,0.0,0.0,1000.0,1584.0,0.0,0.0,149340.0,146720.0,2620.0,1225148505.0,1203654200.0,21494305.0,491.1593899562138,1000.0,1584.0,3277096.0,0.0
900,0.0,0.0,0.0,0.0,0.0,0.0,0.0,1000.0,1584.0,0.0,0.0,149340.0,146720.0,2620.0,1225148505.0,1203654200.0,21494305.0,491.1593899562138,1000.0,1584.0,3277096.0,0.0
901,0.0,0.0,0.0,0.0,0.0,0.0,0.0,1000.0,1584.0,0.0,0.0,149340.0,146720.0,2620.0,1225148505.0,1203654200.0,21494305.0,491.1593899562138,1000.0,1584.0,3277096.0,0.0
902,0.0,0.0,0.0,0.0,0.0,0.0,0.0,1000.0,1584.0,0.0,0.0,149340.0,146720.0,2620.0,1225148505.0,1203654200.0,21494305.0,491.1593899562138,1000.0,1584.0,3277096.0,0.0
903,0.0,0.0,0.0,0.0,0.0,0.0,0.0,1000.0,1584.0,0.0,0.0,149340.0,146720.0,2620.0,1225148505.0,1203654200.0,21494305.0,491.1593899562138,1000.0,1584.0,3277096.0,0.0
904,0.0,0.0,0.0,0.0,0.0,0.0,0.0,1000.0,1584.0,0.0,0.0,149340.0,146720.0,2620.0,1225148505.0,1203654200.0,21494305.0,491.1593899562138,1000.0,1584.0,3277096.0,0.0
905,0.0,0.0,0.0,0.0,0.0,0.0,0.0,1000.0,1584.0,0.0,0.0,149340.0,146720.0,2620.0,1225148505.0,1203654200.0,21494305.0,491.1593899562138,1000.0,1584.0,3277096.0,0.0
906,0.0,0.0,0.0,0.0,0.0,0.0,0.0,1000.0,1584.0,0.0,0.0,149340.0,146720.0,2620.0,1225148505.0,1203654200.0,21494305.0,491.1593899562138,1000.0,1584.0,3277096.0,0.0
907,0.0,0.0,0.0,0.0,0.0,0.0,0.0,1000.0,1584.0,0.0,0.0,149340.0,146720.0,2620.0,1225148505.0,1203654200.0,21494305.0,491.1593899562138,1000.0,1584.0,3277096.0,0.0
908,0.0,0.0,0.0,0.0,0.0,0.0,0.0,1000.0,1584.0,0.0,0.0,149340.0,146720.0,2620.0,1225148505.0,1203654200.0,21494305.0,491.1593899562138,1000.0,1584.0,3277096.0,0.0
909,0.0,0.0,0.0,0.0,0.0,0.0,0.0,1000.0,1584.0,0.0,0.0,149340.0,146720.0,2620.0,1225148505.0,1203654200.0,21494305.0,491.1593899562138,1000.0,1584.0,3277096.0,0.0
910,0.0,0.0,0.0,0.0,0.0,0.0,0.0,1000.0,1584.0,0.0,0.0,149340.0,146720.0,2620.0,1225148505.0,1203654200.0,21494305.0,491.1593899562138,1000.0,1584.0,3277096.0,0.0
911,0.0,0.0,0.0,0.0,0.0,0.0,0.0,1000.0,1584.0,0.0,0.0,149340.0,146720.0,2620.0,1225148505.0,1203654200.0,21494305.0,491.1593899562138,1000.0,1584.0,3277096.0,0.0
912,0.0,0.0,0.0,0.0,0.0,0.0,0.0,1000.0,1584.0,0.0,0.0,149340.0,146720.0,2620.0,1225148505.0,1203654200.0,21494305.0,491.1593899562138,1000.0,1584.0,3277096.0,0.0
913,0.0,0.0,0.0,0.0,0.0,0.0,0.0,1000.0,1584.0,0.0,0.0,149340.0,146720.0,2620.0,1225148505.0,1203654200.0,21494305.0,491.1593899562138,1000.0,1584.0,3277096.0,0.0
914,0.0,0.0,0.0,0.0,0.0,0.0,0.0,1000.0,1584.0,0.0,0.0,149340.0,146720.0,2620.0,1225148505.0,1203654200.0,21494305.0,491.1593899562138,1000.0,1584.0,3277096.0,0.0
915,0.0,0.0,0.0,0.0,0.0,0.0,0.0,1000.0,1584.0,0.0,0.0,149340.0,146720.0,2620.0,1225148505.0,1203654200.0,21494305.0,491.1593899562138,1000.0,1584.0,3277096.0,0.0
916,0.0,0.0,0.0,0.0,0.0,0.0,0.0,1000.0,1584.0,0.0,0.0,149340.0,146720.0,2620.0,1225148505.0,1203654200.0,21494305.0,491.1593899562138,1000.0,1584.0,3277096.0,0.0
917,0.0,0.0,0.0,0.0,0.0,0.0,0.0,1000.0,1584.0,0.0,0.0,149340.0,146720.0,2620.0,1225148505.0,1203654200.0,21494305.0,491.1593899562138,1000.0,1584.0,3277096.0,0.0
918,0.0,0.0,0.0,0.0,0.0,0.0,0.0,1000.0,1584.0,0.0,0.0,149340.0,146720.0,2620.0,1225148505.0,1203654200.0,21494305.0,491.1593899562138,1000.0,1584.0,3277096.0,0.0
919,0.0,0.0,0.0,0.0,0.0,0.0,0.0,1000.0,1584.0,0.0,0.0,149340.0,146720.0,2620.0,1225148505.0,1203654200.0,21494305.0,491.1593899562138,1000.0,1584.0,3277096.0,0.0
920,1310.0,0.0,0.0,10747152.5,0.0,0.0,0.0,1000.0,1584.0,0.0,0.0,151960.0,146720.0,2620.0,1246642810.0,1203654200.0,21494305.0,491.1593899562138,1000.0,1584.0,3277096.0,0.0
921,1310.0,0.0,0.0,10747152.5,0.0,0.0,0.0,1000.0,1584.0,0.0,0.9987373737373739,151960.0,146720.0,2620.0,1246642810.0,1203654200.0,21494305.0,491.1593899562138,1000.0,1584.0,3277096.0,1.9974747474747478
922,0.0,0.0,0.0,0.0,0.0,0.0,0.0,1000.0,1584.0,0.0,1.9968434343434347,151960.0,146720.0,2620.0,1246642810.0,1203654200.0,21494305.0,491.1593899562138,1000.0,1584.0,3277096.0,1.9962121212121213
923,0.0,786.0,0.0,0.0,6448291.5,0.0,301.39982483628097,1000.0,1584.0,14.0,1.9968434343434345,151960.0,148292.0,2620.0,1246642810.0,1216550783.0,21494305.0,489.1827278195478,1000.0,1584.0,3299104.0,1.9974747474747476
924,0.0,1048.0,0.0,0.0,8597722.0,0.0,372.89979405907144,1000.0,1584.0,17.5,0.9987373737373738,151960.0,148816.0,2620.0,1246642810.0,1220849644.0,21494305.0,489.5225789403362,1000.0,1584.0,3313776.0,0.0
925,0.0,524.0,0.0,0.0,4298861.0,0.0,599.5585721549993,1000.0,1584.0,33.5,0.0,151960.0,149340.0,2620.0,1246642810.0,1225148505.0,21494305.0,489.9439405391026,1000.0,1584.0,3334212.0,0.0
926,0.0,262.0,0.0,0.0,2149430.5,0.0,611.7174425825559,1000.0,1584.0,39.0,0.0,151960.0,149340.0,2620.0,1246642810.0,1225148505.0,21494305.0,489.9439405391026,1000.0,1584.0,3334212.0,0.0
927,0.0,0.0,0.0,0.0,0.0,0.0,0.0,1000.0,1584.0,0.0,0.0,151960.0,149340.0,2620.0,1246642810.0,1225148505.0,21494305.0,489.9439405391026,1000.0,1584.0,3334212.0,0.0
928,0.0,0.0,0.0,0.0,0.0,0.0,0.0,1000.0,1584.0,0.0,0.0,151960.0,149340.0,2620.0,1246642810.0,1225148505.0,21494305.0,489.9439405391026,1000.0,1584.0,3334212.0,0.0
929,0.0,0.0,0.0,0.0,0.0,0.0,0.0,1000.0,1584.0,0.0,0.0,151960.0,149340.0,2620.0,1246642810.0,1225148505.0,21494305.0,489.9439405391026,1000.0,1584.0,3334212.0,0.0
930,0.0,0.0,0.0,0.0,0.0,0.0,0.0,1000.0,1584.0,0.0,0.0,151960.0,149340.0,2620.0,1246642810.0,1225148505.0,21494305.0,489.9439405391026,1000.0,1584.0,3334212.0,0.0
931,0.0,0.0,0.0,0.0,0.0,0.0,0.0,1000.0,1584.0,0.0,0.0,151960.0,149340.0,2620.0,1246642810.0,1225148505.0,21494305.0,489.9439405391026,1000.0,1584.0,3334212.0,0.0
932,262.0,0.0,0.0,2149334.5,0.0,0.0,0.0,1000.0,1584.0,0.0,0.9993686868686869,152484.0,149340.0,2620.0,1250941479.0,1225148505.0,21494305.0,489.9439405391026,1000.0,1584.0,3334212.0,1.9987373737373737
933,262.0,0.0,0.0,2149334.5,0.0,0.0,0.0,1000.0,1584.0,0.0,1.9987373737373737,152484.0,149340.0,2620.0,1250941479.0,1225148505.0,21494305.0,489.9439405391026,1000.0,1584.0,3334212.0,1.9987373737373737
934,0.0,0.0,0.0,0.0,0.0,0.0,0.0,1000.0,1584.0,0.0,1.9987373737373737,152484.0,149340.0,2620.0,1250941479.0,1225148505.0,21494305.0,489.9439405391026,1000.0,1584.0,3334212.0,1.9987373737373737
935,0.0,0.0,0.0,0.0,0.0,0.0,0.0,1000.0,1584.0,0.0,1.9987373737373737,152484.0,149340.0,2620.0,1250941479.0,1225148505.0,21494305.0,489.9439405391026,1000.0,1584.0,3334212.0,1.9987373737373737
936,262.0,0.0,0.0,2149334.5,0.0,0.0,0.0,1000.0,1584.0,0.0,1.9987373737373737,153008.0,149340.0,2620.0,1255240148.0,1225148505.0,21494305.0,489.9439405391026,1000.0,1584.0,3334212.0,1.9987373737373737
937,524.0,0.0,0.0,4298669.0,0.0,0.0,0.0,1000.0,1584.0,0.0,1.9987373737373737,153532.0,149340.0,2620.0,1259538817.0,1225148505.0,21494305.0,489.9439405391026,1000.0,1584.0,3334212.0,1.9987373737373737
938,786.0,0.0,0.0,6448003.5,0.0,0.0,0.0,1000.0,1584.0,0.0,1.9974747474747478,154580.0,149340.0,2620.0,1268136155.0,1225148505.0,21494305.0,489.9439405391026,1000.0,1584.0,3334212.0,1.996212121212122
939,524.0,262.0,0.0,4298669.0,2149334.5,0.0,630.4365485520789,1000.0,1584.0,39.0,1.995580808080808,154580.0,149864.0,2620.0,1268136155.0,1229447174.0,21494305.0,490.4267330065012,1000.0,1584.0,3354648.0,1.9949494949494941
940,0.0,524.0,0.0,0.0,4298669.0,0.0,462.5927478274022,1000.0,1584.0,25.0,1.995580808080808,154580.0,150388.0,2620.0,1268136155.0,1233745843.0,21494305.0,489.7566036027211,1000.0,1584.0,3360412.0,1.9962121212121215
941,0.0,1048.0,0.0,0.0,8597338.0,0.0,370.77372770517474,1000.0,1584.0,17.25,0.9981060606060608,154580.0,151960.0,2620.0,1268136155.0,1246641850.0,21494305.0,488.80431937529687,1000.0,1584.0,3390804.0,0.0
942,0.0,786.0,0.0,0.0,6448003.5,0.0,396.1153212393245,1000.0,1584.0,19.333333333333332,0.0,154580.0,151960.0,2620.0,1268136155.0,1246641850.0,21494305.0,488.80431937529687,1000.0,1584.0,3390804.0,0.0
943,1310.0,0.0,0.0,10747152.5,0.0,0.0,0.0,1000.0,1584.0,0.0,0.0,157200.0,151960.0,2620.0,1289630460.0,1246641850.0,21494305.0,488.80431937529687,1000.0,1584.0,3390804.0,0.0
944,1310.0,0.0,0.0,10747152.5,0.0,0.0,0.0,1000.0,1584.0,0.0,0.9981060606060603,157200.0,151960.0,2620.0,1289630460.0,1246641850.0,21494305.0,488.80431937529687,1000.0,1584.0,3390804.0,1.9962121212121207
945,0.0,262.0,0.0,0.0,2149430.5,0.0,247.27256988520043,1000.0,1584.0,6.0,1.9968434343434343,157200.0,152484.0,2620.0,1289630460.0,1250940711.0,21494305.0,487.9883337351272,1000.0,1584.0,3393948.0,1.9974747474747476
946,0.0,524.0,0.0,0.0,4298861.0,0.0,246.6243889918857,1000.0,1584.0,9.5,1.9968434343434343,157200.0,153008.0,2620.0,1289630460.0,1255239572.0,21494305.0,487.17347809325065,1000.0,1584.0,3400760.0,1.996212121212121
947,0.0,262.0,0.0,0.0,2149430.5,0.0,245.97620809857094,1000.0,1584.0,13.0,1.9962121212121213,157200.0,153008.0,2620.0,1289630460.0,1255239572.0,21494305.0,487.17347809325065,1000.0,1584.0,3400760.0,1.9962121212121215
948,0.0,0.0,0.0,0.0,0.0,0.0,0.0,1000.0,1584.0,0.0,1.9962121212121215,157200.0,153008.0,2620.0,1289630460.0,1255239572.0,21494305.0,487.17347809325065,1000.0,1584.0,3400760.0,1.9962121212121215
949,0.0,262.0,0.0,0.0,2149430.5,0.0,605.6270181882954,1000.0,1584.0,38.0,1.9968434343434347,157200.0,153532.0,2620.0,1289630460.0,1259538433.0,21494305.0,487.57097319424076,1000.0,1584.0,3420672.0,1.9974747474747476
950,0.0,524.0,0.0,0.0,4298861.0,0.0,630.4343985638353,1000.0,1584.0,36.5,1.9981060606060606,157200.0,154056.0,2620.0,1289630460.0,1263837294.0,21494305.0,488.13174511980975,1000.0,1584.0,3439012.0,1.9987373737373737
951,262.0,262.0,0.0,2149334.5,2149430.5,0.0,655.2417789393751,1000.0,1584.0,35.0,1.9981060606060606,157724.0,154056.0,2620.0,1293929129.0,1263837294.0,21494305.0,488.13174511980975,1000.0,1584.0,3439012.0,1.9974747474747474
952,524.0,262.0,0.0,4298669.0,2149334.5,0.0,256.0723683063264,1000.0,1584.0,7.0,1.9974747474747474,158248.0,154580.0,2620.0,1298227798.0,1268135963.0,21494305.0,487.3582138637648,1000.0,1584.0,3442680.0,1.9974747474747474
953,262.0,262.0,0.0,2149334.5,2149334.5,0.0,256.0723683063264,1000.0,1584.0,7.0,1.9974747474747478,158248.0,154580.0,2620.0,1298227798.0,1268135963.0,21494305.0,487.3582138637648,1000.0,1584.0,3442680.0,1.997474747474748
954,0.0,0.0,0.0,0.0,0.0,0.0,0.0,1000.0,1584.0,0.0,1.9974747474747478,158248.0,154580.0,2620.0,1298227798.0,1268135963.0,21494305.0,487.3582138637648,1000.0,1584.0,3442680.0,1.9974747474747474
955,0.0,0.0,0.0,0.0,0.0,0.0,0.0,1000.0,1584.0,0.0,1.9974747474747474,158248.0,154580.0,2620.0,1298227798.0,1268135963.0,21494305.0,487.3582138637648,1000.0,1584.0,3442680.0,1.9974747474747474
956,524.0,0.0,0.0,4298669.0,0.0,0.0,0.0,1000.0,1584.0,0.0,1.9968434343434345,159296.0,154580.0,2620.0,1306825136.0,1268135963.0,21494305.0,487.3582138637648,1000.0,1584.0,3442680.0,1.9962121212121215
957,524.0,262.0,0.0,4298669.0,2149430.5,0.0,630.2419952988095,1000.0,1584.0,41.0,1.9955808080808082,159296.0,155104.0,2620.0,1306825136.0,1272434824.0,21494305.0,487.83291081205334,1000.0,1584.0,3464164.0,1.9949494949494948
958,0.0,262.0,0.0,0.0,2149430.5,0.0,630.2419952988095,1000.0,1584.0,41.0,1.9955808080808082,159296.0,155104.0,2620.0,1306825136.0,1272434824.0,21494305.0,487.83291081205334,1000.0,1584.0,3464164.0,1.9962121212121215
959,0.0,0.0,0.0,0.0,0.0,0.0,0.0,1000.0,1584.0,0.0,1.9968434343434347,159296.0,155104.0,2620.0,1306825136.0,1272434824.0,21494305.0,487.83291081205334,1000.0,1584.0,3464164.0,1.9974747474747478
960,0.0,262.0,0.0,0.0,2149334.5,0.0,258.11101327462364,1000.0,1584.0,14.0,1.9974747474747474,159296.0,155628.0,2620.0,1306825136.0,1276733493.0,21494305.0,487.072242277161,1000.0,1584.0,3471500.0,1.9974747474747472
961,262.0,524.0,0.0,2149334.5,4298669.0,0.0,440.65325820361727,1000.0,1584.0,26.5,1.9974747474747472,159820.0,156152.0,2620.0,1311123805.0,1281032162.0,21494305.0,487.5214939631526,1000.0,1584.0,3491936.0,1.9974747474747472
962,262.0,524.0,0.0,2149334.5,4298669.0,0.0,643.1992472093834,1000.0,1584.0,37.5,1.9974747474747474,159820.0,156676.0,2620.0,1311123805.0,1285330831.0,21494305.0,488.09939362539916,1000.0,1584.0,3510800.0,1.9974747474747478
963,0.0,524.0,0.0,0.0,4298669.0,0.0,652.9500337334055,1000.0,1584.0,38.0,0.9987373737373739,159820.0,157200.0,2620.0,1311123805.0,1289629500.0,21494305.0,488.6062712731213,1000.0,1584.0,3531760.0,0.0
964,0.0,262.0,0.0,0.0,2149334.5,0.0,642.697076180655,1000.0,1584.0,40.0,0.0,159820.0,157200.0,2620.0,1311123805.0,1289629500.0,21494305.0,488.6062712731213,1000.0,1584.0,3531760.0,0.0
965,0.0,0.0,0.0,0.0,0.0,0.0,0.0,1000.0,1584.0,0.0,0.0,159820.0,157200.0,2620.0,1311123805.0,1289629500.0,21494305.0,488.6062712731213,1000.0,1584.0,3531760.0,0.0
966,1310.0,0.0,0.0,10747152.5,0.0,0.0,0.0,1000.0,1584.0,0.0,0.9987373737373735,162440.0,157200.0,2620.0,1332618110.0,1289629500.0,21494305.0,488.6062712731213,1000.0,1584.0,3531760.0,1.997474747474747
967,1310.0,0.0,0.0,10747152.5,0.0,0.0,0.0,1000.0,1584.0,0.0,1.997474747474747,162440.0,157200.0,2620.0,1332618110.0,1289629500.0,21494305.0,488.6062712731213,1000.0,1584.0,3531760.0,1.9974747474747467
968,0.0,0.0,0.0,0.0,0.0,0.0,0.0,1000.0,1584.0,0.0,1.9955808080808077,162440.0,157200.0,2620.0,1332618110.0,1289629500.0,21494305.0,488.6062712731213,1000.0,1584.0,3531760.0,1.9936868686868687
969,0.0,0.0,0.0,0.0,0.0,0.0,0.0,1000.0,1584.0,0.0,1.9943181818181817,162440.0,157200.0,2620.0,1332618110.0,1289629500.0,21494305.0,488.6062712731213,1000.0,1584.0,3531760.0,1.9949494949494948
970,0.0,524.0,0.0,0.0,4298861.0,0.0,470.5530926642527,1000.0,1584.0,26.5,1.995580808080808,162440.0,158248.0,2620.0,1332618110.0,1298227222.0,21494305.0,488.488660989025,1000.0,1584.0,3559532.0,1.9962121212121213
971,0.0,524.0,0.0,0.0,4298861.0,0.0,470.5530926642527,1000.0,1584.0,26.5,1.9968434343434343,162440.0,158248.0,2620.0,1332618110.0,1298227222.0,21494305.0,488.488660989025,1000.0,1584.0,3559532.0,1.9974747474747472
972,0.0,262.0,0.0,0.0,2149430.5,0.0,667.8861269783606,1000.0,1584.0,31.0,1.9981060606060606,162440.0,158772.0,2620.0,1332618110.0,1302526083.0,21494305.0,489.0711202941856,1000.0,1584.0,3575776.0,1.9987373737373737
973,262.0,262.0,0.0,2149334.5,2149430.5,0.0,667.8861269783606,1000.0,1584.0,31.0,1.9974747474747476,162964.0,158772.0,2620.0,1336916779.0,1302526083.0,21494305.0,489.0711202941856,1000.0,1584.0,3575776.0,1.9962121212121215
974,262.0,524.0,0.0,2149334.5,4298861.0,0.0,723.1286269018035,1000.0,1584.0,39.5,1.9974747474747476,162964.0,159820.0,2620.0,1336916779.0,1311123805.0,21494305.0,490.5811687239122,1000.0,1584.0,3617172.0,1.9987373737373737
975,0.0,786.0,0.0,0.0,6448195.5,0.0,623.1020726907236,1000.0,1584.0,37.0,1.9987373737373737,162964.0,160344.0,2620.0,1336916779.0,1315422474.0,21494305.0,490.3640233719657,1000.0,1584.0,3633940.0,1.9987373737373737
976,262.0,262.0,0.0,2149334.5,2149334.5,0.0,423.0489642685638,1000.0,1584.0,32.0,1.9987373737373737,163488.0,160344.0,2620.0,1341215448.0,1315422474.0,21494305.0,490.3640233719657,1000.0,1584.0,3633940.0,1.9987373737373737
977,262.0,0.0,0.0,2149334.5,0.0,0.0,0.0,1000.0,1584.0,0.0,1.9987373737373737,163488.0,160344.0,2620.0,1341215448.0,1315422474.0,21494305.0,490.3640233719657,1000.0,1584.0,3633940.0,1.9987373737373737
978,262.0,0.0,0.0,2149334.5,0.0,0.0,0.0,1000.0,1584.0,0.0,1.9987373737373737,164012.0,160344.0,2620.0,1345514117.0,1315422474.0,21494305.0,490.3640233719657,1000.0,1584.0,3633940.0,1.9987373737373737
979,332.5,0.0,0.0,2725305.0,0.0,0.0,0.0,1000.0,1584.0,0.0,1.9987373737373737,164536.0,160344.0,2620.0,1349812786.0,1315422474.0,21494305.0,490.3640233719657,1000.0,1584.0,3633940.0,1.9987373737373737
980,524.0,0.0,0.0,4298669.0,0.0,0.0,0.0,1000.0,1584.0,0.0,1.995580808080808,165060.0,160344.0,2620.0,1354111455.0,1315422474.0,21494305.0,490.3640233719657,1000.0,1584.0,3633940.0,1.9924242424242424
981,262.0,0.0,0.0,2149334.5,0.0,0.0,0.0,1000.0,1584.0,0.0,1.9930555555555556,165060.0,160344.0,2620.0,1354111455.0,1315422474.0,21494305.0,490.3640233719657,1000.0,1584.0,3633940.0,1.9936868686868687
982,0.0,0.0,0.0,0.0,0.0,0.0,0.0,1000.0,1584.0,0.0,1.9936868686868683,165060.0,160344.0,2620.0,1354111455.0,1315422474.0,21494305.0,490.3640233719657,1000.0,1584.0,3633940.0,1.9936868686868678
983,0.0,262.0,0.0,0.0,2149334.5,0.0,520.7214296976583,1000.0,1584.0,21.0,1.9949494949494948,165060.0,160868.0,2620.0,1354111455.0,1319721143.0,21494305.0,490.46132275121465,1000.0,1584.0,3644944.0,1.996212121212122
984,0.0,786.0,0.0,0.0,6448003.5,0.0,674.7495415725417,1000.0,1584.0,30.333333333333332,1.996843434343435,165060.0,161916.0,2620.0,1354111455.0,1328318481.0,21494305.0,492.1256684503157,1000.0,1584.0,3681624.0,1.9974747474747478
985,0.0,786.0,0.0,0.0,6448003.5,0.0,750.4730958414171,1000.0,1584.0,36.0,0.9987373737373739,165060.0,162440.0,2620.0,1354111455.0,1332617150.0,21494305.0,492.9376253520747,1000.0,1584.0,3701536.0,0.0
986,0.0,262.0,0.0,0.0,2149334.5,0.0,747.8920925042845,1000.0,1584.0,38.0,0.0,165060.0,162440.0,2620.0,1354111455.0,1332617150.0,21494305.0,492.9376253520747,1000.0,1584.0,3701536.0,0.0
987,0.0,0.0,0.0,0.0,0.0,0.0,0.0,1000.0,1584.0,0.0,0.0,165060.0,162440.0,2620.0,1354111455.0,1332617150.0,21494305.0,492.9376253520747,1000.0,1584.0,3701536.0,0.0
988,1310.0,0.0,0.0,10747152.5,0.0,0.0,0.0,1000.0,1584.0,0.0,0.9981060606060604,167680.0,162440.0,2620.0,1375605760.0,1332617150.0,21494305.0,492.9376253520747,1000.0,1584.0,3701536.0,1.9962121212121209
989,1310.0,0.0,0.0,10747152.5,0.0,0.0,0.0,1000.0,1584.0,0.0,1.9962121212121207,167680.0,162440.0,2620.0,1375605760.0,1332617150.0,21494305.0,492.9376253520747,1000.0,1584.0,3701536.0,1.9962121212121202
990,0.0,262.0,0.0,0.0,2149430.5,0.0,311.0254157875012,1000.0,1584.0,6.0,1.9955808080808075,167680.0,162964.0,2620.0,1375605760.0,1336916011.0,21494305.0,492.3619538028187,1000.0,1584.0,3704680.0,1.9949494949494946
991,0.0,262.0,0.0,0.0,2149430.5,0.0,311.0254157875012,1000.0,1584.0,6.0,1.9968434343434343,167680.0,162964.0,2620.0,1375605760.0,1336916011.0,21494305.0,492.3619538028187,1000.0,1584.0,3704680.0,1.9987373737373737
992,0.0,262.0,0.0,0.0,2149430.5,0.0,483.2511448660644,1000.0,1584.0,32.0,1.9974747474747476,167680.0,163488.0,2620.0,1375605760.0,1341214872.0,21494305.0,492.3332130806208,1000.0,1584.0,3721448.0,1.9962121212121215
993,0.0,524.0,0.0,0.0,4298861.0,0.0,628.1388910003919,1000.0,1584.0,36.5,1.9962121212121215,167680.0,164012.0,2620.0,1375605760.0,1345513733.0,21494305.0,493.2158968040622,1000.0,1584.0,3742932.0,1.9962121212121215
994,0.0,262.0,0.0,0.0,2149430.5,0.0,773.0266371347195,1000.0,1584.0,41.0,1.9968434343434347,167680.0,164012.0,2620.0,1375605760.0,1345513733.0,21494305.0,493.2158968040622,1000.0,1584.0,3742932.0,1.9974747474747476
995,262.0,524.0,0.0,2149334.5,4298765.0,0.0,553.7594855675063,1000.0,1584.0,18.0,1.9968434343434343,168204.0,165060.0,2620.0,1379904429.0,1354111263.0,21494305.0,493.59429423383506,1000.0,1584.0,3761796.0,1.996212121212121
996,262.0,786.0,0.0,2149334.5,6448195.5,0.0,638.736292386199,1000.0,1584.0,25.0,0.9981060606060606,168204.0,165584.0,2620.0,1379904429.0,1358410124.0,21494305.0,494.57590050109286,1000.0,1584.0,3782232.0,0.0
997,0.0,262.0,0.0,0.0,2149430.5,0.0,808.6899060235842,1000.0,1584.0,39.0,0.0,168204.0,165584.0,2620.0,1379904429.0,1358410124.0,21494305.0,494.57590050109286,1000.0,1584.0,3782232.0,0.0
