Time,Current_Generated_Packets_Number,Current_Arrived_Packets_Number,Current_Lost_Packets_Number,Current_Generated_Packets_Byte,Current_Arrived_Packets_Byte,Current_Lost_Packets_Byte,Current_Latency,Current_Covered_Users_Number,Current_Operational_Satellite_Number,Current_Hop_Count,Current_Load_Deviation,Total_Generated_Packets_Number,Total_Arrived_Packets_Number,Total_Lost_Packets_Number,Total_Generated_Packets_Byte,Total_Arrived_Packets_Byte,Total_Lost_Packets_Byte,Total_Latency,Total_Covered_Users_Number,Total_Operational_Satellite_Number,Total_Hop_Count,Total_Load_Deviation
0,0.0,0.0,0.0,0.0,0.0,0.0,0.0,0.0,1584.0,0.0,0.0,0.0,0.0,0.0,0.0,0.0,0.0,0.0,0.0,1584.0,0.0,0.0
1,568.0,0.0,500.0,6982424.0,0.0,6146500.0,999.0,500.0,1584.0,0.0,0.8327020202020202,1136.0,0.0,1000.0,13964848.0,0.0,12293000.0,999.0,1000.0,1584.0,0.0,1.6654040404040404
2,1500.0,6.0,500.0,18439500.0,73758.0,6146500.0,989.9376431393619,1000.0,1584.0,4.166666666666667,1.6628787878787876,3000.0,12.0,1000.0,36879000.0,147516.0,12293000.0,989.9376431393621,1000.0,1584.0,50.0,1.660353535353535
3,1432.0,41.5,0.0,17603576.0,510159.5,0.0,336.46197408961206,1000.0,1584.0,6.024096385542169,1.6334555748568487,4000.0,83.0,1000.0,49172000.0,1020319.0,12293000.0,948.2237708674403,1000.0,1584.0,500.0,1.6065576143601623
4,1042.0,195.5,0.0,12809306.0,2403281.5,0.0,443.1299410251875,1000.0,1584.0,8.115089514066495,1.5880342378154784,5084.0,403.0,1000.0,62497612.0,4954079.0,12293000.0,837.5486114026246,1000.0,1584.0,3223.0,1.5695108612707942
5,1000.0,322.0,0.0,12293000.0,3958346.0,0.0,446.6582956818608,1000.0,1584.0,8.76552795031056,1.5465690622225479,6000.0,727.0,1000.0,73758000.0,8937011.0,12293000.0,761.1895114467605,1000.0,1584.0,6145.0,1.5236272631743015
6,958.0,329.0,0.0,11776694.0,4044397.0,0.0,443.58072785489753,1000.0,1584.0,9.838905775075988,1.5185664974238675,7000.0,1061.0,1000.0,86051000.0,13042873.0,12293000.0,711.7694423708901,1000.0,1584.0,9697.0,1.5135057316734335
7,1000.0,420.5,0.0,12293000.0,5169206.5,0.0,480.34635440309813,1000.0,1584.0,11.491082045184305,1.5084277229300287,8000.0,1568.0,1000.0,98344000.0,19275424.0,12293000.0,669.2155647669629,1000.0,1584.0,15809.0,1.5033497141866239
8,871.0,463.5,0.0,10707203.0,5697805.5,0.0,490.4599626016216,1000.0,1584.0,12.207119741100323,1.5076150301946196,8742.0,1988.0,1000.0,107465406.0,24438484.0,12293000.0,643.1101760569302,1000.0,1584.0,21013.0,1.5118803462026156
9,500.0,345.0,0.0,6146500.0,4241085.0,0.0,496.2111473163617,1000.0,1584.0,13.233333333333333,1.5004406269707864,9000.0,2258.0,1000.0,110637000.0,27757594.0,12293000.0,632.5755868538524,1000.0,1584.0,24940.0,1.4890009077389572
10,129.0,135.0,0.0,1585797.0,1659555.0,0.0,515.9927996731218,1000.0,1584.0,14.544444444444444,1.4890009077389572,9000.0,2258.0,1000.0,110637000.0,27757594.0,12293000.0,632.5755868538524,1000.0,1584.0,24940.0,1.4890009077389572
11,367.5,139.5,0.0,4517677.5,1714873.5,0.0,522.5455270095332,1000.0,1584.0,13.835125448028673,1.4890009077389572,9735.0,2537.0,1000.0,119672355.0,31187341.0,12293000.0,623.8963709373799,1000.0,1584.0,28800.0,1.4890009077389572
12,589.0,251.0,0.0,7240577.0,3085543.0,0.0,517.5460976104071,1000.0,1584.0,13.804780876494023,1.4939462162462758,10178.0,2760.0,1000.0,125118154.0,33928680.0,12293000.0,617.2179263218814,1000.0,1584.0,31870.0,1.498891524753594
13,632.5,372.0,0.0,7775322.5,4572996.0,0.0,542.97256414152,1000.0,1584.0,14.881720430107526,1.5061753843049934,11000.0,3281.0,1000.0,135223000.0,40333333.0,12293000.0,609.8325278502224,1000.0,1584.0,39872.0,1.5134592438563927
14,882.5,431.5,56.0,10848572.5,5304429.5,688408.0,627.3464150754907,1000.0,1584.0,17.447276940903823,1.5232547983151816,11944.0,3623.0,1112.0,146827592.0,44537539.0,13669816.0,619.3035179870926,1000.0,1584.0,46927.0,1.5330503527739707
15,500.0,375.0,56.0,6146500.0,4609875.0,688408.0,655.7247881321374,1000.0,1584.0,20.672,1.5260746181732694,12000.0,4031.0,1112.0,147516000.0,49553083.0,13669816.0,617.5243669252793,1000.0,1584.0,55376.0,1.519098883572568
16,28.0,204.0,0.0,344204.0,2507772.0,0.0,596.8766211466303,1000.0,1584.0,20.708333333333332,1.519098883572568,12000.0,4031.0,1112.0,147516000.0,49553083.0,13669816.0,617.5243669252793,1000.0,1584.0,55376.0,1.519098883572568
17,166.0,284.5,0.0,2040638.0,3497358.5,0.0,549.343779104267,1000.0,1584.0,16.152899824253076,1.519098883572568,12332.0,4600.0,1112.0,151597276.0,56547800.0,13669816.0,610.7325681735014,1000.0,1584.0,64567.0,1.519098883572568
18,500.0,475.5,0.0,6146500.0,5845321.5,0.0,556.3540737975125,1000.0,1584.0,15.598317560462672,1.507860638023197,13000.0,4982.0,1112.0,159809000.0,61243726.0,13669816.0,607.9784284998601,1000.0,1584.0,70210.0,1.496622392473826
19,834.0,506.0,0.0,10252362.0,6220258.0,0.0,567.1588085788076,1000.0,1584.0,16.645256916996047,1.4914502669151855,14000.0,5612.0,1112.0,172102000.0,68988316.0,13669816.0,604.1744711018436,1000.0,1584.0,81412.0,1.486278141356545
20,500.0,527.0,0.0,6146500.0,6478411.0,0.0,613.9538261015355,1000.0,1584.0,19.561669829222012,1.4895449452810778,14000.0,6036.0,1112.0,172102000.0,74200548.0,13669816.0,608.8595237813619,1000.0,1584.0,90828.0,1.492811749205611
21,0.0,212.0,0.0,0.0,2606116.0,0.0,683.157387500876,1000.0,1584.0,22.20754716981132,1.492811749205611,14000.0,6036.0,1112.0,172102000.0,74200548.0,13669816.0,608.8595237813619,1000.0,1584.0,90828.0,1.492811749205611
22,0.0,0.0,0.0,0.0,0.0,0.0,0.0,1000.0,1584.0,0.0,1.492811749205611,14000.0,6036.0,1112.0,172102000.0,74200548.0,13669816.0,608.8595237813619,1000.0,1584.0,90828.0,1.492811749205611
23,498.0,186.5,0.0,6121914.0,2292644.5,0.0,639.2667392497278,1000.0,1584.0,20.249329758713138,1.492811749205611,14996.0,6409.0,1112.0,184345828.0,78785837.0,13669816.0,610.3675534808306,1000.0,1584.0,98381.0,1.492811749205611
24,530.0,372.0,0.0,6515290.0,4572996.0,0.0,635.5228128098252,1000.0,1584.0,20.963709677419356,1.5023829428978703,15060.0,6780.0,1112.0,185132580.0,83346540.0,13669816.0,611.373143527583,1000.0,1584.0,106425.0,1.5119541365901297
25,424.5,399.0,0.0,5218378.5,4904907.0,0.0,651.5688187700913,1000.0,1584.0,22.045112781954888,1.5119541365901297,15845.0,7207.0,1112.0,194782585.0,88595651.0,13669816.0,614.319784482252,1000.0,1584.0,115973.0,1.5119541365901297
26,470.0,406.5,0.0,5777710.0,4997104.5,0.0,642.4462555969671,1000.0,1584.0,21.382533825338253,1.5068612308448244,16000.0,7593.0,1112.0,196688000.0,93340749.0,13669816.0,614.2752044250462,1000.0,1584.0,123809.0,1.5017683250995189
27,269.0,391.0,0.0,3306817.0,4806563.0,0.0,619.1986054932581,1000.0,1584.0,20.69693094629156,1.498859075684471,16383.0,7989.0,1112.0,201396219.0,98208777.0,13669816.0,614.7389953415662,1000.0,1584.0,132158.0,1.495949826269423
28,500.0,382.0,0.0,6146500.0,4695926.0,0.0,622.5165566958092,1000.0,1584.0,20.715968586387433,1.5002918974104587,17000.0,8357.0,1112.0,208981000.0,102732601.0,13669816.0,614.9401524802649,1000.0,1584.0,139636.0,1.5046339685514944
29,308.5,184.0,0.0,3792390.5,2261912.0,0.0,619.914965304438,1000.0,1584.0,20.320652173913043,1.5009270150080953,17000.0,8357.0,1112.0,208981000.0,102732601.0,13669816.0,614.9401524802649,1000.0,1584.0,139636.0,1.4972200614646962
30,0.0,0.0,0.0,0.0,0.0,0.0,0.0,1000.0,1584.0,0.0,1.4972200614646962,17000.0,8357.0,1112.0,208981000.0,102732601.0,13669816.0,614.9401524802649,1000.0,1584.0,139636.0,1.4972200614646962
31,32.5,208.0,0.0,399522.5,2556944.0,0.0,621.8913265172067,1000.0,1584.0,19.76201923076923,1.4972200614646962,17065.0,8773.0,1112.0,209780045.0,107846489.0,13669816.0,615.2326854493464,1000.0,1584.0,147857.0,1.4972200614646962
32,374.0,378.5,0.0,4597582.0,4652900.5,0.0,605.5153906650798,1000.0,1584.0,19.807133421400263,1.4972200614646962,17748.0,9114.0,1112.0,218176164.0,112038402.0,13669816.0,614.2424657313808,1000.0,1584.0,154630.0,1.4972200614646962
33,467.5,372.5,0.0,5746977.5,4579142.5,0.0,612.3649514855475,1000.0,1584.0,20.488590604026847,1.4865510076658623,18000.0,9518.0,1112.0,221274000.0,117004774.0,13669816.0,615.0317012722038,1000.0,1584.0,163121.0,1.4758819538670285
34,389.5,399.0,0.0,4788123.5,4904907.0,0.0,621.8030107693249,1000.0,1584.0,20.761904761904763,1.4758819538670285,18527.0,9912.0,1112.0,227752411.0,121848216.0,13669816.0,614.7897548224809,1000.0,1584.0,171198.0,1.4758819538670285
35,500.0,381.5,0.0,6146500.0,4689779.5,0.0,621.7974122825094,1000.0,1584.0,20.56356487549148,1.4690682715931787,19000.0,10281.0,1112.0,233567000.0,126384333.0,13669816.0,615.4848073461852,1000.0,1584.0,178811.0,1.4622545893193288
36,236.5,184.5,0.0,2907294.5,2268058.5,0.0,636.2497369432489,1000.0,1584.0,20.631436314363143,1.4669351859553608,19000.0,10281.0,1112.0,233567000.0,126384333.0,13669816.0,615.4848073461852,1000.0,1584.0,178811.0,1.4716157825913927
37,0.0,0.0,0.0,0.0,0.0,0.0,0.0,1000.0,1584.0,0.0,1.4716157825913927,19000.0,10281.0,1112.0,233567000.0,126384333.0,13669816.0,615.4848073461852,1000.0,1584.0,178811.0,1.4716157825913927
38,134.0,203.5,0.0,1647262.0,2501625.5,0.0,599.1970318496781,1000.0,1584.0,19.513513513513512,1.4716157825913927,19268.0,10688.0,1112.0,236861524.0,131387584.0,13669816.0,614.9230171235516,1000.0,1584.0,186753.0,1.4716157825913927
39,500.0,394.0,0.0,6146500.0,4843442.0,0.0,621.0465153330483,1000.0,1584.0,20.477157360406093,1.469804837501945,20000.0,11069.0,1112.0,245860000.0,136071217.0,13669816.0,615.8445993085564,1000.0,1584.0,194947.0,1.4679938924124973
40,394.0,396.5,0.0,4843442.0,4874174.5,0.0,623.1023530366534,1000.0,1584.0,20.916771752837327,1.466944536866954,20056.0,11481.0,1112.0,246548408.0,141135933.0,13669816.0,615.4380821103761,1000.0,1584.0,203340.0,1.4658951813214107
41,500.0,387.5,0.0,6146500.0,4763537.5,0.0,631.1192751048342,1000.0,1584.0,21.02064516129032,1.4660801201821967,21000.0,11844.0,1112.0,258153000.0,145598292.0,13669816.0,616.7582974979756,1000.0,1584.0,211238.0,1.4662650590429827
42,472.0,304.0,0.0,5802296.0,3737072.0,0.0,614.6793663071257,1000.0,1584.0,18.86842105263158,1.4768449124178122,21000.0,12089.0,1112.0,258153000.0,148610077.0,13669816.0,615.4031378479431,1000.0,1584.0,214812.0,1.4874247657926416
43,0.0,122.5,0.0,0.0,1505892.5,0.0,543.7400830486898,1000.0,1584.0,14.587755102040816,1.4918918174563278,21000.0,12089.0,1112.0,258153000.0,148610077.0,13669816.0,615.4031378479431,1000.0,1584.0,214812.0,1.4963588691200143
44,0.0,0.0,0.0,0.0,0.0,0.0,0.0,1000.0,1584.0,0.0,1.4963588691200143,21000.0,12089.0,1112.0,258153000.0,148610077.0,13669816.0,615.4031378479431,1000.0,1584.0,214812.0,1.4963588691200143
45,448.5,192.0,0.0,5513410.5,2360256.0,0.0,636.6044871737545,1000.0,1584.0,21.458333333333332,1.4963588691200143,21897.0,12473.0,1112.0,269179821.0,153330589.0,13669816.0,616.0024251605023,1000.0,1584.0,223052.0,1.4963588691200143
46,500.0,393.5,0.0,6146500.0,4837295.5,0.0,636.7421557459842,1000.0,1584.0,21.41423125794155,1.4935885952917483,22000.0,12876.0,1112.0,270446000.0,158284668.0,13669816.0,616.6037245712605,1000.0,1584.0,231665.0,1.4908183214634825
47,397.0,201.5,0.0,4880321.0,2477039.5,0.0,636.873333740367,1000.0,1584.0,21.372208436724566,1.4912224174830981,22691.0,12876.0,1112.0,278940463.0,158284668.0,13669816.0,616.6037245712605,1000.0,1584.0,231665.0,1.4916265135027138
48,500.0,208.0,0.0,6146500.0,2556944.0,0.0,613.7439885688772,1000.0,1584.0,20.170673076923077,1.48978597579725,23000.0,13292.0,1112.0,282739000.0,163398556.0,13669816.0,616.5211329177622,1000.0,1584.0,240056.0,1.487945438091786
49,371.0,424.0,0.0,4560703.0,5212232.0,0.0,627.1866795104595,1000.0,1584.0,20.87264150943396,1.488258124627933,23433.0,13724.0,1112.0,288061869.0,168709132.0,13669816.0,617.2086279002204,1000.0,1584.0,249365.0,1.48857081116408
50,427.0,496.0,0.0,5249111.0,6097328.0,0.0,636.2961645145874,1000.0,1584.0,21.526209677419356,1.48857081116408,23854.0,14284.0,1112.0,293237222.0,175593212.0,13669816.0,617.7952840832644,1000.0,1584.0,261410.0,1.48857081116408
51,283.5,443.5,0.0,3485065.5,5451945.5,0.0,637.5891759965641,1000.0,1584.0,21.50056369785795,1.4792760875458162,24000.0,14611.0,1112.0,295032000.0,179613023.0,13669816.0,618.3583796118197,1000.0,1584.0,268436.0,1.4699813639275523
52,73.0,163.5,0.0,897389.0,2009905.5,0.0,644.8703635801173,1000.0,1584.0,21.486238532110093,1.4699813639275523,24000.0,14611.0,1112.0,295032000.0,179613023.0,13669816.0,618.3583796118197,1000.0,1584.0,268436.0,1.4699813639275523
53,55.5,97.0,0.0,682261.5,1192421.0,0.0,750.0078063132606,1000.0,1584.0,30.335051546391753,1.4699813639275523,24111.0,14805.0,1112.0,296396523.0,181997865.0,13669816.0,619.9629526331221,1000.0,1584.0,274321.0,1.4699813639275523
54,296.0,440.5,0.0,3638728.0,5415066.5,0.0,615.3016481060815,1000.0,1584.0,20.206583427922816,1.4699813639275523,24592.0,15492.0,1112.0,302309456.0,190443156.0,13669816.0,618.1961909550768,1000.0,1584.0,286238.0,1.4699813639275523
55,444.5,343.0,0.0,5464238.5,4216499.0,0.0,577.2440315267271,1000.0,1584.0,17.335276967930028,1.4593161234487775,25000.0,15492.0,1112.0,307325000.0,190443156.0,13669816.0,618.1961909550768,1000.0,1584.0,286238.0,1.4486508829700027
56,379.0,199.5,0.0,4659047.0,2452453.5,0.0,631.2038985256834,1000.0,1584.0,20.94486215538847,1.4486508829700027,25350.0,15891.0,1112.0,311627550.0,195348063.0,13669816.0,618.5014356366428,1000.0,1584.0,294595.0,1.4486508829700027
57,500.0,619.0,0.0,6146500.0,7609367.0,0.0,635.6822419843498,1000.0,1584.0,21.11389337641357,1.445584770682016,26000.0,16730.0,1112.0,319618000.0,205661890.0,13669816.0,619.4094927807834,1000.0,1584.0,312377.0,1.4425186583940293
58,325.0,419.5,0.0,3995225.0,5156913.5,0.0,637.8119905421662,1000.0,1584.0,21.194278903456496,1.449517182454868,26000.0,16730.0,1112.0,319618000.0,205661890.0,13669816.0,619.4094927807834,1000.0,1584.0,312377.0,1.4565157065157068
59,0.0,0.0,0.0,0.0,0.0,0.0,0.0,1000.0,1584.0,0.0,1.4565157065157068,26000.0,16730.0,1112.0,319618000.0,205661890.0,13669816.0,619.4094927807834,1000.0,1584.0,312377.0,1.4565157065157068
60,3.5,207.5,0.0,43025.5,2550797.5,0.0,614.9697173440483,1000.0,1584.0,20.84578313253012,1.4565157065157068,26007.0,17145.0,1112.0,319704051.0,210763485.0,13669816.0,619.3085722129875,1000.0,1584.0,321028.0,1.4565157065157068
61,500.0,418.5,0.0,6146500.0,5144620.5,0.0,616.6498143965324,1000.0,1584.0,20.93189964157706,1.4566792797191057,27000.0,17567.0,1112.0,331911000.0,215951131.0,13669816.0,619.2858324773614,1000.0,1584.0,329897.0,1.4568428529225046
62,496.5,424.5,0.0,6103474.5,5218378.5,0.0,626.6748686939605,1000.0,1584.0,21.401648998822143,1.4621911763565296,27000.0,17994.0,1112.0,331911000.0,221200242.0,13669816.0,619.6359031934295,1000.0,1584.0,339198.0,1.4675394997905549
63,493.5,435.0,0.0,6066595.5,5347455.0,0.0,631.3532491741433,1000.0,1584.0,21.339080459770116,1.4675394997905549,27987.0,18437.0,1112.0,344044191.0,226646041.0,13669816.0,619.8228754220737,1000.0,1584.0,348462.0,1.4675394997905549
64,500.0,408.0,0.0,6146500.0,5015544.0,0.0,629.312900072418,1000.0,1584.0,20.893382352941178,1.4774977153533655,28000.0,18810.0,1112.0,344204000.0,231231330.0,13669816.0,620.0322704985829,1000.0,1584.0,356247.0,1.487455930916176
65,6.5,186.5,0.0,79904.5,2292644.5,0.0,631.0067057550757,1000.0,1584.0,20.871313672922252,1.487455930916176,28000.0,18810.0,1112.0,344204000.0,231231330.0,13669816.0,620.0322704985829,1000.0,1584.0,356247.0,1.487455930916176
66,171.5,0.0,0.0,2108249.5,0.0,0.0,0.0,1000.0,1584.0,0.0,1.487455930916176,28343.0,18810.0,1112.0,348420499.0,231231330.0,13669816.0,620.0322704985829,1000.0,1584.0,356247.0,1.487455930916176
67,500.0,0.0,0.0,6146500.0,0.0,0.0,0.0,1000.0,1584.0,0.0,1.487928502792428,29000.0,18810.0,1112.0,356497000.0,231231330.0,13669816.0,620.0322704985829,1000.0,1584.0,356247.0,1.4884010746686802
68,395.5,243.5,0.0,4861881.5,2993345.5,0.0,659.5160881135353,1000.0,1584.0,22.878850102669404,1.48919165732546,29134.0,19297.0,1112.0,358144262.0,237218021.0,13669816.0,620.9744342096175,1000.0,1584.0,367389.0,1.4899822399822398
69,268.0,444.0,54.0,3294524.0,5458092.0,663822.0,687.899984790458,1000.0,1584.0,22.44481981981982,1.4899822399822398,29536.0,19698.0,1220.0,363086048.0,242147514.0,14997460.0,623.2637574205988,1000.0,1584.0,376178.0,1.4899822399822398
70,433.0,446.0,54.0,5322869.0,5482678.0,663822.0,676.9835622894564,1000.0,1584.0,21.95291479820628,1.4862343943907534,30000.0,20189.0,1220.0,368790000.0,248183377.0,14997460.0,623.5905829358466,1000.0,1584.0,386971.0,1.4824865487992673
71,232.0,245.5,0.0,2851976.0,3017931.5,0.0,637.5142817707779,1000.0,1584.0,21.981670061099795,1.4735494328956371,30000.0,20189.0,1220.0,368790000.0,248183377.0,14997460.0,623.5905829358466,1000.0,1584.0,386971.0,1.464612316992007
72,0.0,0.0,0.0,0.0,0.0,0.0,0.0,1000.0,1584.0,0.0,1.464612316992007,30000.0,20189.0,1220.0,368790000.0,248183377.0,14997460.0,623.5905829358466,1000.0,1584.0,386971.0,1.464612316992007
73,91.0,524.0,0.0,1118663.0,6441532.0,0.0,653.5023263476767,1000.0,1584.0,22.833969465648856,1.464612316992007,30182.0,21237.0,1220.0,371027326.0,261066441.0,14997460.0,624.9864731747745,1000.0,1584.0,410901.0,1.464612316992007
74,500.0,576.0,0.0,6146500.0,7080768.0,0.0,650.1608854631634,1000.0,1584.0,22.469618055555557,1.4642534179760496,31000.0,21341.0,1220.0,381083000.0,262344913.0,14997460.0,624.947304203143,1000.0,1584.0,412856.0,1.4638945189600925
75,409.0,329.0,0.0,5027837.0,4044397.0,0.0,690.6702019981424,1000.0,1584.0,23.731003039513677,1.4551357871153083,31000.0,21895.0,1220.0,381083000.0,269155235.0,14997460.0,626.8562500973692,1000.0,1584.0,426516.0,1.4463770552705242
76,500.0,526.5,0.0,6146500.0,6472264.5,0.0,683.4623478440643,1000.0,1584.0,23.485280151946817,1.446148549541067,32000.0,22394.0,1220.0,393376000.0,275289442.0,14997460.0,627.5566182098299,1000.0,1584.0,437586.0,1.44592004381161
77,500.0,397.0,0.0,6146500.0,4880321.0,0.0,632.2084437042708,1000.0,1584.0,20.152392947103273,1.4474228483799472,32000.0,22689.0,1220.0,393376000.0,278915877.0,14997460.0,627.0339924422558,1000.0,1584.0,442517.0,1.4489256529482843
78,0.0,147.5,0.0,0.0,1813217.5,0.0,585.1991284575251,1000.0,1584.0,16.715254237288136,1.4489256529482843,32000.0,22689.0,1220.0,393376000.0,278915877.0,14997460.0,627.0339924422558,1000.0,1584.0,442517.0,1.4489256529482843
79,21.0,0.0,0.0,258153.0,0.0,0.0,0.0,1000.0,1584.0,0.0,1.4489256529482843,32042.0,22689.0,1220.0,393892306.0,278915877.0,14997460.0,627.0339924422558,1000.0,1584.0,442517.0,1.4489256529482843
80,457.0,156.5,0.0,5617901.0,1923854.5,0.0,601.7576130553836,1000.0,1584.0,20.076677316293928,1.4489256529482843,32914.0,23002.0,1220.0,404611802.0,282763586.0,14997460.0,626.7073676074735,1000.0,1584.0,448801.0,1.4489256529482843
81,479.0,372.0,0.0,5888347.0,4572996.0,0.0,626.9572699756219,1000.0,1584.0,21.337365591397848,1.4527760925012985,33000.0,23433.0,1220.0,405669000.0,288061869.0,14997460.0,627.0316770439201,1000.0,1584.0,458392.0,1.4566265320543126
82,214.0,436.5,0.0,2630702.0,5365894.5,0.0,645.5592271004954,1000.0,1584.0,22.06872852233677,1.4595888005284974,33342.0,23875.0,1220.0,409873206.0,293495375.0,14997460.0,627.3631824445896,1000.0,1584.0,468067.0,1.462551069002682
83,500.0,423.0,0.0,6146500.0,5199939.0,0.0,636.9523599663223,1000.0,1584.0,21.99645390070922,1.464779912953193,34000.0,24279.0,1220.0,417962000.0,298461747.0,14997460.0,627.360823196803,1000.0,1584.0,477001.0,1.4670087569037042
84,329.0,415.5,0.0,4044397.0,5107741.5,0.0,644.7495409559309,1000.0,1584.0,22.27797833935018,1.4704196202553619,34000.0,24706.0,1220.0,417962000.0,303710858.0,14997460.0,627.9204633179571,1000.0,1584.0,486580.0,1.4738304836070197
85,0.0,213.5,0.0,0.0,2624555.5,0.0,661.3402840423295,1000.0,1584.0,22.433255269320842,1.4738304836070197,34000.0,24706.0,1220.0,417962000.0,303710858.0,14997460.0,627.9204633179571,1000.0,1584.0,486580.0,1.4738304836070197
86,0.0,0.0,0.0,0.0,0.0,0.0,0.0,1000.0,1584.0,0.0,1.4738304836070197,34000.0,24706.0,1220.0,417962000.0,303710858.0,14997460.0,627.9204633179571,1000.0,1584.0,486580.0,1.4738304836070197
87,339.0,220.0,0.0,4167327.0,2704460.0,0.0,647.6204750421907,1000.0,1584.0,21.89090909090909,1.4738304836070197,34678.0,25146.0,1220.0,426296654.0,309119778.0,14997460.0,628.2492202457692,1000.0,1584.0,496212.0,1.4738304836070197
88,500.0,450.5,0.0,6146500.0,5537996.5,0.0,647.7895492556851,1000.0,1584.0,21.820199778024417,1.471841480879521,35000.0,25607.0,1220.0,430255000.0,314786851.0,14997460.0,628.5877778305723,1000.0,1584.0,506240.0,1.4698524781520221
89,405.0,405.5,0.0,4978665.0,4984811.5,0.0,661.6531479060782,1000.0,1584.0,22.72256473489519,1.4672126454556493,35488.0,25957.0,1220.0,436253984.0,319089401.0,14997460.0,629.2460405472206,1000.0,1584.0,514640.0,1.4645728127592768
90,500.0,402.5,0.0,6146500.0,4947932.5,0.0,660.8769239675153,1000.0,1584.0,23.0583850931677,1.4636541758286228,36000.0,26412.0,1220.0,442548000.0,324682716.0,14997460.0,629.5284539539169,1000.0,1584.0,524802.0,1.462735538897969
91,256.0,227.5,0.0,3147008.0,2796657.5,0.0,646.3969136325908,1000.0,1584.0,22.334065934065933,1.4664056006623998,36000.0,26412.0,1220.0,442548000.0,324682716.0,14997460.0,629.5284539539169,1000.0,1584.0,524802.0,1.4700756624268305
92,0.0,0.0,0.0,0.0,0.0,0.0,0.0,1000.0,1584.0,0.0,1.4700756624268305,36000.0,26412.0,1220.0,442548000.0,324682716.0,14997460.0,629.5284539539169,1000.0,1584.0,524802.0,1.4700756624268305
93,89.0,223.0,0.0,1094077.0,2741339.0,0.0,653.9869796830314,1000.0,1584.0,22.522421524663677,1.4700756624268305,36178.0,26858.0,1220.0,444736154.0,330165394.0,14997460.0,629.9169610582403,1000.0,1584.0,534847.0,1.4700756624268305
94,414.5,430.5,0.0,5095448.5,5292136.5,0.0,648.1869822608977,1000.0,1584.0,22.238095238095237,1.4700756624268305,36829.0,27273.0,1220.0,452738897.0,335266989.0,14997460.0,630.0922763970545,1000.0,1584.0,543949.0,1.4700756624268305
95,411.0,420.5,0.0,5052423.0,5169206.5,0.0,642.9911819153431,1000.0,1584.0,22.0,1.462072439141477,37000.0,27699.0,1220.0,454841000.0,340503807.0,14997460.0,630.2971754412005,1000.0,1584.0,553349.0,1.4540692158561235
96,363.0,428.0,0.0,4462359.0,5261404.0,0.0,649.9882894155504,1000.0,1584.0,22.10514018691589,1.4540692158561235,37555.0,28129.0,1220.0,461663615.0,345789797.0,14997460.0,630.6725683028709,1000.0,1584.0,562871.0,1.4540692158561235
97,500.0,447.0,0.0,6146500.0,5494971.0,0.0,646.0429117014857,1000.0,1584.0,21.90268456375839,1.4509528722664018,38000.0,28593.0,1220.0,467134000.0,351493749.0,14997460.0,630.7693415505039,1000.0,1584.0,572930.0,1.4478365286766803
98,222.5,232.0,0.0,2735192.5,2851976.0,0.0,636.8904580263354,1000.0,1584.0,21.67887931034483,1.4512292910650806,38000.0,28593.0,1220.0,467134000.0,351493749.0,14997460.0,630.7693415505039,1000.0,1584.0,572930.0,1.4546220534534808
99,0.0,0.0,0.0,0.0,0.0,0.0,0.0,1000.0,1584.0,0.0,1.4546220534534808,38000.0,28593.0,1220.0,467134000.0,351493749.0,14997460.0,630.7693415505039,1000.0,1584.0,572930.0,1.4546220534534808
100,164.0,207.5,0.0,2016052.0,2550797.5,0.0,643.2022725656658,1000.0,1584.0,21.28433734939759,1.4546220534534808,38328.0,29008.0,1220.0,471166104.0,356595344.0,14997460.0,630.9400331732147,1000.0,1584.0,581763.0,1.4546220534534808
101,500.0,406.5,0.0,6146500.0,4997104.5,0.0,639.5811955662565,1000.0,1584.0,21.552275522755227,1.4526403829285799,39000.0,29406.0,1220.0,479427000.0,361487958.0,14997460.0,631.0032616613511,1000.0,1584.0,590452.0,1.450658712403679
102,357.0,393.0,0.0,4388601.0,4831149.0,0.0,640.7973828676817,1000.0,1584.0,21.829516539440203,1.4573443591727249,39042.0,29794.0,1220.0,479943306.0,366257642.0,14997460.0,631.1898518634781,1000.0,1584.0,598921.0,1.4640300059417708
103,448.5,384.0,0.0,5513410.5,4720512.0,0.0,646.4697923781555,1000.0,1584.0,22.026041666666668,1.4640300059417708,39897.0,30174.0,1220.0,490453821.0,370928982.0,14997460.0,631.3816236283029,1000.0,1584.0,607368.0,1.4640300059417708
104,479.0,419.5,0.0,5888347.0,5156913.5,0.0,655.9508261062771,1000.0,1584.0,23.114421930870083,1.4637210244665568,40000.0,30633.0,1220.0,491720000.0,376571469.0,14997460.0,631.8420496906739,1000.0,1584.0,618314.0,1.4634120429913426
105,51.5,229.5,0.0,633089.5,2821243.5,0.0,663.3335873858946,1000.0,1584.0,23.847494553376908,1.4658730340873412,40000.0,30633.0,1220.0,491720000.0,376571469.0,14997460.0,631.8420496906739,1000.0,1584.0,618314.0,1.4683340251833397
106,0.0,0.0,0.0,0.0,0.0,0.0,0.0,1000.0,1584.0,0.0,1.4683340251833397,40000.0,30633.0,1220.0,491720000.0,376571469.0,14997460.0,631.8420496906739,1000.0,1584.0,618314.0,1.4683340251833397
107,311.5,173.0,0.0,3829269.5,2126689.0,0.0,647.3096906257023,1000.0,1584.0,20.832369942196532,1.4683340251833397,40623.0,30979.0,1220.0,499378539.0,380824847.0,14997460.0,632.0082599383079,1000.0,1584.0,625522.0,1.4683340251833397
108,500.0,406.5,0.0,6146500.0,4997104.5,0.0,646.2537212855601,1000.0,1584.0,22.195571955719558,1.4675157773295981,41000.0,31446.0,1220.0,504013000.0,386565678.0,14997460.0,632.2007311639702,1000.0,1584.0,636359.0,1.4666975294758569
109,389.0,456.5,0.0,4781977.0,5611754.5,0.0,650.7229806580192,1000.0,1584.0,22.59036144578313,1.466196785892401,41401.0,31892.0,1220.0,508942493.0,392048356.0,14997460.0,632.5242825288217,1000.0,1584.0,646147.0,1.4656960423089453
110,457.5,434.5,0.0,5624047.5,5341308.5,0.0,653.3098813535107,1000.0,1584.0,22.265822784810126,1.4656960423089453,41915.0,32315.0,1220.0,515261095.0,397248295.0,14997460.0,632.7477373221544,1000.0,1584.0,655708.0,1.4656960423089453
111,299.5,211.5,0.0,3681753.5,2599969.5,0.0,650.2395461089757,1000.0,1584.0,22.602836879432623,1.4612586728077264,42000.0,32315.0,1220.0,516306000.0,397248295.0,14997460.0,632.7477373221544,1000.0,1584.0,655708.0,1.4568213033065072
112,42.5,0.0,0.0,522452.5,0.0,0.0,0.0,1000.0,1584.0,0.0,1.4568213033065072,42000.0,32315.0,1220.0,516306000.0,397248295.0,14997460.0,632.7477373221544,1000.0,1584.0,655708.0,1.4568213033065072
113,39.0,228.0,0.0,479427.0,2802804.0,0.0,643.0826972847498,1000.0,1584.0,22.140350877192983,1.4568213033065072,42078.0,32771.0,1220.0,517264854.0,402853903.0,14997460.0,632.8863840740279,1000.0,1584.0,665804.0,1.4568213033065072
114,335.0,228.0,0.0,4118155.0,2802804.0,0.0,643.0826972847498,1000.0,1584.0,22.140350877192983,1.4568213033065072,42670.0,32771.0,1220.0,524542310.0,402853903.0,14997460.0,632.8863840740279,1000.0,1584.0,665804.0,1.4568213033065072
115,461.0,205.5,0.0,5667073.0,2526211.5,0.0,652.2812283459951,1000.0,1584.0,22.630170316301705,1.4466183420541956,43000.0,33182.0,1220.0,528599000.0,407906326.0,14997460.0,633.1180938872884,1000.0,1584.0,675105.0,1.436415380801884
116,380.5,429.5,0.0,4677486.5,5279843.5,0.0,643.5929323910441,1000.0,1584.0,22.17694994179278,1.436415380801884,43431.0,33630.0,1220.0,533897283.0,413413590.0,14997460.0,633.1502843610958,1000.0,1584.0,684854.0,1.436415380801884
117,500.0,621.0,0.0,6146500.0,7633953.0,0.0,641.7789804999086,1000.0,1584.0,21.913848631239937,1.4310853766184246,44000.0,34424.0,1220.0,540892000.0,423174232.0,14997460.0,633.4198787928242,1000.0,1584.0,702322.0,1.4257553724349652
118,284.5,397.0,0.0,3497358.5,4880321.0,0.0,645.2528333843621,1000.0,1584.0,22.0,1.4347803006792073,44000.0,34424.0,1220.0,540892000.0,423174232.0,14997460.0,633.4198787928242,1000.0,1584.0,702322.0,1.443805228923449
119,0.0,0.0,0.0,0.0,0.0,0.0,0.0,1000.0,1584.0,0.0,1.443805228923449,44000.0,34424.0,1220.0,540892000.0,423174232.0,14997460.0,633.4198787928242,1000.0,1584.0,702322.0,1.443805228923449
120,74.5,0.0,0.0,915828.5,0.0,0.0,0.0,1000.0,1584.0,0.0,1.443805228923449,44149.0,34424.0,1220.0,542723657.0,423174232.0,14997460.0,633.4198787928242,1000.0,1584.0,702322.0,1.443805228923449
121,500.0,0.0,0.0,6146500.0,0.0,0.0,0.0,1000.0,1584.0,0.0,1.4433962298940766,45000.0,34424.0,1220.0,553185000.0,423174232.0,14997460.0,633.4198787928242,1000.0,1584.0,702322.0,1.4429872308647038
122,425.5,217.5,17.5,5230671.5,2673727.5,215127.5,692.2602660931238,1000.0,1584.0,23.873563218390803,1.4448554939683698,45000.0,34859.0,1255.0,553185000.0,428521687.0,15427715.0,634.1856478029355,1000.0,1584.0,712707.0,1.4467237570720357
123,481.0,408.0,69.0,5912933.0,5015544.0,848217.0,706.8172834704835,1000.0,1584.0,23.481617647058822,1.4467237570720357,45962.0,35240.0,1358.0,565010866.0,433205320.0,16693894.0,635.3331288081947,1000.0,1584.0,721483.0,1.4467237570720357
124,500.0,546.5,51.5,6146500.0,6718124.5,633089.5,708.6382746302928,1000.0,1584.0,25.057639524245197,1.4552994431447313,46000.0,35952.0,1358.0,565478000.0,441957936.0,16693894.0,636.5722825305033,1000.0,1584.0,740095.0,1.463875129217427
125,19.0,551.5,0.0,233567.0,6779589.5,0.0,646.2073720472126,1000.0,1584.0,23.03263825929284,1.4619608870046474,46000.0,36343.0,1358.0,565478000.0,446764499.0,16693894.0,635.6512713055467,1000.0,1584.0,746888.0,1.4600466447918676
126,0.0,195.5,0.0,0.0,2403281.5,0.0,547.7665429087431,1000.0,1584.0,17.373401534526856,1.4600466447918676,46000.0,36343.0,1358.0,565478000.0,446764499.0,16693894.0,635.6512713055467,1000.0,1584.0,746888.0,1.4600466447918676
127,0.0,0.0,0.0,0.0,0.0,0.0,0.0,1000.0,1584.0,0.0,1.4600466447918676,46000.0,36343.0,1358.0,565478000.0,446764499.0,16693894.0,635.6512713055467,1000.0,1584.0,746888.0,1.4600466447918676
128,359.5,342.0,0.0,4419333.5,4204206.0,0.0,656.6697019910797,1000.0,1584.0,23.795321637426902,1.4600466447918676,46719.0,37027.0,1358.0,574316667.0,455172911.0,16693894.0,636.0258084056875,1000.0,1584.0,763164.0,1.4600466447918676
129,500.0,531.0,0.0,6146500.0,6527583.0,0.0,674.006418380222,1000.0,1584.0,24.753295668549907,1.4585950468900162,47000.0,37405.0,1358.0,577771000.0,459819665.0,16693894.0,636.7020972527984,1000.0,1584.0,773176.0,1.4571434489881647
130,390.0,461.5,0.0,4794270.0,5673219.5,0.0,685.0067766833566,1000.0,1584.0,24.198266522210183,1.4535910504062655,47499.0,37950.0,1358.0,583905207.0,466519350.0,16693894.0,637.1759415521298,1000.0,1584.0,785499.0,1.4500386518243662
131,500.0,478.0,0.0,6146500.0,5876054.0,0.0,704.4174303853778,1000.0,1584.0,24.570083682008367,1.4498784352987315,48000.0,38361.0,1358.0,590064000.0,471571773.0,16693894.0,638.3319433837382,1000.0,1584.0,796665.0,1.4497182187730968
132,250.5,205.5,0.0,3079396.5,2526211.5,0.0,748.8918460525064,1000.0,1584.0,27.16788321167883,1.4455114530120783,48000.0,38361.0,1358.0,590064000.0,471571773.0,16693894.0,638.3319433837382,1000.0,1584.0,796665.0,1.4413046872510595
133,0.0,0.0,0.0,0.0,0.0,0.0,0.0,1000.0,1584.0,0.0,1.4413046872510595,48000.0,38361.0,1358.0,590064000.0,471571773.0,16693894.0,638.3319433837382,1000.0,1584.0,796665.0,1.4413046872510595
134,99.0,178.0,0.0,1217007.0,2188154.0,0.0,570.9098690835843,1000.0,1584.0,21.68258426966292,1.4413046872510595,48198.0,38717.0,1358.0,592498014.0,475948081.0,16693894.0,637.7330099227067,1000.0,1584.0,804384.0,1.4413046872510595
135,324.5,259.0,0.0,3989078.5,3183887.0,0.0,542.2188466348695,1000.0,1584.0,19.18146718146718,1.4413046872510595,48649.0,38879.0,1358.0,598042157.0,477939547.0,16693894.0,637.0946099812502,1000.0,1584.0,806601.0,1.4413046872510595
136,401.0,303.5,0.0,4929493.0,3730925.5,0.0,619.0209566198208,1000.0,1584.0,20.83690280065898,1.429461856158894,49000.0,39324.0,1358.0,602357000.0,483409932.0,16693894.0,637.4538147908341,1000.0,1584.0,817032.0,1.4176190250667287
137,371.0,427.0,0.0,4560703.0,5249111.0,0.0,639.7185781821836,1000.0,1584.0,22.631147540983605,1.4176190250667287,49391.0,39733.0,1358.0,607163563.0,488437769.0,16693894.0,637.1491442793598,1000.0,1584.0,825928.0,1.4176190250667287
138,500.0,262.0,0.0,6146500.0,3220766.0,0.0,564.0189291138416,1000.0,1584.0,19.545801526717558,1.413908899752401,50000.0,39848.0,1358.0,614650000.0,489851464.0,16693894.0,636.5199731149921,1000.0,1584.0,827274.0,1.4101987744380733
139,304.5,210.5,0.0,3743218.5,2587676.5,0.0,629.196307372104,1000.0,1584.0,22.619952494061756,1.4120003167435629,50000.0,40154.0,1358.0,614650000.0,493613122.0,16693894.0,637.0684894244265,1000.0,1584.0,835451.0,1.4138018590490526
140,0.0,153.0,0.0,0.0,1880829.0,0.0,710.9317673544537,1000.0,1584.0,26.72222222222222,1.4138018590490526,50000.0,40154.0,1358.0,614650000.0,493613122.0,16693894.0,637.0684894244265,1000.0,1584.0,835451.0,1.4138018590490526
141,71.5,0.0,0.0,878949.5,0.0,0.0,0.0,1000.0,1584.0,0.0,1.4138018590490526,50143.0,40154.0,1358.0,616407899.0,493613122.0,16693894.0,637.0684894244265,1000.0,1584.0,835451.0,1.4138018590490526
142,442.5,189.0,0.0,5439652.5,2323377.0,0.0,644.3633375057157,1000.0,1584.0,23.219576719576718,1.4138018590490526,50885.0,40532.0,1358.0,625529305.0,498259876.0,16693894.0,637.1343154586757,1000.0,1584.0,844228.0,1.4138018590490526
143,428.5,394.0,0.0,5267550.5,4843442.0,0.0,641.1109816418597,1000.0,1584.0,22.90228426395939,1.414613772237369,51000.0,40942.0,1358.0,626943000.0,503300006.0,16693894.0,637.1437963716437,1000.0,1584.0,853498.0,1.4154256854256855
144,330.0,441.0,0.0,4056690.0,5421213.0,0.0,632.3988342917444,1000.0,1584.0,22.258503401360546,1.4170209857030622,51545.0,41414.0,1358.0,633642685.0,509102302.0,16693894.0,637.0366652578609,1000.0,1584.0,863860.0,1.418616285980439
145,480.5,449.5,0.0,5906786.5,5525703.5,0.0,643.453847713164,1000.0,1584.0,22.677419354838708,1.418616285980439,51961.0,41841.0,1358.0,638756573.0,514351413.0,16693894.0,637.2751127483206,1000.0,1584.0,873885.0,1.418616285980439
146,227.5,441.0,0.0,2796657.5,5421213.0,0.0,639.7099745508538,1000.0,1584.0,22.65419501133787,1.4254696371442248,52000.0,42296.0,1358.0,639236000.0,519944728.0,16693894.0,637.09067769192,1000.0,1584.0,883841.0,1.4323229883080106
147,19.5,227.5,0.0,239713.5,2796657.5,0.0,619.5798864800269,1000.0,1584.0,21.88131868131868,1.4381559354524713,52000.0,42296.0,1358.0,639236000.0,519944728.0,16693894.0,637.09067769192,1000.0,1584.0,883841.0,1.443988882596932
148,0.0,0.0,0.0,0.0,0.0,0.0,0.0,1000.0,1584.0,0.0,1.443988882596932,52000.0,42296.0,1358.0,639236000.0,519944728.0,16693894.0,637.09067769192,1000.0,1584.0,883841.0,1.443988882596932
149,356.0,102.0,0.0,4376308.0,1253886.0,0.0,492.32163851097823,1000.0,1584.0,14.205882352941176,1.443988882596932,52712.0,42500.0,1358.0,647988616.0,522452500.0,16693894.0,636.4173026179791,1000.0,1584.0,886739.0,1.443988882596932
150,500.0,309.5,0.0,6146500.0,3804683.5,0.0,563.2333058867566,1000.0,1584.0,18.497576736672052,1.440573765213192,53000.0,42915.0,1358.0,651529000.0,527554095.0,16693894.0,636.0580457684596,1000.0,1584.0,895291.0,1.4371586478294522
151,370.5,440.5,0.0,4554556.5,5415066.5,0.0,622.0271207181694,1000.0,1584.0,21.77639046538025,1.4343616744954923,53453.0,43381.0,1358.0,657097729.0,533282633.0,16693894.0,636.1339312808078,1000.0,1584.0,905924.0,1.4315647011615327
152,500.0,464.5,0.0,6146500.0,5710098.5,0.0,639.9063289121808,1000.0,1584.0,22.36275565123789,1.431857482218812,54000.0,43844.0,1358.0,663822000.0,538974292.0,16693894.0,636.1371364069387,1000.0,1584.0,916066.0,1.4321502632760912
153,392.0,231.5,0.0,4818856.0,2845829.5,0.0,636.4468429684049,1000.0,1584.0,21.904967602591793,1.434593011083257,54237.0,43844.0,1358.0,666735441.0,538974292.0,16693894.0,636.1371364069387,1000.0,1584.0,916066.0,1.4370357588904226
154,342.0,247.5,0.0,4204206.0,3042517.5,0.0,633.5698557181792,1000.0,1584.0,23.094949494949496,1.4370357588904226,54684.0,44339.0,1358.0,672230412.0,545059327.0,16693894.0,636.1093270553196,1000.0,1584.0,927498.0,1.4370357588904226
155,381.5,456.0,0.0,4689779.5,5605608.0,0.0,626.1401675454172,1000.0,1584.0,22.33114035087719,1.4304769986698347,55000.0,44756.0,1358.0,676115000.0,550185508.0,16693894.0,635.9394256119162,1000.0,1584.0,936432.0,1.4239182384492468
156,158.0,441.0,0.0,1942294.0,5421213.0,0.0,627.2376977557844,1000.0,1584.0,21.962585034013607,1.4194961882521913,55000.0,45221.0,1358.0,676115000.0,555901753.0,16693894.0,635.941337681521,1000.0,1584.0,946869.0,1.4150741380551355
157,0.0,232.5,0.0,0.0,2858122.5,0.0,636.1309574186671,1000.0,1584.0,22.44516129032258,1.4150741380551355,55000.0,45221.0,1358.0,676115000.0,555901753.0,16693894.0,635.941337681521,1000.0,1584.0,946869.0,1.4150741380551355
158,0.0,0.0,0.0,0.0,0.0,0.0,0.0,1000.0,1584.0,0.0,1.4150741380551355,55000.0,45221.0,1358.0,676115000.0,555901753.0,16693894.0,635.941337681521,1000.0,1584.0,946869.0,1.4150741380551355
159,337.5,224.0,0.0,4148887.5,2753632.0,0.0,607.5094049046482,1000.0,1584.0,21.229910714285715,1.4150741380551355,55675.0,45669.0,1358.0,684412775.0,561409017.0,16693894.0,635.6704825156796,1000.0,1584.0,956380.0,1.4150741380551355
160,500.0,452.0,0.0,6146500.0,5556436.0,0.0,624.3950391797808,1000.0,1584.0,22.006637168141594,1.4118828673483985,56000.0,46125.0,1358.0,688408000.0,567014625.0,16693894.0,635.7215147165529,1000.0,1584.0,966763.0,1.4086915966416615
161,162.5,228.0,0.0,1997612.5,2802804.0,0.0,640.9844342571043,1000.0,1584.0,22.769736842105264,1.4126085348431183,56000.0,46125.0,1358.0,688408000.0,567014625.0,16693894.0,635.7215147165529,1000.0,1584.0,966763.0,1.4165254730445753
162,0.0,0.0,0.0,0.0,0.0,0.0,0.0,1000.0,1584.0,0.0,1.4165254730445753,56000.0,46125.0,1358.0,688408000.0,567014625.0,16693894.0,635.7215147165529,1000.0,1584.0,966763.0,1.4165254730445753
163,169.0,246.0,0.0,2077517.0,3024078.0,0.0,605.3237619416759,1000.0,1584.0,21.402439024390244,1.4165254730445753,56338.0,46617.0,1358.0,692563034.0,573062781.0,16693894.0,635.4097753863764,1000.0,1584.0,977293.0,1.4165254730445753
164,500.0,448.0,0.0,6146500.0,5507264.0,0.0,634.7168675400662,1000.0,1584.0,22.200892857142858,1.4163161803365616,57000.0,47021.0,1358.0,700701000.0,578029153.0,16693894.0,635.7029082164165,1000.0,1584.0,986655.0,1.4161068876285479
165,398.0,427.0,0.0,4892614.0,5249111.0,0.0,628.5364363528919,1000.0,1584.0,21.80093676814988,1.4214107615595686,57134.0,47471.0,1358.0,702348262.0,583561003.0,16693894.0,635.2895633907467,1000.0,1584.0,995911.0,1.426714635490589
166,478.5,440.5,0.0,5882200.5,5415066.5,0.0,623.1457001431017,1000.0,1584.0,21.90805902383655,1.426714635490589,57957.0,47902.0,1358.0,712465401.0,588859286.0,16693894.0,635.4783263992707,1000.0,1584.0,1005956.0,1.426714635490589
167,433.0,215.5,0.0,5322869.0,2649141.5,0.0,656.8637299798092,1000.0,1584.0,23.306264501160094,1.433876844330264,58000.0,47902.0,1358.0,712994000.0,588859286.0,16693894.0,635.4783263992707,1000.0,1584.0,1005956.0,1.441039053169939
168,371.5,234.5,0.0,4566849.5,2882708.5,0.0,623.0458149786314,1000.0,1584.0,22.321961620469082,1.4419358452444908,58700.0,48371.0,1358.0,721599100.0,594624703.0,16693894.0,635.3610739337822,1000.0,1584.0,1016425.0,1.4428326373190423
169,500.0,466.5,0.0,6146500.0,5734684.5,0.0,632.2663788368984,1000.0,1584.0,22.54555198285102,1.4391878743782782,59000.0,48835.0,1358.0,725287000.0,600328655.0,16693894.0,635.4186219170581,1000.0,1584.0,1026991.0,1.4355431114375141
170,150.0,232.0,0.0,1843950.0,2851976.0,0.0,641.5863022195001,1000.0,1584.0,22.771551724137932,1.4356324458292633,59000.0,48835.0,1358.0,725287000.0,600328655.0,16693894.0,635.4186219170581,1000.0,1584.0,1026991.0,1.4357217802210125
171,0.0,0.0,0.0,0.0,0.0,0.0,0.0,1000.0,1584.0,0.0,1.4357217802210125,59000.0,48835.0,1358.0,725287000.0,600328655.0,16693894.0,635.4186219170581,1000.0,1584.0,1026991.0,1.4357217802210125
172,135.5,0.0,0.0,1665701.5,0.0,0.0,0.0,1000.0,1584.0,0.0,1.4357217802210125,59271.0,48835.0,1358.0,728618403.0,600328655.0,16693894.0,635.4186219170581,1000.0,1584.0,1026991.0,1.4357217802210125
173,337.0,250.5,48.5,4142741.0,3079396.5,596210.5,721.7717129569005,1000.0,1584.0,23.940119760479043,1.4357217802210125,59674.0,49336.0,1455.0,733572482.0,606487448.0,17886315.0,636.4353207109748,1000.0,1584.0,1038985.0,1.4357217802210125
174,364.5,492.5,48.5,4480798.5,6054302.5,596210.5,687.0581131886019,1000.0,1584.0,23.383756345177666,1.437539285165577,60000.0,49820.0,1455.0,737580000.0,612437260.0,17886315.0,636.5083133759714,1000.0,1584.0,1050024.0,1.4393567901101416
175,246.0,619.5,0.0,3024078.0,7615513.5,0.0,630.0434816210002,1000.0,1584.0,21.786117836965296,1.4377500927677491,60166.0,50575.0,1455.0,739620638.0,621718475.0,17886315.0,636.2831106661446,1000.0,1584.0,1065978.0,1.4361433954253566
176,429.5,630.0,0.0,5279843.5,7744590.0,0.0,677.0536048221937,1000.0,1584.0,23.90714285714286,1.4361433954253566,60859.0,51080.0,1455.0,748139687.0,627926440.0,17886315.0,637.4807520782126,1000.0,1584.0,1080147.0,1.4361433954253566
177,417.0,453.5,0.0,5126181.0,5574875.5,0.0,650.4323586361912,1000.0,1584.0,22.701212789415656,1.4294044174332488,61000.0,51482.0,1455.0,749873000.0,632868226.0,17886315.0,636.5255378514554,1000.0,1584.0,1086568.0,1.4226654394411407
178,70.5,201.0,0.0,866656.5,2470893.0,0.0,511.6942458050743,1000.0,1584.0,15.972636815920398,1.4240839760019774,61000.0,51482.0,1455.0,749873000.0,632868226.0,17886315.0,636.5255378514554,1000.0,1584.0,1086568.0,1.425502512562814
179,0.0,0.0,0.0,0.0,0.0,0.0,0.0,1000.0,1584.0,0.0,1.425502512562814,61000.0,51482.0,1455.0,749873000.0,632868226.0,17886315.0,636.5255378514554,1000.0,1584.0,1086568.0,1.425502512562814
180,291.0,329.0,0.0,3577263.0,4044397.0,0.0,664.4350669085292,1000.0,1584.0,22.60790273556231,1.425502512562814,61582.0,52140.0,1455.0,757027526.0,640957020.0,17886315.0,636.8681905265134,1000.0,1584.0,1101444.0,1.425502512562814
181,500.0,435.5,0.0,6146500.0,5353601.5,0.0,641.2181709600237,1000.0,1584.0,21.786452353616532,1.4216721204036133,62000.0,52353.0,1455.0,762166000.0,643575429.0,17886315.0,636.6014983673213,1000.0,1584.0,1105544.0,1.4178417282444127
182,209.0,223.0,0.0,2569237.0,2741339.0,0.0,614.7022093451588,1000.0,1584.0,20.905829596412556,1.4196759253619384,62000.0,52586.0,1455.0,762166000.0,646439698.0,17886315.0,636.6852548368166,1000.0,1584.0,1110768.0,1.4215101224794644
183,0.0,116.5,0.0,0.0,1432134.5,0.0,656.0276072428,1000.0,1584.0,22.4206008583691,1.4215101224794644,62000.0,52586.0,1455.0,762166000.0,646439698.0,17886315.0,636.6852548368166,1000.0,1584.0,1110768.0,1.4215101224794644
184,140.5,0.0,0.0,1727166.5,0.0,0.0,0.0,1000.0,1584.0,0.0,1.4215101224794644,62281.0,52586.0,1455.0,765620333.0,646439698.0,17886315.0,636.6852548368166,1000.0,1584.0,1110768.0,1.4215101224794644
185,342.0,202.5,0.0,4204206.0,2489332.5,0.0,668.0125934323562,1000.0,1584.0,22.765432098765434,1.4215101224794644,62684.0,52991.0,1455.0,770574412.0,651418363.0,17886315.0,636.9182852179499,1000.0,1584.0,1119988.0,1.4215101224794644
186,359.5,391.5,0.0,4419333.5,4812709.5,0.0,639.5074116946585,1000.0,1584.0,21.708812260536398,1.4280377794280108,63000.0,53369.0,1455.0,774459000.0,656065117.0,17886315.0,636.7255610680235,1000.0,1584.0,1127766.0,1.4345654363765574
187,258.0,429.0,0.0,3171594.0,5273697.0,0.0,643.5000060071616,1000.0,1584.0,21.973193473193472,1.43312130049532,63201.0,53849.0,1455.0,776929893.0,661965757.0,17886315.0,637.0203956699456,1000.0,1584.0,1138841.0,1.4316771646140825
188,500.0,345.5,3.5,6146500.0,4247231.5,43025.5,615.0894339374967,1000.0,1584.0,20.409551374819102,1.4321731180483237,64000.0,54060.0,1462.0,786752000.0,664559580.0,17972366.0,636.453560478399,1000.0,1584.0,1141869.0,1.432669071482565
189,399.5,181.0,44.0,4911053.5,2225033.0,540892.0,723.2987286643296,1000.0,1584.0,23.11878453038674,1.433842229086721,64000.0,54211.0,1543.0,786752000.0,666415823.0,18968099.0,637.71676274401,1000.0,1584.0,1147210.0,1.4350153866908772
190,0.0,75.5,40.5,0.0,928121.5,497866.5,940.025022189254,1000.0,1584.0,35.370860927152314,1.4378723201002,64000.0,54211.0,1543.0,786752000.0,666415823.0,18968099.0,637.71676274401,1000.0,1584.0,1147210.0,1.4407292535095226
191,0.0,0.0,0.0,0.0,0.0,0.0,0.0,1000.0,1584.0,0.0,1.4407292535095226,64000.0,54211.0,1543.0,786752000.0,666415823.0,18968099.0,637.71676274401,1000.0,1584.0,1147210.0,1.4407292535095226
192,365.5,1.0,0.0,4493091.5,12293.0,0.0,429.7604638084449,1000.0,1584.0,28.0,1.4407292535095226,64731.0,54213.0,1543.0,795738183.0,666440409.0,18968099.0,637.7093032311707,1000.0,1584.0,1147266.0,1.4407292535095226
193,500.0,176.0,2.5,6146500.0,2163568.0,30732.5,753.379928720863,1000.0,1584.0,26.647727272727273,1.4420428524807365,65000.0,54563.0,1548.0,799045000.0,670742959.0,19029564.0,638.4526567800057,1000.0,1584.0,1156590.0,1.4433564514519506
194,402.5,237.5,239.5,4947932.5,2919587.5,2944173.5,914.6400511990414,1000.0,1584.0,28.774736842105263,1.4513078459631608,65536.0,54688.0,2022.0,805634048.0,672279584.0,24856446.0,642.3679513278263,1000.0,1584.0,1160934.0,1.459259240474371
195,500.0,64.0,326.0,6146500.0,786752.0,4007518.0,1004.5906793606389,1000.0,1584.0,34.59375,1.4596027257758704,66000.0,54691.0,2200.0,811338000.0,672316463.0,27044600.0,643.4725660382867,1000.0,1584.0,1161018.0,1.4599462110773698
196,351.5,1.5,89.0,4320989.5,18439.5,1094077.0,989.5648325035581,1000.0,1584.0,28.0,1.4692010240366418,66239.0,54691.0,2200.0,814276027.0,672316463.0,27044600.0,643.4725660382867,1000.0,1584.0,1161018.0,1.4784558369959138
197,226.0,367.5,2.5,2778218.0,4517677.5,30732.5,747.9196844155306,1000.0,1584.0,27.88843537414966,1.4784558369959138,66452.0,55426.0,2205.0,816894436.0,681351818.0,27106065.0,644.8136995879235,1000.0,1584.0,1181516.0,1.4784558369959138
198,380.5,771.0,3.5,4677486.5,9477903.0,43025.5,729.7519514033904,1000.0,1584.0,26.45136186770428,1.4752397655978928,67000.0,56233.0,2207.0,823631000.0,691272269.0,27130651.0,645.7594717181366,1000.0,1584.0,1201806.0,1.472023694199872
199,274.0,403.5,1.0,3368282.0,4960225.5,12293.0,713.1337530980954,1000.0,1584.0,25.14250309789343,1.4551062179459902,67000.0,56233.0,2207.0,823631000.0,691272269.0,27130651.0,645.7594717181366,1000.0,1584.0,1201806.0,1.4381887416921084
200,0.0,0.0,0.0,0.0,0.0,0.0,0.0,1000.0,1584.0,0.0,1.4381887416921084,67000.0,56233.0,2207.0,823631000.0,691272269.0,27130651.0,645.7594717181366,1000.0,1584.0,1201806.0,1.4381887416921084
201,18.5,344.5,0.0,227420.5,4234938.5,0.0,740.6624812304848,1000.0,1584.0,26.640058055152394,1.4381887416921084,67037.0,56922.0,2207.0,824085841.0,699742146.0,27130651.0,646.8653279571058,1000.0,1584.0,1220161.0,1.4381887416921084
202,274.5,799.0,0.0,3374428.5,9822107.0,0.0,683.3405240096174,1000.0,1584.0,22.406758448060074,1.4381887416921084,67549.0,57831.0,2207.0,830379857.0,710916483.0,27130651.0,646.7597469032174,1000.0,1584.0,1237612.0,1.4381887416921084
203,481.5,454.5,0.0,5919079.5,5587168.5,0.0,639.8918677662978,1000.0,1584.0,19.198019801980198,1.4244954811962858,68000.0,57831.0,2207.0,835924000.0,710916483.0,27130651.0,646.7597469032174,1000.0,1584.0,1237612.0,1.4108022207004631
204,225.5,197.5,0.0,2772071.5,2427867.5,0.0,630.570756101873,1000.0,1584.0,19.637974683544304,1.4108022207004631,68000.0,58226.0,2207.0,835924000.0,715772218.0,27130651.0,646.653933004081,1000.0,1584.0,1245369.0,1.4108022207004631
205,0.0,197.5,0.0,0.0,2427867.5,0.0,630.570756101873,1000.0,1584.0,19.637974683544304,1.4108022207004631,68000.0,58226.0,2207.0,835924000.0,715772218.0,27130651.0,646.653933004081,1000.0,1584.0,1245369.0,1.4108022207004631
206,0.0,0.0,0.0,0.0,0.0,0.0,0.0,1000.0,1584.0,0.0,1.4108022207004631,68000.0,58226.0,2207.0,835924000.0,715772218.0,27130651.0,646.653933004081,1000.0,1584.0,1245369.0,1.4108022207004631
207,395.0,290.0,0.0,4855735.0,3564970.0,0.0,719.6043075090842,1000.0,1584.0,23.70344827586207,1.4108022207004631,68790.0,58806.0,2207.0,845635470.0,722902158.0,27130651.0,647.3474117252206,1000.0,1584.0,1259117.0,1.4108022207004631
208,500.0,520.0,0.0,6146500.0,6392360.0,0.0,700.3161539082846,1000.0,1584.0,23.696153846153845,1.4090533583721447,69000.0,59266.0,2207.0,848217000.0,728556938.0,27130651.0,647.5617902705286,1000.0,1584.0,1270013.0,1.4073044960438263
209,328.5,387.0,0.0,4038250.5,4757391.0,0.0,621.9374683795235,1000.0,1584.0,21.385012919896642,1.4107791930014697,69447.0,59580.0,2207.0,853711971.0,732416940.0,27130651.0,647.0291037292086,1000.0,1584.0,1275669.0,1.4142538899591133
210,500.0,328.5,0.0,6146500.0,4038250.5,0.0,572.0830987938168,1000.0,1584.0,19.140030441400306,1.4132955839532035,70000.0,59923.0,2207.0,860510000.0,736633439.0,27130651.0,646.7636331757257,1000.0,1584.0,1282588.0,1.4123372779472938
211,276.5,357.5,0.0,3399014.5,4394747.5,0.0,590.8058140554448,1000.0,1584.0,19.553846153846155,1.4297610286797808,70000.0,60295.0,2207.0,860510000.0,741206435.0,27130651.0,646.3859298769049,1000.0,1584.0,1289650.0,1.4471847794122676
212,0.0,186.0,0.0,0.0,2286498.0,0.0,583.3033869852401,1000.0,1584.0,18.983870967741936,1.4471847794122676,70000.0,60295.0,2207.0,860510000.0,741206435.0,27130651.0,646.3859298769049,1000.0,1584.0,1289650.0,1.4471847794122676
213,0.0,0.0,0.0,0.0,0.0,0.0,0.0,1000.0,1584.0,0.0,1.4471847794122676,70000.0,60295.0,2207.0,860510000.0,741206435.0,27130651.0,646.3859298769049,1000.0,1584.0,1289650.0,1.4471847794122676
214,433.0,190.5,0.0,5322869.0,2341816.5,0.0,638.7592110506272,1000.0,1584.0,21.236220472440944,1.4471847794122676,70866.0,60676.0,2207.0,871155738.0,745890068.0,27130651.0,646.3397205695758,1000.0,1584.0,1297741.0,1.4471847794122676
215,500.0,408.5,0.0,6146500.0,5021690.5,0.0,624.6204681256349,1000.0,1584.0,20.95593635250918,1.4457635703080909,71000.0,61112.0,2207.0,872803000.0,751249816.0,27130651.0,646.1050918622374,1000.0,1584.0,1306771.0,1.4443423612039143
216,376.0,403.5,0.0,4622168.0,4960225.5,0.0,612.9644924920744,1000.0,1584.0,20.138785625774474,1.4463825201400808,71618.0,61483.0,2207.0,880400074.0,755810519.0,27130651.0,645.9168314337842,1000.0,1584.0,1313993.0,1.4484226790762473
217,500.0,369.5,0.0,6146500.0,4542263.5,0.0,591.3775973951684,1000.0,1584.0,18.960757780784846,1.4492873058402598,72000.0,61851.0,2207.0,885096000.0,760334343.0,27130651.0,645.4737324939897,1000.0,1584.0,1320783.0,1.4501519326042722
218,354.0,399.0,0.0,4351722.0,4904907.0,0.0,598.9512338115437,1000.0,1584.0,19.67919799498747,1.4545253004928496,72326.0,62281.0,2207.0,889103518.0,765620333.0,27130651.0,645.3356605662967,1000.0,1584.0,1329697.0,1.458898668381427
219,404.5,423.5,0.0,4972518.5,5206085.5,0.0,611.2123475060993,1000.0,1584.0,19.58677685950413,1.458898668381427,72809.0,62698.0,2207.0,895041037.0,770746514.0,27130651.0,645.0266268305643,1000.0,1584.0,1337373.0,1.458898668381427
220,337.0,208.5,0.0,4142741.0,2563090.5,0.0,597.235337741809,1000.0,1584.0,18.40767386091127,1.449682631966384,73000.0,62698.0,2207.0,897389000.0,770746514.0,27130651.0,645.0266268305643,1000.0,1584.0,1337373.0,1.4404665955513412
221,95.5,0.0,0.0,1173981.5,0.0,0.0,0.0,1000.0,1584.0,0.0,1.4404665955513412,73000.0,62698.0,2207.0,897389000.0,770746514.0,27130651.0,645.0266268305643,1000.0,1584.0,1337373.0,1.4404665955513412
222,45.5,0.0,0.0,559331.5,0.0,0.0,0.0,1000.0,1584.0,0.0,1.4404665955513412,73091.0,62698.0,2207.0,898507663.0,770746514.0,27130651.0,645.0266268305643,1000.0,1584.0,1337373.0,1.4404665955513412
223,299.5,212.5,27.5,3681753.5,2612262.5,338057.5,673.7984478799481,1000.0,1584.0,21.343529411764706,1.4404665955513412,73599.0,63123.0,2262.0,904752507.0,775971039.0,27806766.0,645.2378446038115,1000.0,1584.0,1346444.0,1.4404665955513412
224,454.5,608.0,27.5,5587168.5,7474144.0,338057.5,649.0285097235505,1000.0,1584.0,21.19407894736842,1.4327844225200468,74000.0,63914.0,2262.0,909682000.0,785694802.0,27806766.0,645.103488429287,1000.0,1584.0,1363145.0,1.4251022494887526
225,346.0,395.5,0.0,4253378.0,4861881.5,0.0,633.9974473783283,1000.0,1584.0,21.11378002528445,1.4251022494887526,74291.0,63914.0,2262.0,913259263.0,785694802.0,27806766.0,645.103488429287,1000.0,1584.0,1363145.0,1.4251022494887526
226,464.0,321.0,0.0,5703952.0,3946053.0,0.0,655.7799828740326,1000.0,1584.0,19.802180685358255,1.4251022494887526,74928.0,64556.0,2262.0,921089904.0,793586908.0,27806766.0,645.2060702101485,1000.0,1584.0,1375858.0,1.4251022494887526
227,354.5,483.5,0.0,4357868.5,5943665.5,0.0,633.4984483543967,1000.0,1584.0,19.881075491209927,1.4245488685228715,75000.0,64881.0,2262.0,921975000.0,797582133.0,27806766.0,644.9363515162452,1000.0,1584.0,1382370.0,1.4239954875569905
228,36.0,162.5,0.0,442548.0,1997612.5,0.0,589.483847857147,1000.0,1584.0,20.036923076923078,1.4321118282020002,75000.0,64881.0,2262.0,921975000.0,797582133.0,27806766.0,644.9363515162452,1000.0,1584.0,1382370.0,1.4402281688470098
229,0.0,0.0,0.0,0.0,0.0,0.0,0.0,1000.0,1584.0,0.0,1.4402281688470098,75000.0,64881.0,2262.0,921975000.0,797582133.0,27806766.0,644.9363515162452,1000.0,1584.0,1382370.0,1.4402281688470098
230,93.5,121.5,0.0,1149395.5,1493599.5,0.0,657.8037032202092,1000.0,1584.0,24.68724279835391,1.4402281688470098,75187.0,65124.0,2262.0,924273791.0,800569332.0,27806766.0,644.9827523482288,1000.0,1584.0,1388369.0,1.4402281688470098
231,500.0,371.5,0.0,6146500.0,4566849.5,0.0,660.1269511403951,1000.0,1584.0,22.314939434724092,1.441204828935838,76000.0,65624.0,2262.0,934268000.0,806715832.0,27806766.0,645.1026098835181,1000.0,1584.0,1398950.0,1.442181489024666
232,406.5,480.5,0.0,4997104.5,5906786.5,0.0,654.6748491326506,1000.0,1584.0,21.837669094693027,1.4429867695086638,76000.0,66085.0,2262.0,934268000.0,812382905.0,27806766.0,645.1190290686372,1000.0,1584.0,1409355.0,1.4437920499926618
233,0.0,230.5,0.0,0.0,2833536.5,0.0,647.5368876392071,1000.0,1584.0,22.570498915401302,1.4437920499926618,76000.0,66085.0,2262.0,934268000.0,812382905.0,27806766.0,645.1190290686372,1000.0,1584.0,1409355.0,1.4437920499926618
234,0.0,0.0,0.0,0.0,0.0,0.0,0.0,1000.0,1584.0,0.0,1.4437920499926618,76000.0,66085.0,2262.0,934268000.0,812382905.0,27806766.0,645.1190290686372,1000.0,1584.0,1409355.0,1.4437920499926618
235,493.5,221.5,0.0,6066595.5,2722899.5,0.0,651.7825106133067,1000.0,1584.0,21.64334085778781,1.4437920499926618,76987.0,66528.0,2262.0,946401191.0,817828704.0,27806766.0,645.1619411535944,1000.0,1584.0,1418943.0,1.4437920499926618
236,500.0,419.0,0.0,6146500.0,5150767.0,0.0,638.112414263865,1000.0,1584.0,21.442720763723152,1.4497804746127434,77000.0,66923.0,2262.0,946561000.0,822684439.0,27806766.0,645.0341617822826,1000.0,1584.0,1427324.0,1.455768899232825
237,367.5,444.0,0.0,4517677.5,5458092.0,0.0,640.0623949917637,1000.0,1584.0,21.632882882882882,1.458535717961364,77722.0,67416.0,2262.0,955436546.0,828744888.0,27806766.0,645.0969508124308,1000.0,1584.0,1438153.0,1.4613025366899028
238,500.0,452.5,0.0,6146500.0,5562582.5,0.0,648.4426107875488,1000.0,1584.0,21.647513812154696,1.4632523888651126,78000.0,67828.0,2262.0,958854000.0,833809604.0,27806766.0,645.07817157469,1000.0,1584.0,1446915.0,1.4652022410403223
239,344.0,383.5,0.0,4228792.0,4714365.5,0.0,622.7567876467767,1000.0,1584.0,21.46153846153846,1.4647692934778076,78410.0,68183.0,2262.0,963894130.0,838173619.0,27806766.0,644.8537127522698,1000.0,1584.0,1454614.0,1.464336345915293
240,466.5,424.0,0.0,5734684.5,5212232.0,0.0,630.2471313848157,1000.0,1584.0,21.992924528301888,1.464336345915293,78933.0,68676.0,2262.0,970323369.0,844234068.0,27806766.0,644.900879825825,1000.0,1584.0,1465565.0,1.464336345915293
241,295.0,246.5,0.0,3626435.0,3030224.5,0.0,651.6406049710254,1000.0,1584.0,22.212981744421906,1.4572583889459205,79000.0,68676.0,2262.0,971147000.0,844234068.0,27806766.0,644.900879825825,1000.0,1584.0,1465565.0,1.4501804319765481
242,33.5,0.0,0.0,411815.5,0.0,0.0,0.0,1000.0,1584.0,0.0,1.4501804319765481,79000.0,68676.0,2262.0,971147000.0,844234068.0,27806766.0,644.900879825825,1000.0,1584.0,1465565.0,1.4501804319765481
243,46.5,0.0,0.0,571624.5,0.0,0.0,0.0,1000.0,1584.0,0.0,1.4501804319765481,79093.0,68676.0,2262.0,972290249.0,844234068.0,27806766.0,644.900879825825,1000.0,1584.0,1465565.0,1.4501804319765481
244,323.0,459.5,0.0,3970639.0,5648633.5,0.0,623.3171485302227,1000.0,1584.0,21.16322089227421,1.4501804319765481,79646.0,69595.0,2262.0,979088278.0,855531335.0,27806766.0,644.6248392304673,1000.0,1584.0,1485014.0,1.4501804319765481
245,453.5,594.0,0.0,5574875.5,7302042.0,0.0,622.0851648698705,1000.0,1584.0,21.516835016835017,1.4409119140458115,80000.0,69864.0,2262.0,983440000.0,858838152.0,27806766.0,644.5250781819298,1000.0,1584.0,1491127.0,1.431643396115075
246,348.5,327.5,0.0,4284110.5,4025957.5,0.0,639.2386066204554,1000.0,1584.0,22.31297709923664,1.431643396115075,80343.0,70250.0,2262.0,987656499.0,863583250.0,27806766.0,644.5761854578578,1000.0,1584.0,1499629.0,1.431643396115075
247,500.0,421.5,0.0,6146500.0,5181499.5,0.0,626.3825353158206,1000.0,1584.0,20.57413997627521,1.429773360236988,81000.0,70707.0,2262.0,995733000.0,869201151.0,27806766.0,644.3154800836128,1000.0,1584.0,1508471.0,1.427903324358901
248,328.5,228.5,0.0,4038250.5,2808950.5,0.0,602.9494667417289,1000.0,1584.0,19.347921225382933,1.433280901620706,81000.0,70707.0,2262.0,995733000.0,869201151.0,27806766.0,644.3154800836128,1000.0,1584.0,1508471.0,1.4386584788825112
249,0.0,0.0,0.0,0.0,0.0,0.0,0.0,1000.0,1584.0,0.0,1.4386584788825112,81000.0,70707.0,2262.0,995733000.0,869201151.0,27806766.0,644.3154800836128,1000.0,1584.0,1508471.0,1.4386584788825112
250,36.0,0.0,0.0,442548.0,0.0,0.0,0.0,1000.0,1584.0,0.0,1.4386584788825112,81072.0,70707.0,2262.0,996618096.0,869201151.0,27806766.0,644.3154800836128,1000.0,1584.0,1508471.0,1.4386584788825112
251,500.0,212.0,0.0,6146500.0,2606116.0,0.0,629.4822533336703,1000.0,1584.0,21.02122641509434,1.4401668168964799,82000.0,71131.0,2262.0,1008026000.0,874413383.0,27806766.0,644.2297867866778,1000.0,1584.0,1517384.0,1.4416751549104487
252,464.0,626.5,0.0,5703952.0,7701564.5,0.0,633.7632964061158,1000.0,1584.0,21.32242617717478,1.451525523958657,82000.0,71960.0,2262.0,1008026000.0,884604280.0,27806766.0,644.1373403656345,1000.0,1584.0,1535188.0,1.4613758930068652
253,441.5,640.0,0.0,5427359.5,7867520.0,0.0,636.3357532310484,1000.0,1584.0,21.31484375,1.4613758930068652,82883.0,72411.0,2262.0,1018880719.0,890148423.0,27806766.0,644.0944719747488,1000.0,1584.0,1544667.0,1.4613758930068652
254,500.0,428.0,0.0,6146500.0,5261404.0,0.0,636.7723569360295,1000.0,1584.0,20.81892523364486,1.462654202582983,83000.0,72816.0,2262.0,1020319000.0,895127088.0,27806766.0,644.0533686853047,1000.0,1584.0,1553009.0,1.4639325121591007
255,58.5,202.5,0.0,719140.5,2489332.5,0.0,636.4748355182373,1000.0,1584.0,20.59753086419753,1.4680461466037409,83000.0,72816.0,2262.0,1020319000.0,895127088.0,27806766.0,644.0533686853047,1000.0,1584.0,1553009.0,1.4721597810483809
256,0.0,0.0,0.0,0.0,0.0,0.0,0.0,1000.0,1584.0,0.0,1.4721597810483809,83000.0,72816.0,2262.0,1020319000.0,895127088.0,27806766.0,644.0533686853047,1000.0,1584.0,1553009.0,1.4721597810483809
257,306.0,0.0,0.0,3761658.0,0.0,0.0,0.0,1000.0,1584.0,0.0,1.4721597810483809,83612.0,72816.0,2262.0,1027842316.0,895127088.0,27806766.0,644.0533686853047,1000.0,1584.0,1553009.0,1.4721597810483809
258,500.0,243.5,0.0,6146500.0,2993345.5,0.0,644.2470828121171,1000.0,1584.0,21.529774127310063,1.4697778445696272,84000.0,73303.0,2262.0,1032612000.0,901113779.0,27806766.0,644.0546171307461,1000.0,1584.0,1563494.0,1.4673959080908738
259,403.0,450.0,0.0,4954079.0,5531850.0,0.0,648.2479808376651,1000.0,1584.0,21.297777777777778,1.4671505929787325,84418.0,73716.0,2262.0,1037750474.0,906190788.0,27806766.0,644.1030561071527,1000.0,1584.0,1572177.0,1.466905277866591
260,476.5,447.0,0.0,5857614.5,5494971.0,0.0,644.4707007450804,1000.0,1584.0,21.138702460850112,1.466905277866591,84953.0,74197.0,2262.0,1044327229.0,912103721.0,27806766.0,644.0594822055077,1000.0,1584.0,1582392.0,1.466905277866591
261,291.0,460.5,0.0,3577263.0,5660926.5,0.0,635.3507061614367,1000.0,1584.0,20.550488599348533,1.470937164765279,85000.0,74637.0,2262.0,1044905000.0,917512641.0,27806766.0,643.998231411122,1000.0,1584.0,1591104.0,1.474969051663967
262,23.5,220.0,0.0,288885.5,2704460.0,0.0,633.3546530294974,1000.0,1584.0,19.8,1.474969051663967,85000.0,74637.0,2262.0,1044905000.0,917512641.0,27806766.0,643.998231411122,1000.0,1584.0,1591104.0,1.474969051663967
263,0.0,0.0,0.0,0.0,0.0,0.0,0.0,1000.0,1584.0,0.0,1.474969051663967,85000.0,74637.0,2262.0,1044905000.0,917512641.0,27806766.0,643.998231411122,1000.0,1584.0,1591104.0,1.474969051663967
264,129.5,215.5,0.0,1591943.5,2649141.5,0.0,590.8069004047546,1000.0,1584.0,19.73317865429234,1.474969051663967,85259.0,75068.0,2262.0,1048088887.0,922810924.0,27806766.0,643.7017686713867,1000.0,1584.0,1599609.0,1.474969051663967
265,500.0,434.0,0.0,6146500.0,5335162.0,0.0,619.1562337105802,1000.0,1584.0,20.3536866359447,1.4734416107767672,86000.0,75505.0,2262.0,1057198000.0,928182965.0,27806766.0,643.720956294376,1000.0,1584.0,1608771.0,1.471914169889567
266,370.5,440.5,0.0,4554556.5,5415066.5,0.0,639.9579575328033,1000.0,1584.0,20.919409761634505,1.4653690146150904,86000.0,75949.0,2262.0,1057198000.0,933641057.0,27806766.0,643.6595968846428,1000.0,1584.0,1618039.0,1.4588238593406138
267,313.5,447.5,0.0,3853855.5,5501117.5,0.0,642.0688060615323,1000.0,1584.0,21.137430167597767,1.4588238593406138,86627.0,76400.0,2262.0,1064905711.0,939185200.0,27806766.0,643.7021584700336,1000.0,1584.0,1627689.0,1.4588238593406138
268,500.0,448.5,0.0,6146500.0,5513410.5,0.0,637.5990459493677,1000.0,1584.0,21.17614269788183,1.4568355919431233,87000.0,76846.0,2262.0,1069491000.0,944667878.0,27806766.0,643.5908767275281,1000.0,1584.0,1637034.0,1.454847324545633
269,186.5,223.0,0.0,2292644.5,2741339.0,0.0,623.9638712815622,1000.0,1584.0,20.95291479820628,1.4587650716682588,87000.0,76846.0,2262.0,1069491000.0,944667878.0,27806766.0,643.5908767275281,1000.0,1584.0,1637034.0,1.4626828187908845
270,0.0,0.0,0.0,0.0,0.0,0.0,0.0,1000.0,1584.0,0.0,1.4626828187908845,87000.0,76846.0,2262.0,1069491000.0,944667878.0,27806766.0,643.5908767275281,1000.0,1584.0,1637034.0,1.4626828187908845
271,111.5,210.0,0.0,1370669.5,2581530.0,0.0,631.632918619074,1000.0,1584.0,20.50952380952381,1.4626828187908845,87223.0,77266.0,2262.0,1072232339.0,949830938.0,27806766.0,643.5277248513895,1000.0,1584.0,1645648.0,1.4626828187908845
272,500.0,425.5,0.0,6146500.0,5230671.5,0.0,636.6667184275954,1000.0,1584.0,21.312573443008226,1.4635097172472173,88000.0,77697.0,2262.0,1081784000.0,955129221.0,27806766.0,643.5171832256923,1000.0,1584.0,1655171.0,1.46433661570355
273,388.5,443.0,0.0,4775830.5,5445799.0,0.0,646.1347195860612,1000.0,1584.0,22.19074492099323,1.4703511067141855,88000.0,78152.0,2262.0,1081784000.0,960722536.0,27806766.0,643.5564486723013,1000.0,1584.0,1665309.0,1.476365597724821
274,0.0,227.5,0.0,0.0,2796657.5,0.0,650.456725255775,1000.0,1584.0,22.28131868131868,1.476365597724821,88000.0,78152.0,2262.0,1081784000.0,960722536.0,27806766.0,643.5564486723013,1000.0,1584.0,1665309.0,1.476365597724821
275,0.0,0.0,0.0,0.0,0.0,0.0,0.0,1000.0,1584.0,0.0,1.476365597724821,88000.0,78152.0,2262.0,1081784000.0,960722536.0,27806766.0,643.5564486723013,1000.0,1584.0,1665309.0,1.476365597724821
276,439.0,0.0,0.0,5396627.0,0.0,0.0,0.0,1000.0,1584.0,0.0,1.476365597724821,88878.0,78152.0,2262.0,1092577254.0,960722536.0,27806766.0,643.5564486723013,1000.0,1584.0,1665309.0,1.476365597724821
277,500.0,209.0,0.0,6146500.0,2569237.0,0.0,633.1139192162185,1000.0,1584.0,20.822966507177032,1.475532229695192,89000.0,78570.0,2262.0,1094077000.0,965861010.0,27806766.0,643.5024480622379,1000.0,1584.0,1674013.0,1.4746988616655632
278,391.5,425.5,0.0,4812709.5,5230671.5,0.0,629.7447926155546,1000.0,1584.0,21.249118683901294,1.4817474775651656,89661.0,79003.0,2262.0,1102202673.0,971183879.0,27806766.0,643.4118142133786,1000.0,1584.0,1683392.0,1.4887960934647682
279,500.0,413.5,0.0,6146500.0,5083155.5,0.0,627.7505893789853,1000.0,1584.0,21.328899637243047,1.489678237011327,90000.0,79397.0,2262.0,1106370000.0,976027321.0,27806766.0,643.3429214071101,1000.0,1584.0,1691652.0,1.4905603805578858
280,341.5,435.0,0.0,4198059.5,5347455.0,0.0,640.8743606292664,1000.0,1584.0,22.105747126436782,1.4945956645377207,90344.0,79873.0,2262.0,1110598792.0,981878789.0,27806766.0,643.3849366993087,1000.0,1584.0,1702624.0,1.4986309485175555
281,451.0,237.5,90.0,5544143.0,2919587.5,1106370.0,746.5924664187997,1000.0,1584.0,23.08,1.4986309485175555,90902.0,79873.0,2442.0,1117458286.0,981878789.0,30019506.0,644.1625678891784,1000.0,1584.0,1702624.0,1.4986309485175555
282,328.0,214.5,90.0,4032104.0,2636848.5,1106370.0,755.0832985270335,1000.0,1584.0,21.920745920745922,1.491286703809341,91000.0,80302.0,2442.0,1118663000.0,987152486.0,30019506.0,644.2070422580578,1000.0,1584.0,1712028.0,1.4839424591011263
283,49.0,561.0,0.0,602357.0,6896373.0,0.0,633.1634230195676,1000.0,1584.0,20.196969696969695,1.4839424591011263,91000.0,80995.0,2442.0,1118663000.0,995671535.0,30019506.0,644.0146594008155,1000.0,1584.0,1725285.0,1.4839424591011263
284,0.0,346.5,0.0,0.0,4259524.5,0.0,621.0442017676643,1000.0,1584.0,19.12987012987013,1.4839424591011263,91000.0,80995.0,2442.0,1118663000.0,995671535.0,30019506.0,644.0146594008155,1000.0,1584.0,1725285.0,1.4839424591011263
285,109.0,0.0,0.0,1339937.0,0.0,0.0,0.0,1000.0,1584.0,0.0,1.4839424591011263,91218.0,80995.0,2442.0,1121342874.0,995671535.0,30019506.0,644.0146594008155,1000.0,1584.0,1725285.0,1.4839424591011263
286,500.0,168.0,0.0,6146500.0,2065224.0,0.0,662.9862389761724,1000.0,1584.0,23.422619047619047,1.483051146365774,92000.0,81331.0,2442.0,1130956000.0,999801983.0,30019506.0,644.0907513485475,1000.0,1584.0,1733155.0,1.4821598336304218
287,391.0,378.0,0.0,4806563.0,4646754.0,0.0,660.1297185143147,1000.0,1584.0,22.35185185185185,1.476642877842103,92000.0,81751.0,2442.0,1130956000.0,1004965043.0,30019506.0,644.1593624603307,1000.0,1584.0,1742183.0,1.471125922053784
288,245.5,473.5,0.0,3017931.5,5820735.5,0.0,655.6560438320477,1000.0,1584.0,21.594508975712777,1.4734012876643527,92491.0,82278.0,2442.0,1136991863.0,1011443454.0,30019506.0,644.2200281660857,1000.0,1584.0,1753605.0,1.4756766532749213
289,500.0,477.0,0.0,6146500.0,5863761.0,0.0,673.0034529900605,1000.0,1584.0,22.129979035639412,1.4768055767993569,93000.0,82705.0,2442.0,1143249000.0,1016692565.0,30019506.0,644.4825360585235,1000.0,1584.0,1763295.0,1.4779345003237927
290,254.5,213.5,0.0,3128568.5,2624555.5,0.0,696.5660691906244,1000.0,1584.0,22.693208430913348,1.4788420331401277,93000.0,82705.0,2442.0,1143249000.0,1016692565.0,30019506.0,644.4825360585235,1000.0,1584.0,1763295.0,1.4797495659564626
291,0.0,0.0,0.0,0.0,0.0,0.0,0.0,1000.0,1584.0,0.0,1.4797495659564626,93000.0,82705.0,2442.0,1143249000.0,1016692565.0,30019506.0,644.4825360585235,1000.0,1584.0,1763295.0,1.4797495659564626
292,112.0,250.5,0.0,1376816.0,3079396.5,0.0,631.4793037367148,1000.0,1584.0,20.716566866267463,1.4797495659564626,93224.0,83206.0,2442.0,1146002632.0,1022851358.0,30019506.0,644.4064733437706,1000.0,1584.0,1773674.0,1.4797495659564626
293,475.0,408.0,0.0,5839175.0,5015544.0,0.0,611.4690746943535,1000.0,1584.0,20.647058823529413,1.4797495659564626,93950.0,83521.0,2442.0,1154927350.0,1026723653.0,30019506.0,644.1691572272449,1000.0,1584.0,1780143.0,1.4797495659564626
294,398.0,157.5,0.0,4892614.0,1936147.5,0.0,579.6432818365026,1000.0,1584.0,20.536507936507938,1.4798205124312602,94020.0,83521.0,2442.0,1155787860.0,1026723653.0,30019506.0,644.1691572272449,1000.0,1584.0,1780143.0,1.4798914589060577
295,360.0,182.5,0.0,4425480.0,2243472.5,0.0,589.9444100402651,1000.0,1584.0,19.65753424657534,1.4798914589060577,94670.0,83886.0,2442.0,1163778310.0,1031210598.0,30019506.0,643.9398917198406,1000.0,1584.0,1787318.0,1.4798914589060577
296,490.0,404.0,0.0,6023570.0,4966372.0,0.0,624.6393180290496,1000.0,1584.0,20.77227722772277,1.4698400112540901,95000.0,84329.0,2442.0,1167835000.0,1036656397.0,30019506.0,643.9872979646793,1000.0,1584.0,1796927.0,1.4597885636021226
297,165.0,427.0,0.0,2028345.0,5249111.0,0.0,639.7632670875787,1000.0,1584.0,21.32201405152225,1.4620691151857828,95000.0,84740.0,2442.0,1167835000.0,1041708820.0,30019506.0,643.898979175555,1000.0,1584.0,1805527.0,1.4643496667694427
298,0.0,205.5,0.0,0.0,2526211.5,0.0,625.2529702920119,1000.0,1584.0,20.92457420924574,1.4643496667694427,95000.0,84740.0,2442.0,1167835000.0,1041708820.0,30019506.0,643.898979175555,1000.0,1584.0,1805527.0,1.4643496667694427
299,90.5,0.0,0.0,1112516.5,0.0,0.0,0.0,1000.0,1584.0,0.0,1.4643496667694427,95181.0,84740.0,2442.0,1170060033.0,1041708820.0,30019506.0,643.898979175555,1000.0,1584.0,1805527.0,1.4643496667694427
300,465.0,216.0,0.0,5716245.0,2655288.0,0.0,607.4389729848176,1000.0,1584.0,20.564814814814813,1.4643496667694427,95930.0,85172.0,2442.0,1179267490.0,1047019396.0,30019506.0,643.71920513631,1000.0,1584.0,1814411.0,1.4643496667694427
301,409.5,398.0,0.0,5033983.5,4892614.0,0.0,623.394943885315,1000.0,1584.0,20.719849246231156,1.4619063330572821,96000.0,85536.0,2442.0,1180128000.0,1051494048.0,30019506.0,643.7134644776633,1000.0,1584.0,1822020.0,1.4594629993451214
302,309.0,391.5,0.0,3798537.0,4812709.5,0.0,617.593413474045,1000.0,1584.0,20.689655172413794,1.45985612176354,96548.0,85955.0,2442.0,1186864564.0,1056644815.0,30019506.0,643.4877889697923,1000.0,1584.0,1830611.0,1.4602492441819588
303,500.0,392.0,0.0,6146500.0,4818856.0,0.0,620.5635995255653,1000.0,1584.0,20.794642857142858,1.466413223317812,97000.0,86320.0,2442.0,1192421000.0,1061131760.0,30019506.0,643.5089907825857,1000.0,1584.0,1838323.0,1.4725772024536654
304,226.0,413.5,0.0,2778218.0,5083155.5,0.0,647.3157764146947,1000.0,1584.0,21.663845223700122,1.4725134433414397,97000.0,86782.0,2442.0,1192421000.0,1066811126.0,30019506.0,643.5232698450817,1000.0,1584.0,1848527.0,1.4724496842292139
305,0.0,231.0,0.0,0.0,2839683.0,0.0,646.2666424541494,1000.0,1584.0,22.086580086580085,1.4713068906010356,97000.0,86782.0,2442.0,1192421000.0,1066811126.0,30019506.0,643.5232698450817,1000.0,1584.0,1848527.0,1.4701640969728573
306,0.0,0.0,0.0,0.0,0.0,0.0,0.0,1000.0,1584.0,0.0,1.4701640969728573,97000.0,86782.0,2442.0,1192421000.0,1066811126.0,30019506.0,643.5232698450817,1000.0,1584.0,1848527.0,1.4701640969728573
307,399.5,174.5,0.0,4911053.5,2145128.5,0.0,636.8601295658971,1000.0,1584.0,21.20343839541547,1.4701640969728573,97799.0,87131.0,2442.0,1202243107.0,1071101383.0,30019506.0,643.4973084955964,1000.0,1584.0,1855927.0,1.4701640969728573
308,500.0,210.5,0.0,6146500.0,2587676.5,0.0,658.8106586663525,1000.0,1584.0,21.619952494061756,1.46858792939797,98000.0,87203.0,2442.0,1204714000.0,1071986479.0,30019506.0,643.5950640410074,1000.0,1584.0,1857629.0,1.4670117618230825
309,372.0,232.0,0.0,4572996.0,2851976.0,0.0,638.6363188443588,1000.0,1584.0,21.058189655172413,1.4662666279164744,98543.0,87595.0,2442.0,1211389099.0,1076805335.0,30019506.0,643.4722576920583,1000.0,1584.0,1865698.0,1.4655214940098662
310,500.0,426.5,0.0,6146500.0,5242964.5,0.0,630.9525405625336,1000.0,1584.0,21.105509964830013,1.4622295144338233,99000.0,88056.0,2442.0,1217007000.0,1082472408.0,30019506.0,643.475900385158,1000.0,1584.0,1875632.0,1.4589375348577804
311,228.5,406.5,0.0,2808950.5,4997104.5,0.0,642.4251803207376,1000.0,1584.0,21.650676506765066,1.4597181890190938,99000.0,88408.0,2442.0,1217007000.0,1086799544.0,30019506.0,643.4628875885602,1000.0,1584.0,1883300.0,1.4604988431804071
312,0.0,176.0,0.0,0.0,2163568.0,0.0,640.11734194507,1000.0,1584.0,21.78409090909091,1.4604988431804071,99000.0,88408.0,2442.0,1217007000.0,1086799544.0,30019506.0,643.4628875885602,1000.0,1584.0,1883300.0,1.4604988431804071
313,0.0,0.0,0.0,0.0,0.0,0.0,0.0,1000.0,1584.0,0.0,1.4604988431804071,99000.0,88408.0,2442.0,1217007000.0,1086799544.0,30019506.0,643.4628875885602,1000.0,1584.0,1883300.0,1.4604988431804071
314,195.5,244.5,0.0,2403281.5,3005638.5,0.0,623.8507546364111,1000.0,1584.0,20.54192229038855,1.4604988431804071,99391.0,88897.0,2442.0,1221813563.0,1092810821.0,30019506.0,643.3578904568469,1000.0,1584.0,1893345.0,1.4604988431804071
315,500.0,431.0,0.0,6146500.0,5298283.0,0.0,632.4300173221887,1000.0,1584.0,20.99187935034803,1.4645690696840452,100000.0,89270.0,2442.0,1229300000.0,1097396110.0,30019506.0,643.3591897718123,1000.0,1584.0,1901395.0,1.4686392961876833
316,491.0,397.0,0.0,6035863.0,4880321.0,0.0,634.8457760196641,1000.0,1584.0,21.633501259445843,1.466968533707004,100373.0,89691.0,2442.0,1233885289.0,1102571463.0,30019506.0,643.2845332573311,1000.0,1584.0,1910522.0,1.4652977712263249
317,500.0,434.5,0.0,6146500.0,5341308.5,0.0,624.583627281878,1000.0,1584.0,21.13808975834292,1.4612666672026422,101000.0,90139.0,2442.0,1241593000.0,1108078727.0,30019506.0,643.1829552981771,1000.0,1584.0,1919764.0,1.4572355631789595
318,313.5,436.0,0.0,3853855.5,5359748.0,0.0,630.0478542473126,1000.0,1584.0,21.2052752293578,1.4569514780352575,101000.0,90563.0,2442.0,1241593000.0,1113290959.0,30019506.0,643.160428272688,1000.0,1584.0,1929013.0,1.4566673928915554
319,0.0,212.0,0.0,0.0,2606116.0,0.0,638.2416203792368,1000.0,1584.0,21.81367924528302,1.4566673928915554,101000.0,90563.0,2442.0,1241593000.0,1113290959.0,30019506.0,643.160428272688,1000.0,1584.0,1929013.0,1.4566673928915554
320,68.0,0.0,0.0,835924.0,0.0,0.0,0.0,1000.0,1584.0,0.0,1.4566673928915554,101136.0,90563.0,2442.0,1243264848.0,1113290959.0,30019506.0,643.160428272688,1000.0,1584.0,1929013.0,1.4566673928915554
321,445.5,232.5,0.0,5476531.5,2858122.5,0.0,633.2151594522632,1000.0,1584.0,21.331182795698926,1.4566673928915554,101891.0,91028.0,2442.0,1252546063.0,1119007204.0,30019506.0,643.1109519701146,1000.0,1584.0,1938932.0,1.4566673928915554
322,432.0,422.5,0.0,5310576.0,5193792.5,0.0,634.39941333433,1000.0,1584.0,21.36094674556213,1.4544286055160884,102000.0,91408.0,2442.0,1253886000.0,1123678544.0,30019506.0,643.0815464653052,1000.0,1584.0,1947063.0,1.4521898181406212
323,179.5,440.5,15.0,2206593.5,5415066.5,184395.0,644.4856718378244,1000.0,1584.0,21.306469920544835,1.4508806914584973,102251.0,91909.0,2472.0,1256971543.0,1129837337.0,30388296.0,643.1242212700753,1000.0,1584.0,1957703.0,1.4495715647763736
324,500.0,501.0,15.0,6146500.0,6158793.0,184395.0,643.6167002335566,1000.0,1584.0,21.092814371257486,1.4499444007147635,103000.0,92410.0,2472.0,1266179000.0,1135996130.0,30388296.0,643.0873671550975,1000.0,1584.0,1968198.0,1.4503172366531534
325,374.5,250.5,0.0,4603728.5,3079396.5,0.0,636.1445962454668,1000.0,1584.0,20.94810379241517,1.4588853574532168,103000.0,92410.0,2472.0,1266179000.0,1135996130.0,30388296.0,643.0873671550975,1000.0,1584.0,1968198.0,1.4674534782532804
326,0.0,0.0,0.0,0.0,0.0,0.0,0.0,1000.0,1584.0,0.0,1.4683982785734604,103000.0,92410.0,2472.0,1266179000.0,1135996130.0,30388296.0,643.0873671550975,1000.0,1584.0,1968198.0,1.4693430788936406
327,0.0,0.0,0.0,0.0,0.0,0.0,0.0,1000.0,1584.0,0.0,1.4693430788936406,103000.0,92410.0,2472.0,1266179000.0,1135996130.0,30388296.0,643.0873671550975,1000.0,1584.0,1968198.0,1.4693430788936406
328,376.0,274.5,0.0,4622168.0,3374428.5,0.0,649.8237626518408,1000.0,1584.0,22.127504553734063,1.4693430788936406,103752.0,92959.0,2472.0,1275423336.0,1142744987.0,30388296.0,643.1261206118111,1000.0,1584.0,1980346.0,1.4693430788936406
329,500.0,274.5,0.0,6146500.0,3374428.5,0.0,649.8237626518408,1000.0,1584.0,22.127504553734063,1.467845792995523,104000.0,92959.0,2472.0,1278472000.0,1142744987.0,30388296.0,643.1261206118111,1000.0,1584.0,1980346.0,1.4663485070974058
330,417.0,302.5,0.0,5126181.0,3718632.5,0.0,658.7932200324301,1000.0,1584.0,22.175206611570246,1.4666438592900093,104586.0,93564.0,2472.0,1285675698.0,1150182252.0,30388296.0,643.2248189660686,1000.0,1584.0,1993762.0,1.466939211482613
331,500.0,404.0,0.0,6146500.0,4966372.0,0.0,641.408793233187,1000.0,1584.0,21.524752475247524,1.4657468556663487,105000.0,93767.0,2472.0,1290765000.0,1152677731.0,30388296.0,643.1117023352087,1000.0,1584.0,1997738.0,1.4645544998500846
332,207.0,371.5,0.0,2544651.0,4566849.5,0.0,642.2511843562769,1000.0,1584.0,21.273216689098252,1.4592417492326497,105000.0,94307.0,2472.0,1290765000.0,1159315951.0,30388296.0,643.2173440953308,1000.0,1584.0,2009568.0,1.4539289986152146
333,0.0,270.0,0.0,0.0,3319110.0,0.0,662.0448577109609,1000.0,1584.0,21.90740740740741,1.4539289986152146,105000.0,94307.0,2472.0,1290765000.0,1159315951.0,30388296.0,643.2173440953308,1000.0,1584.0,2009568.0,1.4539289986152146
334,0.0,0.0,0.0,0.0,0.0,0.0,0.0,1000.0,1584.0,0.0,1.4539289986152146,105000.0,94307.0,2472.0,1290765000.0,1159315951.0,30388296.0,643.2173440953308,1000.0,1584.0,2009568.0,1.4539289986152146
335,170.5,202.5,0.0,2095956.5,2489332.5,0.0,649.1274739870041,1000.0,1584.0,21.901234567901234,1.4539289986152146,105341.0,94712.0,2472.0,1294956913.0,1164294616.0,30388296.0,643.2419736908,1000.0,1584.0,2018438.0,1.4539289986152146
336,500.0,429.0,0.0,6146500.0,5273697.0,0.0,640.2539609818218,1000.0,1584.0,21.424242424242426,1.453379690956739,106000.0,95165.0,2472.0,1303058000.0,1169863345.0,30388296.0,643.1913029151285,1000.0,1584.0,2027950.0,1.452830383298263
337,385.0,442.5,0.0,4732805.0,5439652.5,0.0,651.2693882304236,1000.0,1584.0,22.0180790960452,1.4560316906395359,106111.0,95597.0,2472.0,1304422523.0,1175173921.0,30388296.0,643.3144151541329,1000.0,1584.0,2037924.0,1.4592329979808087
338,428.0,294.0,0.0,5261404.0,3614142.0,0.0,648.0944042107986,1000.0,1584.0,21.397959183673468,1.4592329979808087,106856.0,95753.0,2472.0,1313580808.0,1177091629.0,30388296.0,643.220654134898,1000.0,1584.0,2040532.0,1.4592329979808087
339,444.5,416.0,0.0,5464238.5,5113888.0,0.0,621.7891145560914,1000.0,1584.0,21.46875,1.4537179208682312,107000.0,96429.0,2472.0,1315351000.0,1185401697.0,30388296.0,643.1333345776203,1000.0,1584.0,2055786.0,1.4482028437556538
340,72.0,337.5,0.0,885096.0,4148887.5,0.0,630.8322724442725,1000.0,1584.0,22.576296296296295,1.4493861141498185,107000.0,96429.0,2472.0,1315351000.0,1185401697.0,30388296.0,643.1333345776203,1000.0,1584.0,2055786.0,1.4505693845439833
341,0.0,0.0,0.0,0.0,0.0,0.0,0.0,1000.0,1584.0,0.0,1.4505693845439833,107000.0,96429.0,2472.0,1315351000.0,1185401697.0,30388296.0,643.1333345776203,1000.0,1584.0,2055786.0,1.4505693845439833
342,299.0,0.0,0.0,3675607.0,0.0,0.0,0.0,1000.0,1584.0,0.0,1.4505693845439833,107598.0,96429.0,2472.0,1322702214.0,1185401697.0,30388296.0,643.1333345776203,1000.0,1584.0,2055786.0,1.4505693845439833
343,500.0,202.5,0.0,6146500.0,2489332.5,0.0,631.4815541870034,1000.0,1584.0,21.71604938271605,1.4477652427732983,108000.0,96834.0,2472.0,1327644000.0,1190380362.0,30388296.0,643.0858150817363,1000.0,1584.0,2064581.0,1.444961101002613
344,261.5,438.0,0.0,3214619.5,5384334.0,0.0,650.5829426208986,1000.0,1584.0,22.07191780821918,1.4485023133116366,108121.0,97305.0,2472.0,1329131453.0,1196170365.0,30388296.0,643.1987389959314,1000.0,1584.0,2075121.0,1.45204352562066
345,328.5,453.5,0.0,4038250.5,5574875.5,0.0,656.7195542850346,1000.0,1584.0,21.95148842337376,1.45204352562066,108657.0,97741.0,2472.0,1335720501.0,1201530113.0,30388296.0,643.2092102645705,1000.0,1584.0,2084491.0,1.45204352562066
346,439.5,434.5,0.0,5402773.5,5341308.5,0.0,641.6745109041276,1000.0,1584.0,21.746835443037973,1.4563477210051408,109000.0,98174.0,2472.0,1339937000.0,1206852982.0,30388296.0,643.1855784708056,1000.0,1584.0,2094019.0,1.4606519163896214
347,171.5,216.5,0.0,2108249.5,2661434.5,0.0,637.7162645019198,1000.0,1584.0,22.00461893764434,1.4584669684983727,109000.0,98174.0,2472.0,1339937000.0,1206852982.0,30388296.0,643.1855784708056,1000.0,1584.0,2094019.0,1.456282020607124
348,0.0,0.0,0.0,0.0,0.0,0.0,0.0,1000.0,1584.0,0.0,1.456282020607124,109000.0,98174.0,2472.0,1339937000.0,1206852982.0,30388296.0,643.1855784708056,1000.0,1584.0,2094019.0,1.456282020607124
349,34.5,222.5,0.0,424108.5,2735192.5,0.0,652.7763227125904,1000.0,1584.0,22.43370786516854,1.456282020607124,109069.0,98619.0,2472.0,1340785217.0,1212323367.0,30388296.0,643.2277966819977,1000.0,1584.0,2104002.0,1.456282020607124
350,416.5,417.0,0.0,5120034.5,5126181.0,0.0,638.4225349354043,1000.0,1584.0,21.955635491606714,1.456282020607124,109833.0,99008.0,2472.0,1350177069.0,1217105344.0,30388296.0,643.1464340255104,1000.0,1584.0,2112330.0,1.456282020607124
351,465.5,413.5,0.0,5722391.5,5083155.5,0.0,641.235734679479,1000.0,1584.0,22.123337363966144,1.4497600402466455,110000.0,99446.0,2472.0,1352230000.0,1222489678.0,30388296.0,643.2116323609143,1000.0,1584.0,2122298.0,1.4432380598861667
352,379.5,219.0,0.0,4665193.5,2692167.0,0.0,658.3174019427048,1000.0,1584.0,22.75799086757991,1.4432380598861667,110592.0,99446.0,2472.0,1359507456.0,1222489678.0,30388296.0,643.2116323609143,1000.0,1584.0,2122298.0,1.4432380598861667
353,500.0,215.0,0.0,6146500.0,2642995.0,0.0,629.0977867495466,1000.0,1584.0,21.846511627906978,1.4383584541916932,111000.0,99876.0,2472.0,1364523000.0,1227775668.0,30388296.0,643.1523351239099,1000.0,1584.0,2131692.0,1.4334788484972196
354,204.0,439.5,0.0,2507772.0,5402773.5,0.0,649.0294901343667,1000.0,1584.0,22.274175199089875,1.437888862221918,111000.0,100325.0,2472.0,1364523000.0,1233295225.0,30388296.0,643.2613798922899,1000.0,1584.0,2141877.0,1.4422988759466162
355,0.0,224.5,0.0,0.0,2759778.5,0.0,668.1177584093615,1000.0,1584.0,22.683741648106903,1.4422988759466162,111000.0,100325.0,2472.0,1364523000.0,1233295225.0,30388296.0,643.2613798922899,1000.0,1584.0,2141877.0,1.4422988759466162
356,0.0,0.0,0.0,0.0,0.0,0.0,0.0,1000.0,1584.0,0.0,1.4422988759466162,111000.0,100325.0,2472.0,1364523000.0,1233295225.0,30388296.0,643.2613798922899,1000.0,1584.0,2141877.0,1.4422988759466162
357,195.0,208.0,0.0,2397135.0,2556944.0,0.0,645.9549098025947,1000.0,1584.0,21.88701923076923,1.4422988759466162,111390.0,100741.0,2472.0,1369317270.0,1238409113.0,30388296.0,643.2722361646845,1000.0,1584.0,2150982.0,1.4422988759466162
358,500.0,437.5,0.0,6146500.0,5378187.5,0.0,646.4456380988365,1000.0,1584.0,21.902857142857144,1.4412403445679836,112000.0,101200.0,2472.0,1376816000.0,1244051600.0,30388296.0,643.2882552871,1000.0,1584.0,2161042.0,1.4401818131893507
359,365.5,439.0,0.0,4493091.5,5396627.0,0.0,648.1124761394137,1000.0,1584.0,22.425968109339408,1.4372325205963115,112121.0,101619.0,2472.0,1378303453.0,1249202367.0,30388296.0,643.3130632361682,1000.0,1584.0,2170672.0,1.4342832280032722
360,500.0,209.5,0.0,6146500.0,2575383.5,0.0,649.4512248014381,1000.0,1584.0,22.98329355608592,1.4350319568613268,113000.0,101619.0,2472.0,1389109000.0,1249202367.0,30388296.0,643.3130632361682,1000.0,1584.0,2170672.0,1.4357806857193813
361,439.5,212.0,0.0,5402773.5,2606116.0,0.0,652.1833094423033,1000.0,1584.0,22.16509433962264,1.442994758636578,113000.0,102043.0,2472.0,1389109000.0,1254414599.0,30388296.0,643.3490483520982,1000.0,1584.0,2180070.0,1.4502088315537744
362,0.0,427.5,0.0,0.0,5255257.5,0.0,647.0521838543074,1000.0,1584.0,22.4140350877193,1.450461581715536,113000.0,102474.0,2472.0,1389109000.0,1259712882.0,30388296.0,643.3435260277813,1000.0,1584.0,2189836.0,1.4507143318772975
363,0.0,215.5,0.0,0.0,2649141.5,0.0,642.0043944127522,1000.0,1584.0,22.65893271461717,1.4507143318772975,113000.0,102474.0,2472.0,1389109000.0,1259712882.0,30388296.0,643.3435260277813,1000.0,1584.0,2189836.0,1.4507143318772975
364,261.0,0.0,0.0,3208473.0,0.0,0.0,0.0,1000.0,1584.0,0.0,1.4507143318772975,113522.0,102474.0,2472.0,1395525946.0,1259712882.0,30388296.0,643.3435260277813,1000.0,1584.0,2189836.0,1.4507143318772975
365,500.0,204.0,0.0,6146500.0,2507772.0,0.0,633.5190695264289,1000.0,1584.0,21.53921568627451,1.4495897148918682,114000.0,102882.0,2472.0,1401402000.0,1264728426.0,30388296.0,643.3054792687351,1000.0,1584.0,2198624.0,1.4484650979064388
366,365.0,382.0,0.0,4486945.0,4695926.0,0.0,626.832137189746,1000.0,1584.0,21.373036649214658,1.4497522626182842,114252.0,103238.0,2472.0,1404499836.0,1269104734.0,30388296.0,643.2241929365664,1000.0,1584.0,2206165.0,1.4510394273301295
367,384.0,399.5,0.0,4720512.0,4911053.5,0.0,630.3749421793843,1000.0,1584.0,21.44305381727159,1.4510394273301295,114768.0,103681.0,2472.0,1410843024.0,1274550533.0,30388296.0,643.2081527764603,1000.0,1584.0,2215757.0,1.4510394273301295
368,374.0,431.5,0.0,4597582.0,5304429.5,0.0,644.3366751242098,1000.0,1584.0,22.169177288528388,1.4547367851986501,115000.0,104101.0,2472.0,1413695000.0,1279713593.0,30388296.0,643.233201523432,1000.0,1584.0,2225297.0,1.4584341430671706
369,116.0,210.0,0.0,1425988.0,2581530.0,0.0,649.5641530405906,1000.0,1584.0,22.714285714285715,1.453417382333896,115000.0,104101.0,2472.0,1413695000.0,1279713593.0,30388296.0,643.233201523432,1000.0,1584.0,2225297.0,1.4484006216006216
370,0.0,0.0,0.0,0.0,0.0,0.0,0.0,1000.0,1584.0,0.0,1.4484006216006216,115000.0,104101.0,2472.0,1413695000.0,1279713593.0,30388296.0,643.233201523432,1000.0,1584.0,2225297.0,1.4484006216006216
371,131.0,0.0,0.0,1610383.0,0.0,0.0,0.0,1000.0,1584.0,0.0,1.4484006216006216,115262.0,104101.0,2472.0,1416915766.0,1279713593.0,30388296.0,643.233201523432,1000.0,1584.0,2225297.0,1.4484006216006216
372,485.0,222.0,0.0,5962105.0,2729046.0,0.0,639.3886202799805,1000.0,1584.0,21.943693693693692,1.4484006216006216,115970.0,104545.0,2472.0,1425619210.0,1285171685.0,30388296.0,643.2172508420272,1000.0,1584.0,2235040.0,1.4484006216006216
373,385.5,323.0,0.0,4738951.5,3970639.0,0.0,615.9122151394018,1000.0,1584.0,19.63622291021672,1.4516333763596467,116033.0,104747.0,2472.0,1426393669.0,1287654871.0,30388296.0,643.0685911726189,1000.0,1584.0,2237982.0,1.4548661311186721
374,390.5,310.0,0.0,4800416.5,3810830.0,0.0,614.7721575828906,1000.0,1584.0,19.712903225806453,1.4548661311186721,116751.0,105165.0,2472.0,1435220043.0,1292793345.0,30388296.0,643.0534042296129,1000.0,1584.0,2247262.0,1.4548661311186721
375,483.5,420.5,0.0,5943665.5,5169206.5,0.0,638.4364348167463,1000.0,1584.0,22.102259215219977,1.4526618265533062,117000.0,105588.0,2472.0,1438281000.0,1297993284.0,30388296.0,643.0325404277075,1000.0,1584.0,2256570.0,1.4504575219879403
376,124.5,426.5,0.0,1530478.5,5242964.5,0.0,637.7335000146089,1000.0,1584.0,21.949589683470105,1.4472907992873518,117000.0,106018.0,2472.0,1438281000.0,1303279274.0,30388296.0,643.0115766114408,1000.0,1584.0,2265985.0,1.4441240765867633
377,0.0,215.0,0.0,0.0,2642995.0,0.0,637.7433208307621,1000.0,1584.0,21.8953488372093,1.4441240765867633,117000.0,106018.0,2472.0,1438281000.0,1303279274.0,30388296.0,643.0115766114408,1000.0,1584.0,2265985.0,1.4441240765867633
378,0.0,0.0,0.0,0.0,0.0,0.0,0.0,1000.0,1584.0,0.0,1.4441240765867633,117000.0,106018.0,2472.0,1438281000.0,1303279274.0,30388296.0,643.0115766114408,1000.0,1584.0,2265985.0,1.4441240765867633
379,250.0,199.0,0.0,3073250.0,2446307.0,0.0,630.4694411718987,1000.0,1584.0,21.63065326633166,1.4441240765867633,117500.0,106416.0,2472.0,1444427500.0,1308171888.0,30388296.0,642.965733452369,1000.0,1584.0,2274594.0,1.4441240765867633
380,500.0,411.0,0.0,6146500.0,5052423.0,0.0,644.1120736716181,1000.0,1584.0,22.087591240875913,1.4389527192969656,118000.0,106840.0,2472.0,1450574000.0,1313384120.0,30388296.0,643.0198520851621,1000.0,1584.0,2284141.0,1.433781362007168
381,385.5,212.0,0.0,4738951.5,2606116.0,0.0,656.9181296501283,1000.0,1584.0,22.516509433962263,1.4418294114718049,118271.0,106840.0,2472.0,1453905403.0,1313384120.0,30388296.0,643.0198520851621,1000.0,1584.0,2284141.0,1.449877460936442
382,500.0,0.0,43.0,6146500.0,0.0,528599.0,999.0,1000.0,1584.0,0.0,1.4499548310715702,119000.0,106840.0,2558.0,1462867000.0,1313384120.0,31445494.0,643.2996953429976,1000.0,1584.0,2284141.0,1.4500322012066982
383,364.5,258.0,43.0,4480798.5,3171594.0,528599.0,698.8931368362414,1000.0,1584.0,23.325581395348838,1.4493635082780754,119000.0,107356.0,2558.0,1462867000.0,1319727308.0,31445494.0,643.3258705852645,1000.0,1584.0,2296177.0,1.4486948153494525
384,0.0,690.0,0.0,0.0,8482170.0,0.0,648.0938702644464,1000.0,1584.0,22.910144927536233,1.4487687736523838,119000.0,108220.0,2558.0,1462867000.0,1330348460.0,31445494.0,643.3594180441805,1000.0,1584.0,2315757.0,1.448842731955315
385,0.0,432.0,0.0,0.0,5310576.0,0.0,647.62716734898,1000.0,1584.0,22.662037037037038,1.448842731955315,119000.0,108220.0,2558.0,1462867000.0,1330348460.0,31445494.0,643.3594180441805,1000.0,1584.0,2315757.0,1.448842731955315
386,91.0,0.0,0.0,1118663.0,0.0,0.0,0.0,1000.0,1584.0,0.0,1.448842731955315,119182.0,108220.0,2558.0,1465104326.0,1330348460.0,31445494.0,643.3594180441805,1000.0,1584.0,2315757.0,1.448842731955315
387,444.5,256.0,0.0,5464238.5,3147008.0,0.0,650.0806016953768,1000.0,1584.0,23.11328125,1.448842731955315,119889.0,108732.0,2558.0,1473795477.0,1336642476.0,31445494.0,643.3903394749407,1000.0,1584.0,2327591.0,1.448842731955315
388,409.0,421.5,0.0,5027837.0,5181499.5,0.0,676.1754154305501,1000.0,1584.0,24.361803084223013,1.4457564448321256,120000.0,109063.0,2558.0,1475160000.0,1340711459.0,31445494.0,643.6072556893964,1000.0,1584.0,2336294.0,1.442670157708936
389,415.0,405.0,0.0,5101595.0,4978665.0,0.0,683.832863300446,1000.0,1584.0,24.409876543209876,1.4455386661975833,120719.0,109542.0,2558.0,1483998667.0,1346599806.0,31445494.0,643.682564669399,1000.0,1584.0,2347363.0,1.4484071746862304
390,500.0,405.5,0.0,6146500.0,4984811.5,0.0,663.5767880219182,1000.0,1584.0,23.500616522811345,1.4502405926789312,121000.0,109874.0,2558.0,1487453000.0,1350681082.0,31445494.0,643.7513008964693,1000.0,1584.0,2355353.0,1.452074010671632
391,566.0,249.0,0.0,6957838.0,3060957.0,0.0,585.2834295788363,1000.0,1584.0,20.052208835341364,1.4544750512080724,121851.0,110040.0,2558.0,1497914343.0,1352721720.0,31445494.0,643.424276162718,1000.0,1584.0,2357349.0,1.4568760917445127
392,500.0,308.0,0.0,6146500.0,3786244.0,0.0,599.3319945741761,1000.0,1584.0,20.238636363636363,1.448419597136191,122000.0,110490.0,2558.0,1499746000.0,1358253570.0,31445494.0,643.5092595273638,1000.0,1584.0,2367820.0,1.4399631025278696
393,74.5,225.0,0.0,915828.5,2765925.0,0.0,664.7736081772601,1000.0,1584.0,23.26888888888889,1.4399631025278696,122000.0,110490.0,2558.0,1499746000.0,1358253570.0,31445494.0,643.5092595273638,1000.0,1584.0,2367820.0,1.4399631025278696
394,52.0,230.0,0.0,639236.0,2827390.0,0.0,652.8808895225255,1000.0,1584.0,23.121739130434783,1.4399631025278696,122104.0,110950.0,2558.0,1501024472.0,1363908350.0,31445494.0,643.5472387869562,1000.0,1584.0,2378456.0,1.4399631025278696
395,500.0,412.5,0.0,6146500.0,5070862.5,0.0,640.0520670322575,1000.0,1584.0,22.78060606060606,1.4275625294109995,123000.0,111315.0,2558.0,1512039000.0,1368395295.0,31445494.0,643.4842124678482,1000.0,1584.0,2386614.0,1.415161956294129
396,508.0,578.5,0.0,6244844.0,7111500.5,0.0,640.7677718401902,1000.0,1584.0,23.10112359550562,1.4147047094608884,123120.0,112107.0,2558.0,1513514160.0,1378131351.0,31445494.0,643.5191932346315,1000.0,1584.0,2405184.0,1.4142474626276478
397,500.0,623.5,0.0,6146500.0,7664685.5,0.0,650.7635596441193,1000.0,1584.0,23.232558139534884,1.4122623795240394,124000.0,112562.0,2558.0,1524332000.0,1383724666.0,31445494.0,643.563063631232,1000.0,1584.0,2415585.0,1.4102772964204309
398,440.0,431.0,0.0,5408920.0,5298283.0,0.0,637.2206225145399,1000.0,1584.0,22.865429234338748,1.4155208631137068,124000.0,112969.0,2558.0,1524332000.0,1388727917.0,31445494.0,643.472196706022,1000.0,1584.0,2424894.0,1.4207644298069828
399,0.0,203.5,0.0,0.0,2501625.5,0.0,617.7704757473372,1000.0,1584.0,22.872235872235873,1.4207644298069828,124000.0,112969.0,2558.0,1524332000.0,1388727917.0,31445494.0,643.472196706022,1000.0,1584.0,2424894.0,1.4207644298069828
400,0.0,0.0,0.0,0.0,0.0,0.0,0.0,1000.0,1584.0,0.0,1.4207644298069828,124000.0,112969.0,2558.0,1524332000.0,1388727917.0,31445494.0,643.472196706022,1000.0,1584.0,2424894.0,1.4207644298069828
401,492.5,198.5,0.0,6054302.5,2440160.5,0.0,650.9091539656201,1000.0,1584.0,23.31234256926952,1.4207644298069828,124985.0,113366.0,2558.0,1536440605.0,1393608238.0,31445494.0,643.497665737734,1000.0,1584.0,2434149.0,1.4207644298069828
402,500.0,198.5,0.0,6146500.0,2440160.5,0.0,650.9091539656201,1000.0,1584.0,23.31234256926952,1.4287244624643236,125000.0,113366.0,2558.0,1536625000.0,1393608238.0,31445494.0,643.497665737734,1000.0,1584.0,2434149.0,1.4366844951216644
403,369.0,233.5,0.0,4536117.0,2870415.5,0.0,635.1803775009263,1000.0,1584.0,22.22698072805139,1.4419756403118722,125723.0,113833.0,2558.0,1545512839.0,1399349069.0,31445494.0,643.464293968383,1000.0,1584.0,2444529.0,1.4472667855020798
404,470.5,434.5,0.0,5783856.5,5341308.5,0.0,644.2191643322782,1000.0,1584.0,22.810126582278482,1.4472667855020798,125941.0,114235.0,2558.0,1548192713.0,1404290855.0,31445494.0,643.5030340584274,1000.0,1584.0,2453971.0,1.4472667855020798
405,138.5,438.5,0.0,1702580.5,5390480.5,0.0,646.3830052046029,1000.0,1584.0,23.050171037628278,1.4505596509950855,126000.0,114710.0,2558.0,1548918000.0,1410130030.0,31445494.0,643.4861218306664,1000.0,1584.0,2464744.0,1.453852516488091
406,29.5,237.5,0.0,362643.5,2919587.5,0.0,639.3277432686727,1000.0,1584.0,22.68,1.4507183220648898,126000.0,114710.0,2558.0,1548918000.0,1410130030.0,31445494.0,643.4861218306664,1000.0,1584.0,2464744.0,1.4475841276416885
407,0.0,0.0,0.0,0.0,0.0,0.0,0.0,1000.0,1584.0,0.0,1.4475841276416885,126000.0,114710.0,2558.0,1548918000.0,1410130030.0,31445494.0,643.4861218306664,1000.0,1584.0,2464744.0,1.4475841276416885
408,213.5,222.5,0.0,2624555.5,2735192.5,0.0,648.5774675400139,1000.0,1584.0,22.656179775280897,1.4475841276416885,126427.0,115155.0,2558.0,1554167111.0,1415600415.0,31445494.0,643.5053690577399,1000.0,1584.0,2474826.0,1.4475841276416885
409,443.0,459.0,0.0,5445799.0,5642487.0,0.0,638.1482244751239,1000.0,1584.0,22.25925925925926,1.4475841276416885,126886.0,115628.0,2558.0,1559809598.0,1421415004.0,31445494.0,643.4446601535424,1000.0,1584.0,2485178.0,1.4475841276416885
410,379.0,464.0,0.0,4659047.0,5703952.0,0.0,638.2528101579085,1000.0,1584.0,22.64762931034483,1.4406401565437426,127185.0,116083.0,2558.0,1563485205.0,1427008319.0,31445494.0,643.464283980412,1000.0,1584.0,2495843.0,1.4336961854457966
411,405.0,436.5,0.0,4978665.0,5365894.5,0.0,649.6073907563409,1000.0,1584.0,22.940435280641466,1.4336961854457966,127696.0,116501.0,2558.0,1569766928.0,1432146793.0,31445494.0,643.4898483696038,1000.0,1584.0,2505205.0,1.4336961854457966
412,407.5,460.0,0.0,5009397.5,5654780.0,0.0,625.2189875766397,1000.0,1584.0,21.720652173913045,1.4245648900853394,128000.0,117003.0,2558.0,1573504000.0,1438317879.0,31445494.0,643.3238897658149,1000.0,1584.0,2515826.0,1.415433594724882
413,152.0,251.0,0.0,1868536.0,3085543.0,0.0,603.9636001073791,1000.0,1584.0,21.157370517928285,1.4154432788721083,128000.0,117003.0,2558.0,1573504000.0,1438317879.0,31445494.0,643.3238897658149,1000.0,1584.0,2515826.0,1.4154529630193347
414,0.0,0.0,0.0,0.0,0.0,0.0,0.0,1000.0,1584.0,0.0,1.4154529630193347,128000.0,117003.0,2558.0,1573504000.0,1438317879.0,31445494.0,643.3238897658149,1000.0,1584.0,2515826.0,1.4154529630193347
415,210.5,0.0,0.0,2587676.5,0.0,0.0,0.0,1000.0,1584.0,0.0,1.4154529630193347,128421.0,117003.0,2558.0,1578679353.0,1438317879.0,31445494.0,643.3238897658149,1000.0,1584.0,2515826.0,1.4154529630193347
416,489.5,167.5,0.0,6017423.5,2059077.5,0.0,593.8002847312039,1000.0,1584.0,21.943283582089553,1.4154529630193347,128979.0,117338.0,2558.0,1585538847.0,1442436034.0,31445494.0,643.185516444882,1000.0,1584.0,2523177.0,1.4154529630193347
417,289.5,412.5,0.0,3558823.5,5070862.5,0.0,619.2737052684536,1000.0,1584.0,22.28,1.4092975173114723,129000.0,117828.0,2558.0,1585797000.0,1448459604.0,31445494.0,643.1590749018744,1000.0,1584.0,2534207.0,1.4031420716036098
418,138.0,469.5,0.0,1696434.0,5771563.5,0.0,620.8503417064835,1000.0,1584.0,21.97231096911608,1.4077756419929495,129255.0,118277.0,2558.0,1588931715.0,1453979161.0,31445494.0,643.0119514258105,1000.0,1584.0,2543809.0,1.412409212382289
419,500.0,429.5,0.0,6146500.0,5279843.5,0.0,628.851976618184,1000.0,1584.0,22.158323632130383,1.412727131058135,130000.0,118687.0,2558.0,1598090000.0,1459019291.0,31445494.0,643.057711567915,1000.0,1584.0,2553241.0,1.4130450497339813
420,372.5,205.0,0.0,4579142.5,2520065.0,0.0,656.5441183272023,1000.0,1584.0,23.004878048780487,1.4176775061224745,130000.0,118687.0,2558.0,1598090000.0,1459019291.0,31445494.0,643.057711567915,1000.0,1584.0,2553241.0,1.4223099625109676
421,0.0,0.0,0.0,0.0,0.0,0.0,0.0,1000.0,1584.0,0.0,1.4223099625109676,130000.0,118687.0,2558.0,1598090000.0,1459019291.0,31445494.0,643.057711567915,1000.0,1584.0,2553241.0,1.4223099625109676
422,1.5,0.0,0.0,18439.5,0.0,0.0,0.0,1000.0,1584.0,0.0,1.4223099625109676,130003.0,118687.0,2558.0,1598126879.0,1459019291.0,31445494.0,643.057711567915,1000.0,1584.0,2553241.0,1.4223099625109676
423,479.5,253.5,0.0,5894493.5,3116275.5,0.0,615.1251872392646,1000.0,1584.0,22.047337278106507,1.4223099625109676,130959.0,119194.0,2558.0,1609878987.0,1465251842.0,31445494.0,642.9413948763241,1000.0,1584.0,2564419.0,1.4223099625109676
424,498.5,463.0,0.0,6128060.5,5691659.0,0.0,636.0678873791489,1000.0,1584.0,22.735421166306697,1.4251499337765,131000.0,119613.0,2558.0,1610383000.0,1470402609.0,31445494.0,643.0047319148161,1000.0,1584.0,2574294.0,1.427989905042032
425,20.5,451.5,0.0,252006.5,5550289.5,0.0,642.4567430977262,1000.0,1584.0,22.611295681063122,1.427989905042032,131000.0,120097.0,2558.0,1610383000.0,1476352421.0,31445494.0,642.9378268150479,1000.0,1584.0,2584837.0,1.427989905042032
426,0.0,242.0,0.0,0.0,2974906.0,0.0,626.0496802364916,1000.0,1584.0,21.78305785123967,1.427989905042032,131000.0,120097.0,2558.0,1610383000.0,1476352421.0,31445494.0,642.9378268150479,1000.0,1584.0,2584837.0,1.427989905042032
427,0.0,0.0,0.0,0.0,0.0,0.0,0.0,1000.0,1584.0,0.0,1.427989905042032,131000.0,120097.0,2558.0,1610383000.0,1476352421.0,31445494.0,642.9378268150479,1000.0,1584.0,2584837.0,1.427989905042032
428,390.0,210.0,0.0,4794270.0,2581530.0,0.0,622.9033239892112,1000.0,1584.0,21.283333333333335,1.427989905042032,131780.0,120517.0,2558.0,1619971540.0,1481515481.0,31445494.0,642.8694580058917,1000.0,1584.0,2593776.0,1.427989905042032
429,500.0,452.0,0.0,6146500.0,5556436.0,0.0,625.0010822385259,1000.0,1584.0,21.740044247787612,1.4254873944141804,132000.0,121001.0,2558.0,1622676000.0,1487465293.0,31445494.0,642.8065954430131,1000.0,1584.0,2604490.0,1.4229848837863288
430,412.5,242.0,0.0,5070862.5,2974906.0,0.0,626.82145096727,1000.0,1584.0,22.136363636363637,1.4253922484590678,132605.0,121001.0,2558.0,1630113265.0,1487465293.0,31445494.0,642.8065954430131,1000.0,1584.0,2604490.0,1.4277996131318067
431,500.0,236.5,73.5,6146500.0,2907294.5,903535.5,717.9783802345635,1000.0,1584.0,22.059196617336152,1.4285581145821111,133000.0,121474.0,2705.0,1634969000.0,1493279882.0,33252565.0,643.1819125785265,1000.0,1584.0,2614924.0,1.4293166160324156
432,197.5,456.0,195.0,2427867.5,5605608.0,2397135.0,741.1972738653608,1000.0,1584.0,21.888157894736842,1.4372125575974843,133000.0,121913.0,2948.0,1634969000.0,1498676509.0,36239764.0,643.8325736372124,1000.0,1584.0,2624452.0,1.445108499162553
433,174.0,219.5,229.0,2138982.0,2698313.5,2815097.0,819.0381882132333,1000.0,1584.0,21.70387243735763,1.445108499162553,133348.0,121913.0,3163.0,1639246964.0,1498676509.0,38882759.0,644.4430904163546,1000.0,1584.0,2624452.0,1.445108499162553
434,500.0,332.5,107.5,6146500.0,4087422.5,1321497.5,759.8738350018474,1000.0,1584.0,24.538345864661654,1.4454041038086816,134000.0,122578.0,3163.0,1647262000.0,1506851354.0,38882759.0,644.6446898920602,1000.0,1584.0,2640770.0,1.4456997084548104
435,326.0,332.5,0.0,4007518.0,4087422.5,0.0,682.5623681227454,1000.0,1584.0,24.538345864661654,1.444519297643424,134000.0,122578.0,3163.0,1647262000.0,1506851354.0,38882759.0,644.6446898920602,1000.0,1584.0,2640770.0,1.4433388868320376
436,0.0,0.0,0.0,0.0,0.0,0.0,0.0,1000.0,1584.0,0.0,1.4433388868320376,134000.0,122578.0,3163.0,1647262000.0,1506851354.0,38882759.0,644.6446898920602,1000.0,1584.0,2640770.0,1.4433388868320376
437,64.0,0.0,0.0,786752.0,0.0,0.0,0.0,1000.0,1584.0,0.0,1.4433388868320376,134128.0,122578.0,3163.0,1648835504.0,1506851354.0,38882759.0,644.6446898920602,1000.0,1584.0,2640770.0,1.4433388868320376
438,395.0,73.5,0.0,4855735.0,903535.5,0.0,769.297291986372,1000.0,1584.0,27.306122448979593,1.4433388868320376,134790.0,122725.0,3163.0,1656973470.0,1508658425.0,38882759.0,644.7902473122106,1000.0,1584.0,2644784.0,1.4433388868320376
439,436.0,381.0,0.0,5359748.0,4683633.0,0.0,619.713340015246,1000.0,1584.0,21.14041994750656,1.4357599334641997,135000.0,123340.0,3163.0,1659555000.0,1516218620.0,38882759.0,644.4945140969722,1000.0,1584.0,2656879.0,1.428180980096362
440,319.5,307.5,0.0,3927613.5,3780097.5,0.0,583.9591271050742,1000.0,1584.0,19.666666666666668,1.428180980096362,135429.0,123340.0,3163.0,1664828697.0,1516218620.0,38882759.0,644.4945140969722,1000.0,1584.0,2656879.0,1.428180980096362
441,500.0,319.0,0.0,6146500.0,3921467.0,0.0,715.1872068626823,1000.0,1584.0,24.296238244514107,1.42827934716021,136000.0,123978.0,3163.0,1671848000.0,1524061554.0,38882759.0,644.8492536222598,1000.0,1584.0,2672380.0,1.428377714224058
442,285.5,529.5,0.0,3509651.5,6509143.5,0.0,689.2418414760849,1000.0,1584.0,23.367327667610954,1.4295587253101987,136000.0,124399.0,3163.0,1671848000.0,1529236907.0,38882759.0,644.8659994899148,1000.0,1584.0,2681625.0,1.4307397363963392
443,0.0,210.5,0.0,0.0,2587676.5,0.0,649.9232117453269,1000.0,1584.0,21.959619952494062,1.430465461121198,136000.0,124399.0,3163.0,1671848000.0,1529236907.0,38882759.0,644.8659994899148,1000.0,1584.0,2681625.0,1.4301911858460565
444,0.0,0.0,0.0,0.0,0.0,0.0,0.0,1000.0,1584.0,0.0,1.4301911858460565,136000.0,124399.0,3163.0,1671848000.0,1529236907.0,38882759.0,644.8659994899148,1000.0,1584.0,2681625.0,1.4301911858460565
445,189.5,235.0,0.0,2329523.5,2888855.0,0.0,626.7297617689807,1000.0,1584.0,21.99148936170213,1.4301911858460565,136379.0,124869.0,3163.0,1676507047.0,1535014617.0,38882759.0,644.7994221363715,1000.0,1584.0,2691961.0,1.4301911858460565
446,500.0,455.0,0.0,6146500.0,5593315.0,0.0,640.0058042545967,1000.0,1584.0,21.97252747252747,1.42867905117186,137000.0,125309.0,3163.0,1684141000.0,1540423537.0,38882759.0,644.8315734853057,1000.0,1584.0,2701620.0,1.4271669164976633
447,402.0,438.0,89.0,4941786.0,5384334.0,1094077.0,692.4376598772511,1000.0,1584.0,21.77054794520548,1.430367098132665,137183.0,125745.0,3341.0,1686390619.0,1545783285.0,41070913.0,645.1883930749627,1000.0,1584.0,2711032.0,1.4335672797676668
448,443.0,218.0,383.5,5445799.0,2679874.0,4714365.5,856.5236904990528,1000.0,1584.0,21.587155963302752,1.4335672797676668,137886.0,125745.0,3930.0,1695032598.0,1545783285.0,48311490.0,646.7954494580655,1000.0,1584.0,2711032.0,1.4335672797676668
449,408.5,365.5,294.5,5021690.5,4493091.5,3620288.5,805.2176303029177,1000.0,1584.0,24.64295485636115,1.438680058053258,138000.0,126476.0,3930.0,1696434000.0,1554769468.0,48311490.0,646.8082464033437,1000.0,1584.0,2729046.0,1.4437928363388488
450,57.0,426.5,3.0,700701.0,5242964.5,36879.0,627.4010003272897,1000.0,1584.0,23.776084407971865,1.4473468760343309,138000.0,126598.0,3936.0,1696434000.0,1556269214.0,48385248.0,646.6678211634959,1000.0,1584.0,2731313.0,1.450900915729813
451,0.0,61.0,3.0,0.0,749873.0,36879.0,503.6030256350822,1000.0,1584.0,18.581967213114755,1.450900915729813,138000.0,126598.0,3936.0,1696434000.0,1556269214.0,48385248.0,646.6678211634959,1000.0,1584.0,2731313.0,1.450900915729813
452,0.0,0.0,0.0,0.0,0.0,0.0,0.0,1000.0,1584.0,0.0,1.450900915729813,138000.0,126598.0,3936.0,1696434000.0,1556269214.0,48385248.0,646.6678211634959,1000.0,1584.0,2731313.0,1.450900915729813
453,430.5,0.0,0.0,5292136.5,0.0,0.0,0.0,1000.0,1584.0,0.0,1.450900915729813,138861.0,126598.0,3936.0,1707018273.0,1556269214.0,48385248.0,646.6678211634959,1000.0,1584.0,2731313.0,1.450900915729813
454,500.0,359.0,33.5,6146500.0,4413187.0,411815.5,683.7103152254037,1000.0,1584.0,22.668523676880223,1.4478603585480938,139000.0,127316.0,4003.0,1708727000.0,1565095588.0,49208879.0,646.8892541460706,1000.0,1584.0,2747589.0,1.4448198013663744
455,366.5,581.5,43.0,4505384.5,7148379.5,528599.0,664.5942927857645,1000.0,1584.0,21.275150472914877,1.440406948390621,139594.0,127761.0,4022.0,1716029042.0,1570565973.0,49442446.0,646.8377229190819,1000.0,1584.0,2756056.0,1.4359940954148676
456,500.0,476.5,9.5,6146500.0,5857614.5,116783.5,631.0561977673216,1000.0,1584.0,18.938090241343126,1.4362336629242736,140000.0,128269.0,4022.0,1721020000.0,1576810817.0,49442446.0,646.7729217364582,1000.0,1584.0,2765637.0,1.4364732304336796
457,203.0,254.0,0.0,2495479.0,3122422.0,0.0,629.9624999849581,1000.0,1584.0,18.86023622047244,1.4422909663308792,140000.0,128269.0,4022.0,1721020000.0,1576810817.0,49442446.0,646.7729217364582,1000.0,1584.0,2765637.0,1.4481087022280787
458,0.0,0.0,0.0,0.0,0.0,0.0,0.0,1000.0,1584.0,0.0,1.4481087022280787,140000.0,128269.0,4022.0,1721020000.0,1576810817.0,49442446.0,646.7729217364582,1000.0,1584.0,2765637.0,1.4481087022280787
459,31.0,0.0,0.0,381083.0,0.0,0.0,0.0,1000.0,1584.0,0.0,1.4481087022280787,140062.0,128269.0,4022.0,1721782166.0,1576810817.0,49442446.0,646.7729217364582,1000.0,1584.0,2765637.0,1.4481087022280787
460,157.0,211.5,0.0,1930001.0,2599969.5,0.0,628.7138133825684,1000.0,1584.0,22.24113475177305,1.4481087022280787,140314.0,128692.0,4022.0,1724880002.0,1582010756.0,49442446.0,646.7153618495312,1000.0,1584.0,2775045.0,1.4481087022280787
461,469.0,448.5,0.0,5765417.0,5513410.5,0.0,642.3148535376664,1000.0,1584.0,21.851727982162764,1.4468079608308393,141000.0,129166.0,4022.0,1733313000.0,1587837638.0,49442446.0,646.7428973560772,1000.0,1584.0,2785238.0,1.4455072194335998
462,403.5,435.0,0.0,4960225.5,5347455.0,0.0,638.7316906374781,1000.0,1584.0,20.47816091954023,1.4352364478064341,141121.0,129562.0,4022.0,1734800453.0,1592705666.0,49442446.0,646.6633661467932,1000.0,1584.0,2792861.0,1.4249656761792684
463,285.5,301.0,0.0,3509651.5,3700193.0,0.0,634.9109380828265,1000.0,1584.0,21.641196013289036,1.4249656761792684,141571.0,129768.0,4022.0,1740332303.0,1595238024.0,49442446.0,646.6896584033707,1000.0,1584.0,2798266.0,1.4249656761792684
464,439.5,275.0,0.0,5402773.5,3380575.0,0.0,596.5942890336888,1000.0,1584.0,21.067272727272726,1.4182525963753667,142000.0,130112.0,4022.0,1745606000.0,1599466816.0,49442446.0,646.4580640428356,1000.0,1584.0,2804448.0,1.4115395165714653
465,214.5,172.0,0.0,2636848.5,2114396.0,0.0,556.3853620198051,1000.0,1584.0,17.97093023255814,1.4195995455197754,142000.0,130112.0,4022.0,1745606000.0,1599466816.0,49442446.0,646.4580640428356,1000.0,1584.0,2804448.0,1.4276595744680853
466,0.0,0.0,0.0,0.0,0.0,0.0,0.0,1000.0,1584.0,0.0,1.4276595744680853,142000.0,130112.0,4022.0,1745606000.0,1599466816.0,49442446.0,646.4580640428356,1000.0,1584.0,2804448.0,1.4276595744680853
467,169.0,0.0,0.0,2077517.0,0.0,0.0,0.0,1000.0,1584.0,0.0,1.4276595744680853,142338.0,130112.0,4022.0,1749761034.0,1599466816.0,49442446.0,646.4580640428356,1000.0,1584.0,2804448.0,1.4276595744680853
468,423.0,197.0,0.0,5199939.0,2421721.0,0.0,547.720733667408,1000.0,1584.0,18.078680203045685,1.4276595744680853,142846.0,130506.0,4022.0,1756005878.0,1604310258.0,49442446.0,646.1688862644701,1000.0,1584.0,2811571.0,1.4276595744680853
469,331.0,401.5,0.0,4068983.0,4935639.5,0.0,610.4498471951939,1000.0,1584.0,20.303860523038605,1.4249399611513578,143000.0,130915.0,4022.0,1757899000.0,1609338095.0,49442446.0,646.2437818361113,1000.0,1584.0,2820752.0,1.42222034783463
470,143.5,426.5,0.0,1764045.5,5242964.5,0.0,627.9645416306242,1000.0,1584.0,20.87456037514654,1.4236141008618666,143133.0,131359.0,4022.0,1759533969.0,1614796187.0,49442446.0,646.0541854868667,1000.0,1584.0,2829377.0,1.4250078538891031
471,500.0,222.0,0.0,6146500.0,2729046.0,0.0,588.4335490498662,1000.0,1584.0,19.425675675675677,1.4216248009995027,144000.0,131359.0,4022.0,1770192000.0,1614796187.0,49442446.0,646.0541854868667,1000.0,1584.0,2829377.0,1.4182417481099021
472,433.5,175.0,0.0,5329015.5,2151275.0,0.0,579.4538022645661,1000.0,1584.0,18.797142857142855,1.4303742715859293,144000.0,131709.0,4022.0,1770192000.0,1619098737.0,49442446.0,645.8824477546784,1000.0,1584.0,2835956.0,1.4425067950619563
473,0.0,384.0,0.0,0.0,4720512.0,0.0,605.5483048072828,1000.0,1584.0,20.296875,1.4437721431920014,144000.0,132127.0,4022.0,1770192000.0,1624237211.0,49442446.0,645.8256967255699,1000.0,1584.0,2844965.0,1.4450374913220463
474,0.0,209.0,0.0,0.0,2569237.0,0.0,627.3977686588397,1000.0,1584.0,21.55263157894737,1.4450374913220463,144000.0,132127.0,4022.0,1770192000.0,1624237211.0,49442446.0,645.8256967255699,1000.0,1584.0,2844965.0,1.4450374913220463
475,0.0,0.0,0.0,0.0,0.0,0.0,0.0,1000.0,1584.0,0.0,1.4450374913220463,144000.0,132127.0,4022.0,1770192000.0,1624237211.0,49442446.0,645.8256967255699,1000.0,1584.0,2844965.0,1.4450374913220463
476,446.5,209.5,0.0,5488824.5,2575383.5,0.0,637.6958123396132,1000.0,1584.0,21.348448687350835,1.4450374913220463,144893.0,132546.0,4022.0,1781169649.0,1629387978.0,49442446.0,645.8007536821202,1000.0,1584.0,2853910.0,1.4450374913220463
477,500.0,416.5,0.0,6146500.0,5120034.5,0.0,642.0025880930913,1000.0,1584.0,21.864345738295317,1.4441638467664766,145000.0,132960.0,4022.0,1782485000.0,1634477280.0,49442446.0,645.802448054277,1000.0,1584.0,2863178.0,1.443290202210907
478,384.5,432.5,0.0,4726658.5,5316722.5,0.0,634.799130729216,1000.0,1584.0,21.43121387283237,1.4430146155454122,145662.0,133411.0,4022.0,1790622966.0,1640021423.0,49442446.0,645.7315097315824,1000.0,1584.0,2872448.0,1.4427390288799173
479,500.0,429.5,0.0,6146500.0,5279843.5,0.0,624.5723641487623,1000.0,1584.0,20.644935972060537,1.4399759691697613,146000.0,133819.0,4022.0,1794778000.0,1645036967.0,49442446.0,645.670146039095,1000.0,1584.0,2880912.0,1.4372129094596053
480,333.5,204.0,0.0,4099715.5,2507772.0,0.0,625.0000569467207,1000.0,1584.0,20.745098039215687,1.4406379920001307,146329.0,133819.0,4022.0,1798822397.0,1645036967.0,49442446.0,645.670146039095,1000.0,1584.0,2880912.0,1.4440630745406562
481,500.0,222.0,0.0,6146500.0,2729046.0,0.0,640.8419704718671,1000.0,1584.0,21.25225225225225,1.4441863221315145,147000.0,134263.0,4022.0,1807071000.0,1650495059.0,49442446.0,645.6546439242464,1000.0,1584.0,2890348.0,1.444309569722373
482,335.5,444.0,0.0,4124301.5,5458092.0,0.0,634.9984740368633,1000.0,1584.0,21.324324324324323,1.4521279850148177,147000.0,134707.0,4022.0,1807071000.0,1655953151.0,49442446.0,645.6018369996153,1000.0,1584.0,2899848.0,1.4599464003072622
483,0.0,222.0,0.0,0.0,2729046.0,0.0,629.1549776018595,1000.0,1584.0,21.396396396396398,1.4599464003072622,147000.0,134707.0,4022.0,1807071000.0,1655953151.0,49442446.0,645.6018369996153,1000.0,1584.0,2899848.0,1.4599464003072622
484,0.0,0.0,0.0,0.0,0.0,0.0,0.0,1000.0,1584.0,0.0,1.4599464003072622,147000.0,134707.0,4022.0,1807071000.0,1655953151.0,49442446.0,645.6018369996153,1000.0,1584.0,2899848.0,1.4599464003072622
485,44.5,0.0,0.0,547038.5,0.0,0.0,0.0,1000.0,1584.0,0.0,1.4599464003072622,147089.0,134707.0,4022.0,1808165077.0,1655953151.0,49442446.0,645.6018369996153,1000.0,1584.0,2899848.0,1.4599464003072622
486,400.5,203.0,0.0,4923346.5,2495479.0,0.0,636.8953211365106,1000.0,1584.0,21.67487684729064,1.4599464003072622,147801.0,135113.0,4022.0,1816917693.0,1660944109.0,49442446.0,645.5764311316426,1000.0,1584.0,2908648.0,1.4599464003072622
487,455.5,443.0,20.5,5599461.5,5445799.0,252006.5,655.5587297475548,1000.0,1584.0,21.62528216704289,1.4494784042518583,148000.0,135593.0,4063.0,1819364000.0,1666844749.0,49946459.0,645.6679282493825,1000.0,1584.0,2919008.0,1.4390104081964543
488,388.0,240.0,95.5,4769684.0,2950320.0,1173981.5,743.6265903048585,1000.0,1584.0,21.583333333333332,1.4390104081964543,148577.0,135593.0,4213.0,1826457061.0,1666844749.0,51790409.0,646.0470236441623,1000.0,1584.0,2919008.0,1.4390104081964543
489,500.0,198.0,75.0,6146500.0,2434014.0,921975.0,759.9262158074799,1000.0,1584.0,22.911616161616163,1.4365169586544657,149000.0,135989.0,4213.0,1831657000.0,1671712777.0,51790409.0,646.1128935494967,1000.0,1584.0,2928081.0,1.4340235091124771
490,211.5,543.5,0.0,2599969.5,6681245.5,0.0,639.5895115956204,1000.0,1584.0,20.799448022079115,1.4315505812107976,149000.0,136680.0,4213.0,1831657000.0,1680207240.0,51790409.0,645.9972034572331,1000.0,1584.0,2941617.0,1.429077653309118
491,0.0,345.5,0.0,0.0,4247231.5,0.0,622.5240018430613,1000.0,1584.0,19.589001447178003,1.429077653309118,149000.0,136680.0,4213.0,1831657000.0,1680207240.0,51790409.0,645.9972034572331,1000.0,1584.0,2941617.0,1.429077653309118
492,0.0,0.0,0.0,0.0,0.0,0.0,0.0,1000.0,1584.0,0.0,1.429077653309118,149000.0,136680.0,4213.0,1831657000.0,1680207240.0,51790409.0,645.9972034572331,1000.0,1584.0,2941617.0,1.429077653309118
493,186.0,320.0,0.0,2286498.0,3933760.0,0.0,691.6071935440862,1000.0,1584.0,23.678125,1.429077653309118,149372.0,137320.0,4213.0,1836229996.0,1688074760.0,51790409.0,646.2034478924919,1000.0,1584.0,2956771.0,1.429077653309118
494,500.0,505.0,0.0,6146500.0,6207965.0,0.0,665.4441706213753,1000.0,1584.0,23.04257425742574,1.4278372387612746,150000.0,137690.0,4213.0,1843950000.0,1692623170.0,51790409.0,646.1356179857191,1000.0,1584.0,2964890.0,1.4265968242134308
495,398.0,378.0,0.0,4892614.0,4646754.0,0.0,618.206277176444,1000.0,1584.0,20.923280423280424,1.428580979817204,150168.0,138076.0,4213.0,1846015224.0,1697368268.0,51790409.0,646.0546952759056,1000.0,1584.0,2972589.0,1.4305651354209774
496,500.0,193.0,0.0,6146500.0,2372549.0,0.0,616.305536492274,1000.0,1584.0,19.94559585492228,1.4304479559461134,151000.0,138076.0,4213.0,1856243000.0,1697368268.0,51790409.0,646.0546952759056,1000.0,1584.0,2972589.0,1.4303307764712494
497,416.0,216.5,0.0,5113888.0,2661434.5,0.0,631.5868060235476,1000.0,1584.0,21.23094688221709,1.4371150091525098,151000.0,138509.0,4213.0,1856243000.0,1702691137.0,51790409.0,646.0108015801444,1000.0,1584.0,2981782.0,1.4438992418337702
498,0.0,473.5,0.0,0.0,5820735.5,0.0,641.0888884856603,1000.0,1584.0,21.229144667370644,1.446008906745224,151000.0,139023.0,4213.0,1856243000.0,1709009739.0,51790409.0,646.0218640112051,1000.0,1584.0,2992693.0,1.4481185716566778
499,0.0,257.0,0.0,0.0,3159301.0,0.0,649.0935610656112,1000.0,1584.0,21.22762645914397,1.4481185716566778,151000.0,139023.0,4213.0,1856243000.0,1709009739.0,51790409.0,646.0218640112051,1000.0,1584.0,2992693.0,1.4481185716566778
500,0.0,0.0,0.0,0.0,0.0,0.0,0.0,1000.0,1584.0,0.0,1.4481185716566778,151000.0,139023.0,4213.0,1856243000.0,1709009739.0,51790409.0,646.0218640112051,1000.0,1584.0,2992693.0,1.4481185716566778
501,427.0,173.5,0.0,5249111.0,2132835.5,0.0,623.2504282588644,1000.0,1584.0,21.86743515850144,1.4481185716566778,151854.0,139370.0,4213.0,1866741222.0,1713275410.0,51790409.0,645.9668318123647,1000.0,1584.0,3000281.0,1.4481185716566778
502,500.0,397.5,0.0,6146500.0,4886467.5,0.0,621.9817821116076,1000.0,1584.0,21.4062893081761,1.4468445056396524,152000.0,139818.0,4213.0,1868536000.0,1718782674.0,51790409.0,645.889171291512,1000.0,1584.0,3009711.0,1.4455704396226268
503,359.0,439.0,0.0,4413187.0,5396627.0,0.0,636.7446228035493,1000.0,1584.0,21.559225512528474,1.4410956409229314,152572.0,140248.0,4213.0,1875567596.0,1724068664.0,51790409.0,645.9107813938463,1000.0,1584.0,3019210.0,1.4366208422232363
504,500.0,456.0,0.0,6146500.0,5605608.0,0.0,648.8521918639709,1000.0,1584.0,22.14364035087719,1.4382221170729075,153000.0,140730.0,4213.0,1880829000.0,1729993890.0,51790409.0,645.907814998087,1000.0,1584.0,3029906.0,1.439823391922579
505,214.0,241.0,0.0,2630702.0,2962613.0,0.0,645.0187517247454,1000.0,1584.0,22.190871369294605,1.4442697808733533,153000.0,140730.0,4213.0,1880829000.0,1729993890.0,51790409.0,645.907814998087,1000.0,1584.0,3029906.0,1.448716169824128
506,0.0,0.0,0.0,0.0,0.0,0.0,0.0,1000.0,1584.0,0.0,1.448716169824128,153000.0,140730.0,4213.0,1880829000.0,1729993890.0,51790409.0,645.907814998087,1000.0,1584.0,3029906.0,1.448716169824128
507,0.0,0.0,0.0,0.0,0.0,0.0,0.0,1000.0,1584.0,0.0,1.448716169824128,153000.0,140730.0,4213.0,1880829000.0,1729993890.0,51790409.0,645.907814998087,1000.0,1584.0,3029906.0,1.448716169824128
508,150.0,181.5,0.0,1843950.0,2231179.5,0.0,607.6560383269091,1000.0,1584.0,21.322314049586776,1.448716169824128,153300.0,141093.0,4213.0,1884516900.0,1734456249.0,51790409.0,645.812255317609,1000.0,1584.0,3037646.0,1.448716169824128
509,443.5,392.0,0.0,5451945.5,4818856.0,0.0,608.1225300372054,1000.0,1584.0,21.181122448979593,1.448716169824128,153887.0,141514.0,4213.0,1891732891.0,1739631602.0,51790409.0,645.704533084582,1000.0,1584.0,3046512.0,1.448716169824128
510,379.0,419.0,0.0,4659047.0,5150767.0,0.0,625.025394286159,1000.0,1584.0,20.918854415274463,1.4444665010489934,154058.0,141931.0,4213.0,1893834994.0,1744757783.0,51790409.0,645.6930619908593,1000.0,1584.0,3055176.0,1.4402168322738589
511,393.5,208.5,0.0,4837295.5,2563090.5,0.0,641.6843136098327,1000.0,1584.0,20.776978417266186,1.4402168322738589,154674.0,141931.0,4213.0,1901407482.0,1744757783.0,51790409.0,645.6930619908593,1000.0,1584.0,3055176.0,1.4402168322738589
512,471.0,211.5,0.0,5790003.0,2599969.5,0.0,637.1717443118512,1000.0,1584.0,21.1016548463357,1.4381511633663702,155000.0,142354.0,4213.0,1905415000.0,1749957722.0,51790409.0,645.6684690239689,1000.0,1584.0,3064102.0,1.4360854944588817
513,163.0,439.0,0.0,2003759.0,5396627.0,0.0,632.5021589200128,1000.0,1584.0,20.789293849658314,1.4420012618125566,155000.0,142809.0,4213.0,1905415000.0,1755551037.0,51790409.0,645.6142872979834,1000.0,1584.0,3073429.0,1.4479170291662316
514,0.0,227.5,0.0,0.0,2796657.5,0.0,628.1609839293586,1000.0,1584.0,20.498901098901097,1.4479170291662316,155000.0,142809.0,4213.0,1905415000.0,1755551037.0,51790409.0,645.6142872979834,1000.0,1584.0,3073429.0,1.4479170291662316
515,0.0,0.0,0.0,0.0,0.0,0.0,0.0,1000.0,1584.0,0.0,1.4479170291662316,155000.0,142809.0,4213.0,1905415000.0,1755551037.0,51790409.0,645.6142872979834,1000.0,1584.0,3073429.0,1.4479170291662316
516,255.0,203.0,0.0,3134715.0,2495479.0,0.0,628.7143861338208,1000.0,1584.0,20.613300492610836,1.4479170291662316,155510.0,143215.0,4213.0,1911684430.0,1760541995.0,51790409.0,645.5677468859005,1000.0,1584.0,3081798.0,1.4479170291662316
517,500.0,431.0,0.0,6146500.0,5298283.0,0.0,638.7846819907585,1000.0,1584.0,21.063805104408353,1.4463856522013363,156000.0,143671.0,4213.0,1917708000.0,1766147603.0,51790409.0,645.5744782599892,1000.0,1584.0,3091586.0,1.4448542752364408
518,375.0,228.0,0.0,4609875.0,2802804.0,0.0,647.7507787405758,1000.0,1584.0,21.464912280701753,1.4465452154497798,156260.0,143671.0,4213.0,1920904180.0,1766147603.0,51790409.0,645.5744782599892,1000.0,1584.0,3091586.0,1.448236155663119
519,500.0,207.0,0.0,6146500.0,2544651.0,0.0,634.5319111675103,1000.0,1584.0,21.00966183574879,1.4470495117773765,157000.0,144085.0,4213.0,1930001000.0,1771236905.0,51790409.0,645.5436509880344,1000.0,1584.0,3100284.0,1.445862867891634
520,370.0,433.5,0.0,4548410.0,5329015.5,0.0,643.8828059950723,1000.0,1584.0,21.369088811995386,1.4540372546964102,157000.0,144538.0,4213.0,1930001000.0,1776805634.0,51790409.0,645.5646182936446,1000.0,1584.0,3110113.0,1.462211641501186
521,0.0,428.5,0.0,0.0,5267550.5,0.0,634.339446031969,1000.0,1584.0,21.012835472578764,1.4627919810998091,157000.0,144942.0,4213.0,1930001000.0,1781772006.0,51790409.0,645.4792749788679,1000.0,1584.0,3118292.0,1.4633723206984324
522,0.0,202.0,0.0,0.0,2483186.0,0.0,614.0562467203441,1000.0,1584.0,20.245049504950494,1.4633723206984324,157000.0,144942.0,4213.0,1930001000.0,1781772006.0,51790409.0,645.4792749788679,1000.0,1584.0,3118292.0,1.4633723206984324
523,0.0,0.0,0.0,0.0,0.0,0.0,0.0,1000.0,1584.0,0.0,1.4633723206984324,157000.0,144942.0,4213.0,1930001000.0,1781772006.0,51790409.0,645.4792749788679,1000.0,1584.0,3118292.0,1.4633723206984324
524,466.5,223.0,0.0,5734684.5,2741339.0,0.0,624.9632499461669,1000.0,1584.0,20.643497757847534,1.4633723206984324,157933.0,145388.0,4213.0,1941470369.0,1787254684.0,51790409.0,645.4181113023915,1000.0,1584.0,3127499.0,1.4633723206984324
525,500.0,223.0,0.0,6146500.0,2741339.0,0.0,624.9632499461669,1000.0,1584.0,20.643497757847534,1.4630781343882493,158000.0,145388.0,4213.0,1942294000.0,1787254684.0,51790409.0,645.4181113023915,1000.0,1584.0,3127499.0,1.462783948078066
526,380.0,223.0,0.0,4671340.0,2741339.0,0.0,619.040679454232,1000.0,1584.0,19.840807174887892,1.4662475358418308,158693.0,145834.0,4213.0,1950813049.0,1792737362.0,51790409.0,645.3397069717204,1000.0,1584.0,3136348.0,1.4697111236055955
527,500.0,435.5,0.0,6146500.0,5353601.5,0.0,631.8908091541174,1000.0,1584.0,20.53846153846154,1.4706351614522604,159000.0,146259.0,4213.0,1954587000.0,1797961887.0,51790409.0,645.3398091586641,1000.0,1584.0,3145388.0,1.4715591992989252
528,153.5,435.0,0.0,1886975.5,5347455.0,0.0,640.6659487897386,1000.0,1584.0,21.20919540229885,1.4722352405821395,159000.0,146704.0,4213.0,1954587000.0,1803432272.0,51790409.0,645.3127638863289,1000.0,1584.0,3154800.0,1.4729112818653538
529,0.0,222.5,0.0,0.0,2735192.5,0.0,636.1676937312897,1000.0,1584.0,21.150561797752808,1.4729112818653538,159000.0,146704.0,4213.0,1954587000.0,1803432272.0,51790409.0,645.3127638863289,1000.0,1584.0,3154800.0,1.4729112818653538
530,0.0,0.0,0.0,0.0,0.0,0.0,0.0,1000.0,1584.0,0.0,1.4729112818653538,159000.0,146704.0,4213.0,1954587000.0,1803432272.0,51790409.0,645.3127638863289,1000.0,1584.0,3154800.0,1.4729112818653538
531,211.0,226.5,0.0,2593823.0,2784364.5,0.0,640.1142300657045,1000.0,1584.0,20.620309050772626,1.4729112818653538,159422.0,147157.0,4213.0,1959774646.0,1809001001.0,51790409.0,645.2972064058448,1000.0,1584.0,3164141.0,1.4729112818653538
532,479.5,437.0,0.0,5894493.5,5372041.0,0.0,636.3023416560336,1000.0,1584.0,21.153318077803203,1.4729112818653538,159959.0,147578.0,4213.0,1966375987.0,1814176354.0,51790409.0,645.260882621765,1000.0,1584.0,3173288.0,1.4729112818653538
533,402.0,435.0,29.0,4941786.0,5347455.0,356497.0,661.7213048817869,1000.0,1584.0,21.45287356321839,1.4731303779940117,160226.0,148027.0,4271.0,1969658218.0,1819695911.0,52503403.0,645.3972836451102,1000.0,1584.0,3182805.0,1.4733494741226696
534,400.5,224.5,88.0,4923346.5,2759778.5,1081784.0,745.2845928683025,1000.0,1584.0,21.19599109131403,1.4733494741226696,160760.0,148027.0,4389.0,1976222680.0,1819695911.0,53953977.0,645.6710417842155,1000.0,1584.0,3182805.0,1.4733494741226696
535,387.0,312.0,59.0,4757391.0,3835416.0,725287.0,687.6124746795456,1000.0,1584.0,19.450320512820515,1.467774785069202,161000.0,148651.0,4389.0,1979173000.0,1827366743.0,53953977.0,645.6019600156504,1000.0,1584.0,3194942.0,1.4622000960157344
536,120.0,312.0,0.0,1475160.0,3835416.0,0.0,628.7282952118956,1000.0,1584.0,19.450320512820515,1.4609411728238664,161000.0,148651.0,4389.0,1979173000.0,1827366743.0,53953977.0,645.6019600156504,1000.0,1584.0,3194942.0,1.4596822496319983
537,0.0,0.0,0.0,0.0,0.0,0.0,0.0,1000.0,1584.0,0.0,1.4596822496319983,161000.0,148651.0,4389.0,1979173000.0,1827366743.0,53953977.0,645.6019600156504,1000.0,1584.0,3194942.0,1.4596822496319983
538,1.5,0.0,0.0,18439.5,0.0,0.0,0.0,1000.0,1584.0,0.0,1.4596822496319983,161003.0,148651.0,4389.0,1979209879.0,1827366743.0,53953977.0,645.6019600156504,1000.0,1584.0,3194942.0,1.4596822496319983
539,292.5,235.5,0.0,3595702.5,2895001.5,0.0,622.1650403507599,1000.0,1584.0,20.96815286624204,1.4596822496319983,161585.0,149122.0,4389.0,1986364405.0,1833156746.0,53953977.0,645.5300512328125,1000.0,1584.0,3204818.0,1.4596822496319983
540,498.5,553.5,0.0,6128060.5,6804175.5,0.0,649.8211397411964,1000.0,1584.0,21.56278229448961,1.4511711640341067,162000.0,149758.0,4389.0,1991466000.0,1840975094.0,53953977.0,645.6322598719968,1000.0,1584.0,3218812.0,1.4426600784362151
541,354.0,510.5,0.0,4351722.0,6275576.5,0.0,640.0541854430381,1000.0,1584.0,21.286973555337905,1.4426600784362151,162293.0,150143.0,4389.0,1995067849.0,1845707899.0,53953977.0,645.4938719368007,1000.0,1584.0,3226552.0,1.4426600784362151
542,500.0,192.5,0.0,6146500.0,2366402.5,0.0,590.0858588286894,1000.0,1584.0,20.103896103896105,1.441139129107924,163000.0,150143.0,4389.0,2003759000.0,1845707899.0,53953977.0,645.4938719368007,1000.0,1584.0,3226552.0,1.439618179779633
543,353.5,236.0,0.0,4345575.5,2901148.0,0.0,664.0011215374352,1000.0,1584.0,21.540254237288135,1.4460343781662717,163000.0,150615.0,4389.0,2003759000.0,1851510195.0,53953977.0,645.5502280425236,1000.0,1584.0,3236719.0,1.4524505765529105
544,0.0,236.0,0.0,0.0,2901148.0,0.0,664.0011215374352,1000.0,1584.0,21.540254237288135,1.4524505765529105,163000.0,150615.0,4389.0,2003759000.0,1851510195.0,53953977.0,645.5502280425236,1000.0,1584.0,3236719.0,1.4524505765529105
545,0.0,0.0,0.0,0.0,0.0,0.0,0.0,1000.0,1584.0,0.0,1.4524505765529105,163000.0,150615.0,4389.0,2003759000.0,1851510195.0,53953977.0,645.5502280425236,1000.0,1584.0,3236719.0,1.4524505765529105
546,104.0,204.0,0.0,1278472.0,2507772.0,0.0,634.7024865873616,1000.0,1584.0,21.987745098039216,1.4524505765529105,163208.0,151023.0,4389.0,2006315944.0,1856525739.0,53953977.0,645.5217496849087,1000.0,1584.0,3245690.0,1.4524505765529105
547,500.0,419.0,0.0,6146500.0,5150767.0,0.0,627.3647894886442,1000.0,1584.0,21.026252983293556,1.454066679285785,164000.0,151453.0,4389.0,2016052000.0,1861811729.0,53953977.0,645.4524405557866,1000.0,1584.0,3254339.0,1.4556827820186595
548,396.0,435.0,0.0,4868028.0,5347455.0,0.0,638.7716475421762,1000.0,1584.0,21.244827586206895,1.45633240269261,164000.0,151893.0,4389.0,2016052000.0,1867220649.0,53953977.0,645.4841728119216,1000.0,1584.0,3264173.0,1.4569820233665607
549,498.5,220.0,0.0,6128060.5,2704460.0,0.0,656.7233052223932,1000.0,1584.0,22.35,1.4569820233665607,164997.0,151893.0,4389.0,2028308121.0,1867220649.0,53953977.0,645.4841728119216,1000.0,1584.0,3264173.0,1.4569820233665607
550,500.0,213.0,0.0,6146500.0,2618409.0,0.0,634.9104807409088,1000.0,1584.0,20.802816901408452,1.4667591834716314,165000.0,152319.0,4389.0,2028345000.0,1872457467.0,53953977.0,645.4554289518621,1000.0,1584.0,3273035.0,1.4765363435767023
551,1.5,412.0,0.0,18439.5,5064716.0,0.0,627.5862515522982,1000.0,1584.0,21.410194174757283,1.4794226037322566,165000.0,152717.0,4389.0,2028345000.0,1877350081.0,53953977.0,645.3903006038723,1000.0,1584.0,3281815.0,1.4823088638878108
552,0.0,199.0,0.0,0.0,2446307.0,0.0,619.7467499584586,1000.0,1584.0,22.060301507537687,1.4823088638878108,165000.0,152717.0,4389.0,2028345000.0,1877350081.0,53953977.0,645.3903006038723,1000.0,1584.0,3281815.0,1.4823088638878108
553,115.5,0.0,0.0,1419841.5,0.0,0.0,0.0,1000.0,1584.0,0.0,1.4823088638878108,165231.0,152717.0,4389.0,2031184683.0,1877350081.0,53953977.0,645.3903006038723,1000.0,1584.0,3281815.0,1.4823088638878108
554,437.5,220.5,0.0,5378187.5,2710606.5,0.0,622.9577962536291,1000.0,1584.0,19.65532879818594,1.4823088638878108,165875.0,153158.0,4389.0,2039101375.0,1882771294.0,53953977.0,645.3275083297029,1000.0,1584.0,3290483.0,1.4823088638878108
555,384.5,437.0,0.0,4726658.5,5372041.0,0.0,623.2137044030926,1000.0,1584.0,20.152173913043477,1.4777536851221735,166000.0,153591.0,4389.0,2040638000.0,1888094163.0,53953977.0,645.2676120035453,1000.0,1584.0,3299428.0,1.4731985063565363
556,319.5,429.0,0.0,3927613.5,5273697.0,0.0,627.7364756232114,1000.0,1584.0,20.44055944055944,1.4727009344877242,166514.0,154016.0,4389.0,2046956602.0,1893318688.0,53953977.0,645.2322265768411,1000.0,1584.0,3308021.0,1.4722033626189124
557,500.0,356.0,0.0,6146500.0,4376308.0,0.0,626.7686973984489,1000.0,1584.0,21.424157303370787,1.4716297830347411,167000.0,154303.0,4389.0,2052931000.0,1896846779.0,53953977.0,645.1846133193112,1000.0,1584.0,3314682.0,1.4710562034505696
558,243.0,143.5,0.0,2987199.0,1764045.5,0.0,618.9052472593474,1000.0,1584.0,23.209059233449477,1.4751665608437217,167000.0,154303.0,4389.0,2052931000.0,1896846779.0,53953977.0,645.1846133193112,1000.0,1584.0,3314682.0,1.4792769182368737
559,0.0,0.0,0.0,0.0,0.0,0.0,0.0,1000.0,1584.0,0.0,1.4792769182368737,167000.0,154303.0,4389.0,2052931000.0,1896846779.0,53953977.0,645.1846133193112,1000.0,1584.0,3314682.0,1.4792769182368737
560,141.5,0.0,0.0,1739459.5,0.0,0.0,0.0,1000.0,1584.0,0.0,1.4792769182368737,167283.0,154303.0,4389.0,2056409919.0,1896846779.0,53953977.0,645.1846133193112,1000.0,1584.0,3314682.0,1.4792769182368737
561,466.0,183.5,0.0,5728538.0,2255765.5,0.0,630.1712363346334,1000.0,1584.0,20.50408719346049,1.4792769182368737,167932.0,154670.0,4389.0,2064388076.0,1901358310.0,53953977.0,645.1499726554478,1000.0,1584.0,3322207.0,1.4792769182368737
562,358.5,394.5,0.0,4407040.5,4849588.5,0.0,630.0760608498156,1000.0,1584.0,20.749049429657795,1.4753339055975903,168000.0,155092.0,4389.0,2065224000.0,1906545956.0,53953977.0,645.1098668109587,1000.0,1584.0,3331053.0,1.4713908929583066
563,68.5,440.0,0.0,842070.5,5408920.0,0.0,633.5633318902925,1000.0,1584.0,21.086363636363636,1.4726556702276166,168069.0,155550.0,4389.0,2066072217.0,1912176150.0,53953977.0,645.086221826235,1000.0,1584.0,3340763.0,1.4739204474969267
564,402.0,433.0,0.0,4941786.0,5322869.0,0.0,635.9703169300149,1000.0,1584.0,21.193995381062354,1.4739204474969267,168804.0,155958.0,4389.0,2075107572.0,1917191694.0,53953977.0,645.060506048382,1000.0,1584.0,3349407.0,1.4739204474969267
565,465.5,424.5,0.0,5722391.5,5218378.5,0.0,617.3725698582448,1000.0,1584.0,20.460541813898704,1.4637818253404826,169000.0,156399.0,4389.0,2077517000.0,1922612907.0,53953977.0,644.939886959698,1000.0,1584.0,3358134.0,1.4536432031840383
566,98.0,220.5,0.0,1204714.0,2710606.5,0.0,601.0829504218145,1000.0,1584.0,19.789115646258505,1.456275306434763,169000.0,156399.0,4389.0,2077517000.0,1922612907.0,53953977.0,644.939886959698,1000.0,1584.0,3358134.0,1.458907409685488
567,0.0,0.0,0.0,0.0,0.0,0.0,0.0,1000.0,1584.0,0.0,1.458907409685488,169000.0,156399.0,4389.0,2077517000.0,1922612907.0,53953977.0,644.939886959698,1000.0,1584.0,3358134.0,1.458907409685488
568,224.0,130.5,0.0,2753632.0,1604236.5,0.0,588.0423907374876,1000.0,1584.0,18.482758620689655,1.458907409685488,169448.0,156660.0,4389.0,2083024264.0,1925821380.0,53953977.0,644.8476774674682,1000.0,1584.0,3362958.0,1.458907409685488
569,500.0,202.0,0.0,6146500.0,2483186.0,0.0,632.5725685975126,1000.0,1584.0,21.22029702970297,1.4564340961289113,170000.0,156803.0,4389.0,2089810000.0,1927579279.0,53953977.0,644.9088904051642,1000.0,1584.0,3366707.0,1.4539607825723349
570,410.5,272.0,0.0,5046276.5,3343696.0,0.0,670.7100905133839,1000.0,1584.0,23.308823529411764,1.4591434569866397,170269.0,157205.0,4389.0,2093116817.0,1932521065.0,53953977.0,644.9345575541197,1000.0,1584.0,3375665.0,1.4643261314009446
571,476.0,426.5,0.0,5851468.0,5242964.5,0.0,631.9863092263114,1000.0,1584.0,21.021101992966003,1.4643261314009446,170952.0,157656.0,4389.0,2101512936.0,1938065208.0,53953977.0,644.8408663270029,1000.0,1584.0,3384638.0,1.4643261314009446
572,365.5,440.0,0.0,4493091.5,5408920.0,0.0,636.2824908801292,1000.0,1584.0,21.118181818181817,1.4694510344750777,171000.0,158085.0,4389.0,2102103000.0,1943338905.0,53953977.0,644.8876957874799,1000.0,1584.0,3394249.0,1.4745759375492111
573,24.0,214.5,0.0,295032.0,2636848.5,0.0,662.5764601766257,1000.0,1584.0,22.403263403263402,1.4723456017287333,171000.0,158085.0,4389.0,2102103000.0,1943338905.0,53953977.0,644.8876957874799,1000.0,1584.0,3394249.0,1.4701152659082555
574,0.0,0.0,0.0,0.0,0.0,0.0,0.0,1000.0,1584.0,0.0,1.4701152659082555,171000.0,158085.0,4389.0,2102103000.0,1943338905.0,53953977.0,644.8876957874799,1000.0,1584.0,3394249.0,1.4701152659082555
575,11.0,219.5,0.0,135223.0,2698313.5,0.0,639.7909741178464,1000.0,1584.0,21.865603644646924,1.4701152659082555,171022.0,158524.0,4389.0,2102373446.0,1948735532.0,53953977.0,644.8739617035633,1000.0,1584.0,3403848.0,1.4701152659082555
576,477.0,415.0,0.0,5863761.0,5101595.0,0.0,637.1564918125357,1000.0,1584.0,21.465060240963854,1.4701152659082555,171954.0,158915.0,4389.0,2113830522.0,1953542095.0,53953977.0,644.8484015919964,1000.0,1584.0,3412065.0,1.4701152659082555
577,489.0,195.5,0.0,6011277.0,2403281.5,0.0,634.1985947996676,1000.0,1584.0,21.015345268542198,1.4723017051399334,172000.0,158915.0,4389.0,2114396000.0,1953542095.0,53953977.0,644.8484015919964,1000.0,1584.0,3412065.0,1.4744881443716111
578,377.5,229.0,0.0,4640607.5,2815097.0,0.0,642.3707497720571,1000.0,1584.0,21.762008733624455,1.4744881443716111,172709.0,159373.0,4389.0,2123111737.0,1959172289.0,53953977.0,644.8414722400504,1000.0,1584.0,3422032.0,1.4744881443716111
579,500.0,444.5,0.0,6146500.0,5464238.5,0.0,641.8955760527793,1000.0,1584.0,21.3970753655793,1.469263563807966,173000.0,159804.0,4389.0,2126689000.0,1964470572.0,53953977.0,644.8324139317172,1000.0,1584.0,3431087.0,1.464038983244321
580,145.5,435.5,0.0,1788631.5,5353601.5,0.0,653.393768086039,1000.0,1584.0,21.94374282433984,1.464787298592817,173000.0,160244.0,4389.0,2126689000.0,1969879492.0,53953977.0,644.8867186346484,1000.0,1584.0,3441145.0,1.4655356139413127
581,0.0,220.0,0.0,0.0,2704460.0,0.0,665.1513824718666,1000.0,1584.0,22.85909090909091,1.4655356139413127,173000.0,160244.0,4389.0,2126689000.0,1969879492.0,53953977.0,644.8867186346484,1000.0,1584.0,3441145.0,1.4655356139413127
582,16.0,0.0,0.0,196688.0,0.0,0.0,0.0,1000.0,1584.0,0.0,1.4655356139413127,173032.0,160244.0,4389.0,2127082376.0,1969879492.0,53953977.0,644.8867186346484,1000.0,1584.0,3441145.0,1.4655356139413127
583,234.0,242.0,0.0,2876562.0,2974906.0,0.0,623.3130094769592,1000.0,1584.0,20.824380165289256,1.4655356139413127,173468.0,160728.0,4389.0,2132442124.0,1975829304.0,53953977.0,644.8234805959698,1000.0,1584.0,3451224.0,1.4655356139413127
584,484.0,465.5,0.0,5949812.0,5722391.5,0.0,633.4651990553117,1000.0,1584.0,20.858216970998924,1.4628992931914937,174000.0,161175.0,4389.0,2138982000.0,1981324275.0,53953977.0,644.8224931102075,1000.0,1584.0,3460564.0,1.4602629724416747
585,373.0,441.0,59.0,4585289.0,5421213.0,725287.0,685.0921727585819,1000.0,1584.0,21.759637188208618,1.4582922067718687,174214.0,161610.0,4507.0,2141612702.0,1986671730.0,55404551.0,645.0658922224902,1000.0,1584.0,3470416.0,1.4563214411020624
586,500.0,556.0,59.0,6146500.0,6834908.0,725287.0,658.4633206641951,1000.0,1584.0,20.71312949640288,1.4562808480000178,175000.0,162287.0,4507.0,2151275000.0,1994994091.0,55404551.0,644.92308556492,1000.0,1584.0,3483597.0,1.456240254897973
587,393.0,338.5,0.0,4831149.0,4161180.5,0.0,609.8822974771417,1000.0,1584.0,19.469719350073856,1.463670395095695,175000.0,162287.0,4507.0,2151275000.0,1994994091.0,55404551.0,644.92308556492,1000.0,1584.0,3483597.0,1.4711005352934172
588,0.0,0.0,0.0,0.0,0.0,0.0,0.0,1000.0,1584.0,0.0,1.4711005352934172,175000.0,162287.0,4507.0,2151275000.0,1994994091.0,55404551.0,644.92308556492,1000.0,1584.0,3483597.0,1.4711005352934172
589,0.5,0.0,0.0,6146.5,0.0,0.0,0.0,1000.0,1584.0,0.0,1.4711005352934172,175001.0,162287.0,4507.0,2151287293.0,1994994091.0,55404551.0,644.92308556492,1000.0,1584.0,3483597.0,1.4711005352934172
590,382.5,92.5,0.0,4702072.5,1137102.5,0.0,575.9827265811595,1000.0,1584.0,16.91891891891892,1.4711005352934172,175765.0,162472.0,4507.0,2160679145.0,1997268296.0,55404551.0,644.8467049038067,1000.0,1584.0,3486727.0,1.4711005352934172
591,499.5,92.5,0.0,6140353.5,1137102.5,0.0,575.9827265811595,1000.0,1584.0,16.91891891891892,1.4664201177512526,176000.0,162472.0,4507.0,2163568000.0,1997268296.0,55404551.0,644.8467049038067,1000.0,1584.0,3486727.0,1.4617397002090882
592,367.0,223.0,0.0,4511531.0,2741339.0,0.0,626.6274832367991,1000.0,1584.0,21.37443946188341,1.4617397002090882,176499.0,162918.0,4507.0,2169702207.0,2002750974.0,55404551.0,644.7981710954546,1000.0,1584.0,3496260.0,1.4617397002090882
593,500.0,491.0,0.0,6146500.0,6035863.0,0.0,665.8378665365602,1000.0,1584.0,23.167006109979635,1.4561166176417308,177000.0,163454.0,4507.0,2175861000.0,2009340022.0,55404551.0,644.9694317316023,1000.0,1584.0,3509477.0,1.4504935350743735
594,262.5,446.5,0.0,3226912.5,5488824.5,0.0,644.5636020001986,1000.0,1584.0,22.11310190369541,1.4541047017177013,177024.0,163811.0,4507.0,2176156032.0,2013728623.0,55404551.0,644.7969266046566,1000.0,1584.0,3516007.0,1.4577158683610292
595,406.0,402.5,0.0,4990958.0,4947932.5,0.0,627.8714778132977,1000.0,1584.0,20.757763975155278,1.4577158683610292,177812.0,164259.0,4507.0,2185842916.0,2019235887.0,55404551.0,644.8878758915382,1000.0,1584.0,3526187.0,1.4577158683610292
596,488.0,439.5,0.0,5998984.0,5402773.5,0.0,638.8866615381536,1000.0,1584.0,21.830489192263936,1.4573928441183992,178000.0,164690.0,4507.0,2188154000.0,2024534170.0,55404551.0,644.7662220236438,1000.0,1584.0,3535196.0,1.457069819875769
597,94.0,215.5,0.0,1155542.0,2649141.5,0.0,597.130406086357,1000.0,1584.0,20.902552204176335,1.455856486645538,178000.0,164690.0,4507.0,2188154000.0,2024534170.0,55404551.0,644.7662220236438,1000.0,1584.0,3535196.0,1.454643153415307
598,0.0,0.0,0.0,0.0,0.0,0.0,0.0,1000.0,1584.0,0.0,1.454643153415307,178000.0,164690.0,4507.0,2188154000.0,2024534170.0,55404551.0,644.7662220236438,1000.0,1584.0,3535196.0,1.454643153415307
599,12.0,204.0,0.0,147516.0,2507772.0,0.0,658.3422220644536,1000.0,1584.0,22.975490196078432,1.454643153415307,178024.0,165098.0,4507.0,2188449032.0,2029549714.0,55404551.0,644.7988803062221,1000.0,1584.0,3544570.0,1.454643153415307
600,487.5,429.5,0.0,5992837.5,5279843.5,0.0,654.3347773536093,1000.0,1584.0,22.48661233993015,1.454643153415307,178975.0,165549.0,4507.0,2200139675.0,2035093857.0,55404551.0,644.8145554492703,1000.0,1584.0,3554512.0,1.454643153415307
601,488.0,434.0,0.0,5998984.0,5335162.0,0.0,658.4007881608795,1000.0,1584.0,22.337557603686637,1.4620073283249169,179000.0,165966.0,4507.0,2200447000.0,2040220038.0,55404551.0,644.868137349964,1000.0,1584.0,3563959.0,1.4693715032345267
602,335.5,442.0,0.0,4124301.5,5433506.0,0.0,651.866330551129,1000.0,1584.0,22.84049773755656,1.4693715032345267,179646.0,166433.0,4507.0,2208388278.0,2045960869.0,55404551.0,644.8510230354999,1000.0,1584.0,3574703.0,1.4693715032345267
603,500.0,436.5,0.0,6146500.0,5365894.5,0.0,640.4326037959503,1000.0,1584.0,22.193585337915234,1.4631832073426714,180000.0,166839.0,4507.0,2212740000.0,2050951827.0,55404551.0,644.8455385102321,1000.0,1584.0,3583334.0,1.456994911450816
604,177.0,203.0,0.0,2175861.0,2495479.0,0.0,642.5363642508784,1000.0,1584.0,21.25862068965517,1.460623402695105,180000.0,166839.0,4507.0,2212740000.0,2050951827.0,55404551.0,644.8455385102321,1000.0,1584.0,3583334.0,1.464251893939394
605,0.0,0.0,0.0,0.0,0.0,0.0,0.0,1000.0,1584.0,0.0,1.464251893939394,180000.0,166839.0,4507.0,2212740000.0,2050951827.0,55404551.0,644.8455385102321,1000.0,1584.0,3583334.0,1.464251893939394
606,203.5,229.5,0.0,2501625.5,2821243.5,0.0,639.6176308724998,1000.0,1584.0,22.29847494553377,1.464251893939394,180407.0,167298.0,4507.0,2217743251.0,2056594314.0,55404551.0,644.8315714568533,1000.0,1584.0,3593569.0,1.464251893939394
607,500.0,452.0,0.0,6146500.0,5556436.0,0.0,631.5720762592412,1000.0,1584.0,21.375,1.4644143297357868,181000.0,167743.0,4507.0,2225033000.0,2062064699.0,55404551.0,644.7758769144408,1000.0,1584.0,3602657.0,1.4645767655321793
608,393.0,436.5,0.0,4831149.0,5365894.5,0.0,637.761668802995,1000.0,1584.0,21.532646048109967,1.4643507308315007,181193.0,168171.0,4507.0,2227405549.0,2067326103.0,55404551.0,644.7958284842869,1000.0,1584.0,3612367.0,1.4641246961308219
609,453.0,422.0,0.0,5568729.0,5187646.0,0.0,641.5403485449956,1000.0,1584.0,22.113744075829384,1.4641246961308219,181906.0,168587.0,4507.0,2236170458.0,2072439991.0,55404551.0,644.7601005966958,1000.0,1584.0,3621321.0,1.4641246961308219
610,403.5,417.0,0.0,4960225.5,5126181.0,0.0,647.6128008717409,1000.0,1584.0,22.381294964028775,1.4609640393695615,182000.0,169005.0,4507.0,2237326000.0,2077578465.0,55404551.0,644.809368498644,1000.0,1584.0,3631033.0,1.457803382608301
611,47.0,209.0,0.0,577771.0,2569237.0,0.0,665.2112302684058,1000.0,1584.0,23.23444976076555,1.4586494292233712,182000.0,169005.0,4507.0,2237326000.0,2077578465.0,55404551.0,644.809368498644,1000.0,1584.0,3631033.0,1.4594954758384413
612,0.0,0.0,0.0,0.0,0.0,0.0,0.0,1000.0,1584.0,0.0,1.4594954758384413,182000.0,169005.0,4507.0,2237326000.0,2077578465.0,55404551.0,644.809368498644,1000.0,1584.0,3631033.0,1.4594954758384413
613,343.5,0.0,0.0,4222645.5,0.0,0.0,0.0,1000.0,1584.0,0.0,1.4594954758384413,182687.0,169005.0,4507.0,2245771291.0,2077578465.0,55404551.0,644.809368498644,1000.0,1584.0,3631033.0,1.4594954758384413
614,500.0,236.0,0.0,6146500.0,2901148.0,0.0,626.4415654762886,1000.0,1584.0,21.572033898305083,1.4562615123469742,183000.0,169477.0,4507.0,2249619000.0,2083380761.0,55404551.0,644.7595386118355,1000.0,1584.0,3641215.0,1.4530275488555071
615,397.0,441.5,0.0,4880321.0,5427359.5,0.0,647.66949232824,1000.0,1584.0,22.07701019252548,1.4556513545739276,183481.0,169888.0,4507.0,2255531933.0,2088433184.0,55404551.0,644.8238499306902,1000.0,1584.0,3650527.0,1.458275160292348
616,500.0,431.5,0.0,6146500.0,5304429.5,0.0,664.0669276635103,1000.0,1584.0,22.808806488991888,1.4587304564277328,184000.0,170340.0,4507.0,2261912000.0,2093989620.0,55404551.0,644.8548349380617,1000.0,1584.0,3660899.0,1.4591857525631176
617,259.5,437.0,0.0,3190033.5,5372041.0,0.0,641.6015725527857,1000.0,1584.0,21.94050343249428,1.464438584642957,184000.0,170762.0,4507.0,2261912000.0,2099177266.0,55404551.0,644.807781656048,1000.0,1584.0,3669703.0,1.4696914167227968
618,0.0,211.0,0.0,0.0,2593823.0,0.0,625.3122243093675,1000.0,1584.0,20.862559241706162,1.4696914167227968,184000.0,170762.0,4507.0,2261912000.0,2099177266.0,55404551.0,644.807781656048,1000.0,1584.0,3669703.0,1.4696914167227968
619,67.0,0.0,0.0,823631.0,0.0,0.0,0.0,1000.0,1584.0,0.0,1.4696914167227968,184134.0,170762.0,4507.0,2263559262.0,2099177266.0,55404551.0,644.807781656048,1000.0,1584.0,3669703.0,1.4696914167227968
620,294.0,200.0,0.0,3614142.0,2458600.0,0.0,626.7980352754694,1000.0,1584.0,22.3375,1.4696914167227968,184588.0,171162.0,4507.0,2269140284.0,2104094466.0,55404551.0,644.7667732905862,1000.0,1584.0,3678638.0,1.4696914167227968
621,433.0,418.5,0.0,5322869.0,5144620.5,0.0,632.9779869557977,1000.0,1584.0,21.841099163679807,1.4678218371708605,185000.0,171599.0,4507.0,2274205000.0,2109466507.0,55404551.0,644.7515567791896,1000.0,1584.0,3687984.0,1.4659522576189241
622,206.0,442.0,0.0,2532358.0,5433506.0,0.0,652.2741041059927,1000.0,1584.0,22.09389140271493,1.462800939602368,185000.0,172046.0,4507.0,2274205000.0,2114961478.0,55404551.0,644.8043624589436,1000.0,1584.0,3698169.0,1.4596496215858121
623,0.0,223.5,0.0,0.0,2747485.5,0.0,665.6083826798268,1000.0,1584.0,22.78523489932886,1.4596496215858121,185000.0,172046.0,4507.0,2274205000.0,2114961478.0,55404551.0,644.8043624589436,1000.0,1584.0,3698169.0,1.4596496215858121
624,0.0,0.0,0.0,0.0,0.0,0.0,0.0,1000.0,1584.0,0.0,1.4596496215858121,185000.0,172046.0,4507.0,2274205000.0,2114961478.0,55404551.0,644.8043624589436,1000.0,1584.0,3698169.0,1.4596496215858121
625,291.5,214.0,0.0,3583409.5,2630702.0,0.0,629.3335489133744,1000.0,1584.0,21.710280373831775,1.4596496215858121,185583.0,172474.0,4507.0,2281371819.0,2120222882.0,55404551.0,644.7669487919538,1000.0,1584.0,3707461.0,1.4596496215858121
626,500.0,418.0,0.0,6146500.0,5138474.0,0.0,649.1556991284003,1000.0,1584.0,21.980861244019138,1.4569616858728192,186000.0,172882.0,4507.0,2286498000.0,2125238426.0,55404551.0,644.8248694658931,1000.0,1584.0,3716545.0,1.454273750159826
627,399.0,209.0,0.0,4904907.0,2569237.0,0.0,659.100891155396,1000.0,1584.0,21.961722488038276,1.4545691156349294,186381.0,172892.0,4507.0,2291181633.0,2125361356.0,55404551.0,644.8007234350355,1000.0,1584.0,3716641.0,1.4548644811100326
628,500.0,222.0,0.0,6146500.0,2729046.0,0.0,641.5818948585098,1000.0,1584.0,22.693693693693692,1.4534119114706148,187000.0,173326.0,4507.0,2298791000.0,2130696518.0,55404551.0,644.8167726518838,1000.0,1584.0,3726621.0,1.451959341831197
629,367.5,417.5,0.0,4517677.5,5132327.5,0.0,641.9568799249457,1000.0,1584.0,22.180838323353292,1.453777230135176,187116.0,173727.0,4507.0,2300216988.0,2135626011.0,55404551.0,644.7874004476649,1000.0,1584.0,3735162.0,1.4555951184391551
630,473.5,431.0,0.0,5820735.5,5298283.0,0.0,650.018170928847,1000.0,1584.0,22.642691415313227,1.4555951184391551,187947.0,174188.0,4507.0,2310432471.0,2141293084.0,55404551.0,644.841863478794,1000.0,1584.0,3746139.0,1.4555951184391551
631,442.0,444.0,0.0,5433506.0,5458092.0,0.0,655.0593062540123,1000.0,1584.0,22.79054054054054,1.4586903932921844,188000.0,174615.0,4507.0,2311084000.0,2146542195.0,55404551.0,644.8383235746738,1000.0,1584.0,3755400.0,1.4617856681452135
632,26.5,422.5,0.0,325764.5,5193792.5,0.0,644.2955205979049,1000.0,1584.0,22.075739644970415,1.4623550204058533,188000.0,175033.0,4507.0,2311084000.0,2151680669.0,55404551.0,644.8392921312706,1000.0,1584.0,3764793.0,1.4629243726664931
633,0.0,209.0,0.0,0.0,2569237.0,0.0,645.2543394871876,1000.0,1584.0,22.471291866028707,1.4629243726664931,188000.0,175033.0,4507.0,2311084000.0,2151680669.0,55404551.0,644.8392921312706,1000.0,1584.0,3764793.0,1.4629243726664931
634,0.0,0.0,0.0,0.0,0.0,0.0,0.0,1000.0,1584.0,0.0,1.4629243726664931,188000.0,175033.0,4507.0,2311084000.0,2151680669.0,55404551.0,644.8392921312706,1000.0,1584.0,3764793.0,1.4629243726664931
635,335.0,221.5,0.0,4118155.0,2722899.5,0.0,653.5834501975825,1000.0,1584.0,22.71331828442438,1.4629243726664931,188670.0,175476.0,4507.0,2319320310.0,2157126468.0,55404551.0,644.8608145085144,1000.0,1584.0,3774855.0,1.4629243726664931
636,500.0,421.0,0.0,6146500.0,5175353.0,0.0,652.9129796589295,1000.0,1584.0,22.3646080760095,1.4578986763070811,189000.0,175875.0,4507.0,2323377000.0,2162031375.0,55404551.0,644.8769790673199,1000.0,1584.0,3783624.0,1.452872979947669
637,388.0,199.5,0.0,4769684.0,2452453.5,0.0,652.168572519523,1000.0,1584.0,21.977443609022558,1.454209913867948,189446.0,175875.0,4507.0,2328859678.0,2162031375.0,55404551.0,644.8769790673199,1000.0,1584.0,3783624.0,1.4555468477882272
638,500.0,237.0,4.0,6146500.0,2913441.0,49172.0,652.1144862408939,1000.0,1584.0,22.877637130801688,1.4554804849593657,190000.0,176349.0,4515.0,2335670000.0,2167858257.0,55502895.0,644.8962669214952,1000.0,1584.0,3794468.0,1.4554141221305044
639,277.0,556.0,4.0,3405161.0,6834908.0,49172.0,626.7446748197792,1000.0,1584.0,20.847122302158272,1.4644568080961942,190000.0,176987.0,4515.0,2335670000.0,2175701191.0,55502895.0,644.765089497192,1000.0,1584.0,3806806.0,1.473499494061884
640,0.0,319.0,0.0,0.0,3921467.0,0.0,607.5781401724794,1000.0,1584.0,19.338557993730408,1.473499494061884,190000.0,176987.0,4515.0,2335670000.0,2175701191.0,55502895.0,644.765089497192,1000.0,1584.0,3806806.0,1.473499494061884
641,0.0,0.0,0.0,0.0,0.0,0.0,0.0,1000.0,1584.0,0.0,1.473499494061884,190000.0,176987.0,4515.0,2335670000.0,2175701191.0,55502895.0,644.765089497192,1000.0,1584.0,3806806.0,1.473499494061884
642,133.0,0.0,0.0,1634969.0,0.0,0.0,0.0,1000.0,1584.0,0.0,1.473499494061884,190266.0,176987.0,4515.0,2338939938.0,2175701191.0,55502895.0,644.765089497192,1000.0,1584.0,3806806.0,1.473499494061884
643,494.5,174.0,0.0,6078888.5,2138982.0,0.0,679.5593712599235,1000.0,1584.0,25.189655172413794,1.473499494061884,190989.0,177335.0,4515.0,2347827777.0,2179979155.0,55502895.0,644.8316741001804,1000.0,1584.0,3815572.0,1.473499494061884
644,368.5,423.0,0.0,4529970.5,5199939.0,0.0,648.3330539291111,1000.0,1584.0,23.41725768321513,1.4699109358960143,191003.0,177833.0,4515.0,2347999879.0,2186101069.0,55502895.0,644.7816429987905,1000.0,1584.0,3826617.0,1.4663223777301446
645,411.5,249.0,0.0,5058569.5,3060957.0,0.0,626.5122538666155,1000.0,1584.0,22.17871485943775,1.4663223777301446,191812.0,177833.0,4515.0,2357944916.0,2186101069.0,55502895.0,644.7816429987905,1000.0,1584.0,3826617.0,1.4663223777301446
646,498.5,208.5,0.0,6128060.5,2563090.5,0.0,649.3349988606001,1000.0,1584.0,22.191846522781773,1.4602617398292597,192000.0,178250.0,4515.0,2360256000.0,2191227250.0,55502895.0,644.7920320196338,1000.0,1584.0,3835871.0,1.4542011019283747
647,94.0,395.0,0.0,1155542.0,4855735.0,0.0,662.0674229226028,1000.0,1584.0,23.38860759493671,1.4536069673290943,192000.0,178623.0,4515.0,2360256000.0,2195812539.0,55502895.0,644.8562084420071,1000.0,1584.0,3845094.0,1.4530128327298137
648,0.0,186.5,0.0,0.0,2292644.5,0.0,676.3017951313298,1000.0,1584.0,24.726541554959784,1.4530128327298137,192000.0,178623.0,4515.0,2360256000.0,2195812539.0,55502895.0,644.8562084420071,1000.0,1584.0,3845094.0,1.4530128327298137
649,0.0,0.0,0.0,0.0,0.0,0.0,0.0,1000.0,1584.0,0.0,1.4530128327298137,192000.0,178623.0,4515.0,2360256000.0,2195812539.0,55502895.0,644.8562084420071,1000.0,1584.0,3845094.0,1.4530128327298137
650,356.5,264.0,0.0,4382454.5,3245352.0,0.0,704.3824452065962,1000.0,1584.0,23.94128787878788,1.4530128327298137,192713.0,179151.0,4515.0,2369020909.0,2202303243.0,55502895.0,645.0273334897115,1000.0,1584.0,3857735.0,1.4530128327298137
651,500.0,408.0,0.0,6146500.0,5015544.0,0.0,650.5853599431881,1000.0,1584.0,22.988970588235293,1.4520304744624348,193000.0,179439.0,4515.0,2372549000.0,2205843627.0,55502895.0,644.8816223369207,1000.0,1584.0,3863853.0,1.4510481161950557
652,309.0,428.0,0.0,3798537.0,5261404.0,0.0,643.5557713566718,1000.0,1584.0,23.141355140186917,1.4482058919479242,193331.0,180007.0,4515.0,2376617983.0,2212826051.0,55502895.0,645.0205068935016,1000.0,1584.0,3877544.0,1.4453636677007928
653,488.5,502.5,0.0,6005130.5,6177232.5,0.0,674.8263557350144,1000.0,1584.0,23.956218905472635,1.4453636677007928,193977.0,180444.0,4515.0,2384559261.0,2218198092.0,55502895.0,645.0443311376016,1000.0,1584.0,3887929.0,1.4453636677007928
654,334.5,218.5,0.0,4112008.5,2686020.5,0.0,655.1040500616409,1000.0,1584.0,23.76430205949657,1.4446930418205084,194000.0,180444.0,4515.0,2384842000.0,2218198092.0,55502895.0,645.0443311376016,1000.0,1584.0,3887929.0,1.444022415940224
655,11.5,0.0,0.0,141369.5,0.0,0.0,0.0,1000.0,1584.0,0.0,1.444022415940224,194000.0,180444.0,4515.0,2384842000.0,2218198092.0,55502895.0,645.0443311376016,1000.0,1584.0,3887929.0,1.444022415940224
656,53.5,62.0,0.0,657675.5,762166.0,0.0,615.782249810207,1000.0,1584.0,18.758064516129032,1.444022415940224,194107.0,180568.0,4515.0,2386157351.0,2219722424.0,55502895.0,645.0247264300677,1000.0,1584.0,3890255.0,1.444022415940224
657,353.5,140.5,0.0,4345575.5,1727166.5,0.0,535.198488245338,1000.0,1584.0,18.555160142348754,1.444022415940224,194707.0,180725.0,4515.0,2393533151.0,2221652425.0,55502895.0,644.8777003783025,1000.0,1584.0,3893143.0,1.444022415940224
658,446.5,285.0,0.0,5488824.5,3503505.0,0.0,595.2035818924127,1000.0,1584.0,22.080701754385966,1.4317985729559117,195000.0,181139.0,4515.0,2397135000.0,2226741727.0,55502895.0,644.870664296097,1000.0,1584.0,3902854.0,1.4195747299715995
659,377.5,407.5,0.0,4640607.5,5009397.5,0.0,647.9738268435451,1000.0,1584.0,23.25521472392638,1.4195747299715995,195462.0,181540.0,4515.0,2402814366.0,2231671220.0,55502895.0,644.8912627285168,1000.0,1584.0,3912096.0,1.4195747299715995
660,500.0,429.0,0.0,6146500.0,5273697.0,0.0,646.9152568049143,1000.0,1584.0,22.724941724941726,1.4155967130668108,196000.0,181997.0,4515.0,2409428000.0,2237289121.0,55502895.0,644.8800699127459,1000.0,1584.0,3922352.0,1.4116186961620218
661,269.0,425.5,0.0,3306817.0,5230671.5,0.0,634.6030678283084,1000.0,1584.0,22.601645123384255,1.4121460986997063,196000.0,182391.0,4515.0,2409428000.0,2242132563.0,55502895.0,644.8444196423644,1000.0,1584.0,3931330.0,1.4126735012373908
662,0.0,197.0,0.0,0.0,2421721.0,0.0,627.9682693144264,1000.0,1584.0,22.78680203045685,1.4126735012373908,196000.0,182391.0,4515.0,2409428000.0,2242132563.0,55502895.0,644.8444196423644,1000.0,1584.0,3931330.0,1.4126735012373908
663,0.0,0.0,0.0,0.0,0.0,0.0,0.0,1000.0,1584.0,0.0,1.4126735012373908,196000.0,182391.0,4515.0,2409428000.0,2242132563.0,55502895.0,644.8444196423644,1000.0,1584.0,3931330.0,1.4126735012373908
664,110.0,224.5,0.0,1352230.0,2759778.5,0.0,623.3613513573009,1000.0,1584.0,22.198218262806236,1.4126735012373908,196220.0,182840.0,4515.0,2412132460.0,2247652120.0,55502895.0,644.7929350400855,1000.0,1584.0,3941297.0,1.4126735012373908
665,500.0,434.5,0.0,6146500.0,5341308.5,0.0,643.586131036736,1000.0,1584.0,22.99079401611047,1.4110604064152281,197000.0,183260.0,4515.0,2421721000.0,2252815180.0,55502895.0,644.8385964348107,1000.0,1584.0,3951309.0,1.4094473115930655
666,396.0,419.5,0.0,4868028.0,5156913.5,0.0,647.1343336366286,1000.0,1584.0,22.66150178784267,1.4113336994895864,197012.0,183679.0,4515.0,2421868516.0,2257965947.0,55502895.0,644.8033733825528,1000.0,1584.0,3960310.0,1.4132200873861074
667,486.0,209.5,0.0,5974398.0,2575383.5,0.0,629.0181499036661,1000.0,1584.0,21.482100238663485,1.4132200873861074,197972.0,183679.0,4515.0,2433669796.0,2257965947.0,55502895.0,644.8033733825528,1000.0,1584.0,3960310.0,1.4132200873861074
668,494.0,312.5,0.0,6072742.0,3841562.5,0.0,600.6114715037268,1000.0,1584.0,20.912,1.4187158579330141,198000.0,184304.0,4515.0,2434014000.0,2265649072.0,55502895.0,644.6570960551959,1000.0,1584.0,3973380.0,1.424211628479921
669,14.0,441.0,0.0,172102.0,5421213.0,0.0,631.7717030894626,1000.0,1584.0,22.360544217687075,1.428463780597927,198000.0,184561.0,4515.0,2434014000.0,2268808373.0,55502895.0,644.7425833658481,1000.0,1584.0,3980032.0,1.4327159327159327
670,0.0,128.0,0.0,0.0,1573504.0,0.0,707.0479211176075,1000.0,1584.0,25.8984375,1.4327159327159327,198000.0,184561.0,4515.0,2434014000.0,2268808373.0,55502895.0,644.7425833658481,1000.0,1584.0,3980032.0,1.4327159327159327
671,335.5,0.0,0.0,4124301.5,0.0,0.0,0.0,1000.0,1584.0,0.0,1.4327159327159327,198671.0,184561.0,4515.0,2442262603.0,2268808373.0,55502895.0,644.7425833658481,1000.0,1584.0,3980032.0,1.4327159327159327
672,500.0,235.0,0.0,6146500.0,2888855.0,0.0,628.4908152235727,1000.0,1584.0,21.995744680851065,1.430014210200058,199000.0,185031.0,4515.0,2446307000.0,2274586083.0,55502895.0,644.7022853325111,1000.0,1584.0,3990370.0,1.4273124876841832
673,247.5,461.5,0.0,3042517.5,5673219.5,0.0,637.9284278473114,1000.0,1584.0,22.387865655471288,1.4265681212367274,199166.0,185484.0,4515.0,2448347638.0,2280154812.0,55502895.0,644.709480741394,1000.0,1584.0,4000696.0,1.4258237547892718
674,230.5,460.5,0.0,2833536.5,5660926.5,0.0,640.8270016497167,1000.0,1584.0,22.387622149837135,1.4258237547892718,199461.0,185952.0,4515.0,2451974073.0,2285907936.0,55502895.0,644.6835464629329,1000.0,1584.0,4010989.0,1.4258237547892718
675,386.5,460.0,0.0,4751244.5,5654780.0,0.0,641.3250293001198,1000.0,1584.0,22.445652173913043,1.4258237547892718,199939.0,186404.0,4515.0,2457850127.0,2291464372.0,55502895.0,644.6931717552478,1000.0,1584.0,4021346.0,1.4258237547892718
676,269.5,226.0,0.0,3312963.5,2778218.0,0.0,648.7491464263505,1000.0,1584.0,22.913716814159294,1.4253057202821093,200000.0,186404.0,4515.0,2458600000.0,2291464372.0,55502895.0,644.6931717552478,1000.0,1584.0,4021346.0,1.424787685774947
677,30.5,0.0,0.0,374936.5,0.0,0.0,0.0,1000.0,1584.0,0.0,1.424787685774947,200000.0,186404.0,4515.0,2458600000.0,2291464372.0,55502895.0,644.6931717552478,1000.0,1584.0,4021346.0,1.424787685774947
678,82.0,223.0,0.0,1008026.0,2741339.0,0.0,618.4500941324072,1000.0,1584.0,21.59865470852018,1.424787685774947,200164.0,186850.0,4515.0,2460616052.0,2296947050.0,55502895.0,644.6320089897486,1000.0,1584.0,4030979.0,1.424787685774947
679,319.5,448.5,0.0,3927613.5,5513410.5,0.0,626.0228766913498,1000.0,1584.0,22.0,1.424787685774947,200639.0,187301.0,4515.0,2466455227.0,2302491193.0,55502895.0,644.6058627994137,1000.0,1584.0,4041080.0,1.424787685774947
680,418.0,288.0,0.0,5138474.0,3540384.0,0.0,586.6676275790309,1000.0,1584.0,20.13715277777778,1.415967342013514,201000.0,187426.0,4515.0,2470893000.0,2304027818.0,55502895.0,644.4580623931774,1000.0,1584.0,4042578.0,1.4071469982520808
681,365.0,408.5,0.0,4486945.0,5021690.5,0.0,602.0421725084472,1000.0,1584.0,21.517747858017135,1.4071469982520808,201369.0,188118.0,4515.0,2475429117.0,2312534574.0,55502895.0,644.4253405889536,1000.0,1584.0,4058660.0,1.4071469982520808
682,500.0,417.5,0.0,6146500.0,5132327.5,0.0,665.1985761192049,1000.0,1584.0,24.008383233532935,1.4026854929051153,202000.0,188261.0,4515.0,2483186000.0,2314292473.0,55502895.0,644.5478989338322,1000.0,1584.0,4062625.0,1.3982239875581497
683,315.5,277.0,0.0,3878441.5,3405161.0,0.0,669.3391575974716,1000.0,1584.0,23.21841155234657,1.398864684271144,202000.0,188672.0,4515.0,2483186000.0,2319344896.0,55502895.0,644.4967856376505,1000.0,1584.0,4071523.0,1.3995053809841385
684,0.0,205.5,0.0,0.0,2526211.5,0.0,620.5225355533572,1000.0,1584.0,21.64963503649635,1.3995053809841385,202000.0,188672.0,4515.0,2483186000.0,2319344896.0,55502895.0,644.4967856376505,1000.0,1584.0,4071523.0,1.3995053809841385
685,75.5,0.0,0.0,928121.5,0.0,0.0,0.0,1000.0,1584.0,0.0,1.3995053809841385,202151.0,188672.0,4515.0,2485042243.0,2319344896.0,55502895.0,644.4967856376505,1000.0,1584.0,4071523.0,1.3995053809841385
686,497.5,258.5,0.0,6115767.5,3177740.5,0.0,628.953177063673,1000.0,1584.0,22.52998065764023,1.3995053809841385,202995.0,189189.0,4515.0,2495417535.0,2325700377.0,55502895.0,644.4552994234647,1000.0,1584.0,4083171.0,1.3995053809841385
687,424.5,473.5,0.0,5218378.5,5820735.5,0.0,641.1677580188796,1000.0,1584.0,22.987328405491024,1.4084715579949192,203000.0,189619.0,4515.0,2495479000.0,2330986367.0,55502895.0,644.4805463948854,1000.0,1584.0,4093292.0,1.4174377350057001
688,2.5,440.0,0.0,30732.5,5408920.0,0.0,639.1277598148164,1000.0,1584.0,22.694318181818183,1.4174377350057001,203000.0,190069.0,4515.0,2495479000.0,2336518217.0,55502895.0,644.4312057936917,1000.0,1584.0,4103142.0,1.4174377350057001
689,0.0,225.0,0.0,0.0,2765925.0,0.0,623.1452318557294,1000.0,1584.0,21.88888888888889,1.4174377350057001,203000.0,190069.0,4515.0,2495479000.0,2336518217.0,55502895.0,644.4312057936917,1000.0,1584.0,4103142.0,1.4174377350057001
690,110.0,0.0,0.0,1352230.0,0.0,0.0,0.0,1000.0,1584.0,0.0,1.4174377350057001,203220.0,190069.0,4515.0,2498183460.0,2336518217.0,55502895.0,644.4312057936917,1000.0,1584.0,4103142.0,1.4174377350057001
691,455.5,217.0,0.0,5599461.5,2667581.0,0.0,637.0777247454133,1000.0,1584.0,22.26958525345622,1.4174377350057001,203911.0,190503.0,4515.0,2506677923.0,2341853379.0,55502895.0,644.4148410951772,1000.0,1584.0,4112807.0,1.4174377350057001
692,390.0,442.5,0.0,4794270.0,5439652.5,0.0,628.3093606989427,1000.0,1584.0,22.20225988700565,1.4247619805895315,204000.0,190954.0,4515.0,2507772000.0,2347397522.0,55502895.0,644.358212976883,1000.0,1584.0,4122791.0,1.432086226173363
693,409.0,225.5,0.0,5027837.0,2772071.5,0.0,619.8715114834921,1000.0,1584.0,22.137472283813747,1.4321823289763251,204729.0,190954.0,4515.0,2516733597.0,2347397522.0,55502895.0,644.358212976883,1000.0,1584.0,4122791.0,1.4322784317792874
694,500.0,235.5,0.0,6146500.0,2895001.5,0.0,646.9867024193212,1000.0,1584.0,22.876857749469213,1.4336025746312753,205000.0,191425.0,4515.0,2520065000.0,2353187525.0,55502895.0,644.3645313321305,1000.0,1584.0,4133566.0,1.4349267174832632
695,294.0,456.5,65.0,3614142.0,5611754.5,799045.0,684.6465590261669,1000.0,1584.0,22.766703176341732,1.4334010570428726,205317.0,191867.0,4645.0,2523961881.0,2358621031.0,57100985.0,644.5720459485551,1000.0,1584.0,4143577.0,1.4318753966024822
696,481.5,559.0,65.0,5919079.5,6871787.0,799045.0,702.8547407526333,1000.0,1584.0,24.228085867620752,1.4318753966024822,205963.0,192543.0,4645.0,2531903159.0,2366931099.0,57100985.0,644.7347150215876,1000.0,1584.0,4160653.0,1.4318753966024822
697,341.5,338.0,0.0,4198059.5,4155034.0,0.0,692.0223257906724,1000.0,1584.0,25.2603550295858,1.4295054738485118,206000.0,192543.0,4645.0,2532358000.0,2366931099.0,57100985.0,644.7347150215876,1000.0,1584.0,4160653.0,1.4271355510945414
698,18.5,0.0,0.0,227420.5,0.0,0.0,0.0,1000.0,1584.0,0.0,1.4271355510945414,206000.0,192543.0,4645.0,2532358000.0,2366931099.0,57100985.0,644.7347150215876,1000.0,1584.0,4160653.0,1.4271355510945414
699,3.5,443.5,0.0,43025.5,5451945.5,0.0,656.1398117592852,1000.0,1584.0,22.6978579481398,1.4271355510945414,206007.0,193430.0,4645.0,2532444051.0,2377834990.0,57100985.0,644.7857882050096,1000.0,1584.0,4180786.0,1.4271355510945414
700,347.0,561.5,0.0,4265671.0,6902519.5,0.0,621.7130780936552,1000.0,1584.0,21.113089937666963,1.4271355510945414,206694.0,193666.0,4645.0,2540889342.0,2380736138.0,57100985.0,644.6043475771692,1000.0,1584.0,4184363.0,1.4271355510945414
701,496.5,183.5,0.0,6103474.5,2255765.5,0.0,470.93010447887974,1000.0,1584.0,14.19891008174387,1.4183267830912523,207000.0,193797.0,4645.0,2544651000.0,2382346521.0,57100985.0,644.4642583074706,1000.0,1584.0,4185997.0,1.409518015087963
702,153.0,291.5,0.0,1880829.0,3583409.5,0.0,703.8034293454332,1000.0,1584.0,24.617495711835335,1.409518015087963,207000.0,194249.0,4645.0,2544651000.0,2387902957.0,57100985.0,644.77787249331,1000.0,1584.0,4198715.0,1.409518015087963
703,0.0,226.0,0.0,0.0,2778218.0,0.0,782.4642137905477,1000.0,1584.0,28.13716814159292,1.409518015087963,207000.0,194249.0,4645.0,2544651000.0,2387902957.0,57100985.0,644.77787249331,1000.0,1584.0,4198715.0,1.409518015087963
704,215.0,0.0,0.0,2642995.0,0.0,0.0,0.0,1000.0,1584.0,0.0,1.409518015087963,207430.0,194249.0,4645.0,2549936990.0,2387902957.0,57100985.0,644.77787249331,1000.0,1584.0,4198715.0,1.409518015087963
705,500.0,185.0,0.0,6146500.0,2274205.0,0.0,561.7055336821809,1000.0,1584.0,19.535135135135135,1.4061466600791248,208000.0,194619.0,4645.0,2556944000.0,2392451367.0,57100985.0,644.6236210210926,1000.0,1584.0,4205943.0,1.4027753050702867
706,401.5,430.0,0.0,4935639.5,5285990.0,0.0,630.8648487348761,1000.0,1584.0,21.561627906976746,1.4076032216027365,208233.0,195109.0,4645.0,2559808269.0,2398474937.0,57100985.0,644.7179728145451,1000.0,1584.0,4217258.0,1.4124311381351864
707,500.0,503.0,0.0,6146500.0,6183379.0,0.0,664.6731599362756,1000.0,1584.0,22.280318091451292,1.4133660242993267,209000.0,195625.0,4645.0,2569237000.0,2404818125.0,57100985.0,644.7243342389921,1000.0,1584.0,4228357.0,1.414300910463467
708,383.5,461.0,0.0,4714365.5,5667073.0,0.0,640.9733169693383,1000.0,1584.0,21.699566160520607,1.4193177046730328,209000.0,196031.0,4645.0,2569237000.0,2409809083.0,57100985.0,644.700768103023,1000.0,1584.0,4237265.0,1.4243344988825983
709,0.0,376.0,0.0,0.0,4622168.0,0.0,623.0082612062752,1000.0,1584.0,21.99468085106383,1.4268768140079,209000.0,196377.0,4645.0,2569237000.0,2414062461.0,57100985.0,644.6430969270524,1000.0,1584.0,4244897.0,1.4294191291332017
710,0.0,173.0,0.0,0.0,2126689.0,0.0,611.1944815829364,1000.0,1584.0,22.057803468208093,1.4294191291332017,209000.0,196377.0,4645.0,2569237000.0,2414062461.0,57100985.0,644.6430969270524,1000.0,1584.0,4244897.0,1.4294191291332017
711,426.5,0.0,0.0,5242964.5,0.0,0.0,0.0,1000.0,1584.0,0.0,1.4294191291332017,209853.0,196377.0,4645.0,2579722929.0,2414062461.0,57100985.0,644.6430969270524,1000.0,1584.0,4244897.0,1.4294191291332017
712,500.0,246.5,0.0,6146500.0,3030224.5,0.0,629.0222834952589,1000.0,1584.0,20.79107505070994,1.4289334535496567,210000.0,196870.0,4645.0,2581530000.0,2420122910.0,57100985.0,644.6048811067819,1000.0,1584.0,4255147.0,1.428447777966112
713,376.0,354.0,60.5,4622168.0,4351722.0,743726.5,654.8708200624835,1000.0,1584.0,19.470338983050848,1.4341241526766497,210605.0,197085.0,4766.0,2588967265.0,2422765905.0,58588438.0,644.685102081743,1000.0,1584.0,4258682.0,1.4398005273871877
714,500.0,107.5,64.0,6146500.0,1321497.5,786752.0,699.0464258560824,1000.0,1584.0,16.441860465116278,1.4391843910895656,211000.0,197085.0,4773.0,2593823000.0,2422765905.0,58674489.0,644.6973889580888,1000.0,1584.0,4258682.0,1.4385682547919434
715,355.0,1.5,100.0,4364015.0,18439.5,1229300.0,990.0500588566272,1000.0,1584.0,25.0,1.4484691324447576,211315.0,197088.0,4966.0,2597695295.0,2422802784.0,61047038.0,645.0320840084819,1000.0,1584.0,4258757.0,1.4583700100975716
716,157.5,203.5,449.5,1936147.5,2501625.5,5525703.5,931.29250045705,1000.0,1584.0,26.921375921375923,1.4583700100975716,211315.0,197492.0,5672.0,2597695295.0,2427769156.0,69725896.0,646.5397095248117,1000.0,1584.0,4269639.0,1.4583700100975716
717,342.5,281.5,355.0,4210352.5,3460479.5,4364015.0,891.5171279396395,1000.0,1584.0,27.454706927175845,1.4567409863437204,212000.0,197651.0,5676.0,2606116000.0,2429723743.0,69775068.0,646.5752900801025,1000.0,1584.0,4274214.0,1.455111962589869
718,427.0,416.5,2.0,5249111.0,5120034.5,24586.0,707.1687959466929,1000.0,1584.0,26.324129651860744,1.4508571736156917,212169.0,198325.0,5676.0,2608193517.0,2438009225.0,69775068.0,646.7884658805907,1000.0,1584.0,4291567.0,1.4466023846415144
719,500.0,467.0,1.5,6146500.0,5740831.0,18439.5,681.7521768757056,1000.0,1584.0,25.095289079229122,1.440995006150683,213000.0,198585.0,5679.0,2618409000.0,2441205405.0,69811947.0,646.7366535260728,1000.0,1584.0,4297653.0,1.435387627659852
720,415.5,542.0,1.5,5107741.5,6662806.0,18439.5,693.3121186894058,1000.0,1584.0,24.95387453874539,1.4306919852335858,213000.0,199409.0,5679.0,2618409000.0,2451334837.0,69811947.0,647.0350488625453,1000.0,1584.0,4318617.0,1.4259963428073192
721,0.0,412.0,0.0,0.0,5064716.0,0.0,721.0052248447585,1000.0,1584.0,25.441747572815533,1.4259963428073192,213000.0,199409.0,5679.0,2618409000.0,2451334837.0,69811947.0,647.0350488625453,1000.0,1584.0,4318617.0,1.4259963428073192
722,0.0,0.0,0.0,0.0,0.0,0.0,0.0,1000.0,1584.0,0.0,1.4259963428073192,213000.0,199409.0,5679.0,2618409000.0,2451334837.0,69811947.0,647.0350488625453,1000.0,1584.0,4318617.0,1.4259963428073192
723,306.0,311.0,0.0,3761658.0,3823123.0,0.0,660.8593068760246,1000.0,1584.0,20.881028938906752,1.4259963428073192,213612.0,200031.0,5679.0,2625932316.0,2458981083.0,69811947.0,647.0768489135113,1000.0,1584.0,4331605.0,1.4259963428073192
724,500.0,506.0,0.0,6146500.0,6220258.0,0.0,627.973719207384,1000.0,1584.0,19.881422924901187,1.4256714369053922,214000.0,200421.0,5679.0,2630702000.0,2463775353.0,69811947.0,646.9414532021314,1000.0,1584.0,4338737.0,1.4253465310034652
725,194.0,195.0,0.0,2384842.0,2397135.0,0.0,575.5254229768855,1000.0,1584.0,18.287179487179486,1.4285430538647685,214000.0,200421.0,5679.0,2630702000.0,2463775353.0,69811947.0,646.9414532021314,1000.0,1584.0,4338737.0,1.431739576726072
726,0.0,0.0,0.0,0.0,0.0,0.0,0.0,1000.0,1584.0,0.0,1.431739576726072,214000.0,200421.0,5679.0,2630702000.0,2463775353.0,69811947.0,646.9414532021314,1000.0,1584.0,4338737.0,1.431739576726072
727,50.5,264.0,0.0,620796.5,3245352.0,0.0,684.5401894676198,1000.0,1584.0,23.827651515151516,1.431739576726072,214101.0,200949.0,5679.0,2631943593.0,2470266057.0,69811947.0,647.0375298846145,1000.0,1584.0,4351318.0,1.431739576726072
728,447.0,451.5,0.0,5494971.0,5550289.5,0.0,673.6419702516582,1000.0,1584.0,22.74307862679956,1.431739576726072,214894.0,201324.0,5679.0,2641691942.0,2474875932.0,69811947.0,647.0579276826733,1000.0,1584.0,4359274.0,1.431739576726072
729,449.5,431.5,0.0,5525703.5,5304429.5,0.0,656.5893810091922,1000.0,1584.0,21.316338354577056,1.4279627515546807,215000.0,201812.0,5679.0,2642995000.0,2480874916.0,69811947.0,647.0772581018406,1000.0,1584.0,4369714.0,1.4241859263832894
730,504.5,443.5,0.0,6201818.5,5451945.5,0.0,666.5159655714624,1000.0,1584.0,22.047350620067643,1.4241859263832894,215903.0,202211.0,5679.0,2654095579.0,2485779823.0,69811947.0,647.140948893927,1000.0,1584.0,4378830.0,1.4241859263832894
731,500.0,199.5,0.0,6146500.0,2452453.5,0.0,680.2619166649087,1000.0,1584.0,22.847117794486216,1.4294427511912122,216000.0,202211.0,5679.0,2655288000.0,2485779823.0,69811947.0,647.140948893927,1000.0,1584.0,4378830.0,1.4346995759991352
732,48.5,0.0,0.0,596210.5,0.0,0.0,0.0,1000.0,1584.0,0.0,1.4346995759991352,216000.0,202211.0,5679.0,2655288000.0,2485779823.0,69811947.0,647.140948893927,1000.0,1584.0,4378830.0,1.4346995759991352
733,0.0,0.0,0.0,0.0,0.0,0.0,0.0,1000.0,1584.0,0.0,1.4346995759991352,216000.0,202211.0,5679.0,2655288000.0,2485779823.0,69811947.0,647.140948893927,1000.0,1584.0,4378830.0,1.4346995759991352
734,157.5,189.5,0.0,1936147.5,2329523.5,0.0,559.9426681584893,1000.0,1584.0,18.279683377308707,1.4346995759991352,216315.0,202590.0,5679.0,2659160295.0,2490438870.0,69811947.0,646.9822687811942,1000.0,1584.0,4385758.0,1.4346995759991352
735,500.0,407.0,0.0,6146500.0,5003251.0,0.0,591.6271768612372,1000.0,1584.0,19.36117936117936,1.4323444954031501,217000.0,203025.0,5679.0,2667581000.0,2495786325.0,69811947.0,646.9244307129895,1000.0,1584.0,4394590.0,1.4299894148071652
736,398.5,397.5,0.0,4898760.5,4886467.5,0.0,615.4069125788452,1000.0,1584.0,19.87421383647799,1.4359358880960724,217112.0,203385.0,5679.0,2668957816.0,2500211805.0,69811947.0,646.8621983330024,1000.0,1584.0,4401558.0,1.4418823613849798
737,449.5,375.0,0.0,5525703.5,4609875.0,0.0,584.2453415844722,1000.0,1584.0,18.956,1.4418823613849798,217899.0,203775.0,5679.0,2678632407.0,2505006075.0,69811947.0,646.6999932859343,1000.0,1584.0,4408807.0,1.4418823613849798
738,444.0,380.5,0.0,5458092.0,4677486.5,0.0,601.6910852051201,1000.0,1584.0,19.83574244415243,1.4405583491292937,218000.0,204146.0,5679.0,2679874000.0,2509566778.0,69811947.0,646.6983702996877,1000.0,1584.0,4416653.0,1.4392343368736076
739,50.5,185.5,0.0,620796.5,2280351.5,0.0,645.7820873852955,1000.0,1584.0,21.148247978436657,1.4412066538699375,218000.0,204146.0,5679.0,2679874000.0,2509566778.0,69811947.0,646.6983702996877,1000.0,1584.0,4416653.0,1.4431789708662672
740,0.0,0.0,0.0,0.0,0.0,0.0,0.0,1000.0,1584.0,0.0,1.4431789708662672,218000.0,204146.0,5679.0,2679874000.0,2509566778.0,69811947.0,646.6983702996877,1000.0,1584.0,4416653.0,1.4431789708662672
741,302.5,237.5,0.0,3718632.5,2919587.5,0.0,625.8086876647251,1000.0,1584.0,20.95157894736842,1.4431789708662672,218605.0,204621.0,5679.0,2687311265.0,2515405953.0,69811947.0,646.6511872314445,1000.0,1584.0,4426605.0,1.4431789708662672
742,500.0,421.5,0.0,6146500.0,5181499.5,0.0,627.823875179635,1000.0,1584.0,20.895610913404507,1.4391934995520177,219000.0,204989.0,5679.0,2692167000.0,2519929777.0,69811947.0,646.6228429325229,1000.0,1584.0,4434268.0,1.4352080282377682
743,396.0,407.5,0.0,4868028.0,5009397.5,0.0,638.8068900309654,1000.0,1584.0,21.093251533742333,1.4392237904106286,219397.0,205436.0,5679.0,2697047321.0,2525424748.0,69811947.0,646.6209046735098,1000.0,1584.0,4443796.0,1.4432395525834891
744,495.0,660.0,110.5,6085035.0,8113380.0,1358376.5,690.5950385600087,1000.0,1584.0,21.428030303030305,1.4432395525834891,219990.0,206309.0,5900.0,2704337070.0,2536156537.0,72528700.0,646.942156220187,1000.0,1584.0,4462553.0,1.4432395525834891
745,301.5,436.5,110.5,3706339.5,5365894.5,1358376.5,708.9357762170241,1000.0,1584.0,21.485681557846505,1.4485784271048427,220000.0,206309.0,5900.0,2704460000.0,2536156537.0,72528700.0,646.942156220187,1000.0,1584.0,4462553.0,1.4539173016261964
746,5.0,0.0,0.0,61465.0,0.0,0.0,0.0,1000.0,1584.0,0.0,1.4539173016261964,220000.0,206309.0,5900.0,2704460000.0,2536156537.0,72528700.0,646.942156220187,1000.0,1584.0,4462553.0,1.4539173016261964
747,47.0,0.0,0.0,577771.0,0.0,0.0,0.0,1000.0,1584.0,0.0,1.4539173016261964,220094.0,206309.0,5900.0,2705615542.0,2536156537.0,72528700.0,646.942156220187,1000.0,1584.0,4462553.0,1.4539173016261964
748,348.0,0.0,0.0,4277964.0,0.0,0.0,0.0,1000.0,1584.0,0.0,1.4539173016261964,220696.0,206309.0,5900.0,2713015928.0,2536156537.0,72528700.0,646.942156220187,1000.0,1584.0,4462553.0,1.4539173016261964
749,453.0,399.5,0.0,5568729.0,4911053.5,0.0,638.5389300006875,1000.0,1584.0,21.478097622027533,1.4455392741193314,221000.0,207108.0,5900.0,2716753000.0,2545978644.0,72528700.0,646.9106354428009,1000.0,1584.0,4479714.0,1.4371612466124664
750,320.5,461.0,0.0,3939906.5,5667073.0,0.0,642.8664981333686,1000.0,1584.0,22.365509761388285,1.431949057938488,221337.0,207231.0,5900.0,2720895741.0,2547490683.0,72528700.0,646.924525013295,1000.0,1584.0,4483174.0,1.4267368692645095
751,500.0,305.0,0.0,6146500.0,3749365.0,0.0,630.3425611477792,1000.0,1584.0,22.318032786885247,1.4258160888509797,222000.0,207718.0,5900.0,2729046000.0,2553477374.0,72528700.0,646.8633242362544,1000.0,1584.0,4493328.0,1.4248953084374498
752,331.5,433.5,0.0,4075129.5,5329015.5,0.0,631.3674510385177,1000.0,1584.0,20.67358708189158,1.427888351514261,222000.0,208098.0,5900.0,2729046000.0,2558148714.0,72528700.0,646.861496465662,1000.0,1584.0,4501098.0,1.430881394591072
753,0.0,190.0,0.0,0.0,2335670.0,0.0,645.8340104175423,1000.0,1584.0,20.44736842105263,1.430881394591072,222000.0,208098.0,5900.0,2729046000.0,2558148714.0,72528700.0,646.861496465662,1000.0,1584.0,4501098.0,1.430881394591072
754,0.0,0.0,0.0,0.0,0.0,0.0,0.0,1000.0,1584.0,0.0,1.430881394591072,222000.0,208098.0,5900.0,2729046000.0,2558148714.0,72528700.0,646.861496465662,1000.0,1584.0,4501098.0,1.430881394591072
755,75.5,201.5,0.0,928121.5,2477039.5,0.0,645.9209708343884,1000.0,1584.0,22.451612903225808,1.430881394591072,222151.0,208501.0,5900.0,2730902243.0,2563102793.0,72528700.0,646.8597286015695,1000.0,1584.0,4510146.0,1.430881394591072
756,500.0,420.5,0.0,6146500.0,5169206.5,0.0,635.834091939621,1000.0,1584.0,21.521997621878715,1.4311872432144956,223000.0,208939.0,5900.0,2741339000.0,2568487127.0,72528700.0,646.8183290369996,1000.0,1584.0,4519198.0,1.4314930918379194
757,424.5,458.0,0.0,5218378.5,5630194.0,0.0,646.7691893669078,1000.0,1584.0,21.79694323144105,1.4401150531822038,223000.0,209417.0,5900.0,2741339000.0,2574363181.0,72528700.0,646.8593434302215,1000.0,1584.0,4530112.0,1.4487370145264882
758,441.5,447.0,0.0,5427359.5,5494971.0,0.0,653.6750718922605,1000.0,1584.0,22.74049217002237,1.4487370145264882,223883.0,209833.0,5900.0,2752193719.0,2579477069.0,72528700.0,646.8467434571982,1000.0,1584.0,4539528.0,1.4487370145264882
759,500.0,448.0,0.0,6146500.0,5507264.0,0.0,652.002617968137,1000.0,1584.0,22.213169642857142,1.442462274946516,224000.0,210313.0,5900.0,2753632000.0,2585377709.0,72528700.0,646.880657476954,1000.0,1584.0,4550015.0,1.4361875353665436
760,58.5,240.0,0.0,719140.5,2950320.0,0.0,662.1231016935305,1000.0,1584.0,21.847916666666666,1.4412660676820783,224000.0,210313.0,5900.0,2753632000.0,2585377709.0,72528700.0,646.880657476954,1000.0,1584.0,4550015.0,1.4463445999976128
761,0.0,0.0,0.0,0.0,0.0,0.0,0.0,1000.0,1584.0,0.0,1.4463445999976128,224000.0,210313.0,5900.0,2753632000.0,2585377709.0,72528700.0,646.880657476954,1000.0,1584.0,4550015.0,1.4463445999976128
762,299.0,0.0,0.0,3675607.0,0.0,0.0,0.0,1000.0,1584.0,0.0,1.4463445999976128,224598.0,210313.0,5900.0,2760983214.0,2585377709.0,72528700.0,646.880657476954,1000.0,1584.0,4550015.0,1.4463445999976128
763,500.0,432.0,0.0,6146500.0,5310576.0,0.0,638.7034330733533,1000.0,1584.0,22.33449074074074,1.448612804506602,225000.0,211177.0,5900.0,2765925000.0,2595998861.0,72528700.0,646.848110860384,1000.0,1584.0,4569312.0,1.4508810090155912
764,402.0,647.5,0.0,4941786.0,7959717.5,0.0,638.4129591097354,1000.0,1584.0,22.056370656370657,1.447872387917539,225402.0,211608.0,5900.0,2770866786.0,2601297144.0,72528700.0,646.8302424605602,1000.0,1584.0,4578578.0,1.4448637668194868
765,444.0,215.5,0.0,5458092.0,2649141.5,0.0,637.8306632754759,1000.0,1584.0,21.498839907192576,1.4448637668194868,225888.0,211608.0,5900.0,2776841184.0,2601297144.0,72528700.0,646.8302424605602,1000.0,1584.0,4578578.0,1.4448637668194868
766,299.0,207.0,0.0,3675607.0,2544651.0,0.0,615.6378461886786,1000.0,1584.0,20.842995169082126,1.4394462278512723,226000.0,212022.0,5900.0,2778218000.0,2606386446.0,72528700.0,646.7709843220687,1000.0,1584.0,4587207.0,1.4340286888830576
767,56.0,207.0,0.0,688408.0,2544651.0,0.0,615.6378461886786,1000.0,1584.0,20.842995169082126,1.4340286888830576,226000.0,212022.0,5900.0,2778218000.0,2606386446.0,72528700.0,646.7709843220687,1000.0,1584.0,4587207.0,1.4340286888830576
768,0.0,0.0,0.0,0.0,0.0,0.0,0.0,1000.0,1584.0,0.0,1.4340286888830576,226000.0,212022.0,5900.0,2778218000.0,2606386446.0,72528700.0,646.7709843220687,1000.0,1584.0,4587207.0,1.4340286888830576
769,66.0,228.0,0.0,811338.0,2802804.0,0.0,658.5360928661302,1000.0,1584.0,21.412280701754387,1.4340286888830576,226132.0,212478.0,5900.0,2779840676.0,2611992054.0,72528700.0,646.7955513091098,1000.0,1584.0,4596971.0,1.4340286888830576
770,337.0,430.0,0.0,4142741.0,5285990.0,0.0,640.9981138706108,1000.0,1584.0,21.066279069767443,1.4340286888830576,226674.0,212882.0,5900.0,2786503482.0,2616958426.0,72528700.0,646.7482920137971,1000.0,1584.0,4605324.0,1.4340286888830576
771,434.0,415.5,0.0,5335162.0,5107741.5,0.0,620.8232703878997,1000.0,1584.0,20.214199759326114,1.4277842012693371,227000.0,213309.0,5900.0,2790511000.0,2622207537.0,72528700.0,646.697092918052,1000.0,1584.0,4613769.0,1.4215397136556165
772,345.0,421.5,0.0,4241085.0,5181499.5,0.0,627.5091408071327,1000.0,1584.0,20.62396204033215,1.4215397136556165,227365.0,213725.0,5900.0,2794997945.0,2627321425.0,72528700.0,646.6744452091659,1000.0,1584.0,4622710.0,1.4215397136556165
773,500.0,419.5,0.0,6146500.0,5156913.5,0.0,631.4738111568313,1000.0,1584.0,20.93087008343266,1.4191221215333132,228000.0,214148.0,5900.0,2802804000.0,2632521364.0,72528700.0,646.6390495211675,1000.0,1584.0,4631330.0,1.4167045294110099
774,317.5,211.5,0.0,3903027.5,2599969.5,0.0,628.2613238079036,1000.0,1584.0,20.37825059101655,1.4209865866483375,228000.0,214148.0,5900.0,2802804000.0,2632521364.0,72528700.0,646.6390495211675,1000.0,1584.0,4631330.0,1.4252686438856652
775,0.0,0.0,0.0,0.0,0.0,0.0,0.0,1000.0,1584.0,0.0,1.4252686438856652,228000.0,214148.0,5900.0,2802804000.0,2632521364.0,72528700.0,646.6390495211675,1000.0,1584.0,4631330.0,1.4252686438856652
776,45.5,229.5,0.0,559331.5,2821243.5,0.0,647.1217719875706,1000.0,1584.0,22.08061002178649,1.4252686438856652,228091.0,214607.0,5900.0,2803922663.0,2638163851.0,72528700.0,646.640054340115,1000.0,1584.0,4641465.0,1.4252686438856652
777,500.0,229.5,0.0,6146500.0,2821243.5,0.0,647.1217719875706,1000.0,1584.0,22.08061002178649,1.4279608488329396,229000.0,214607.0,5900.0,2815097000.0,2638163851.0,72528700.0,646.640054340115,1000.0,1584.0,4641465.0,1.4306530537802142
778,454.5,399.0,0.0,5587168.5,4904907.0,0.0,642.902554531489,1000.0,1584.0,21.162907268170425,1.4342672643892433,229000.0,215405.0,5900.0,2815097000.0,2647973665.0,72528700.0,646.6265773520337,1000.0,1584.0,4658353.0,1.4378814749982725
779,500.0,401.0,0.0,6146500.0,4929493.0,0.0,643.0718381874451,1000.0,1584.0,21.17705735660848,1.4383041772150382,230000.0,215409.0,5900.0,2827390000.0,2648022837.0,72528700.0,646.6271235087684,1000.0,1584.0,4658449.0,1.4387268794318038
780,500.0,387.5,0.0,6146500.0,4763537.5,0.0,620.0420561701923,1000.0,1584.0,20.456774193548387,1.4473248722227887,230000.0,216181.0,5900.0,2827390000.0,2657513033.0,72528700.0,646.5348639109665,1000.0,1584.0,4674247.0,1.4559228650137739
781,0.0,422.5,0.0,0.0,5193792.5,0.0,633.5838395380856,1000.0,1584.0,20.796449704142013,1.4641122571032534,230000.0,216254.0,5900.0,2827390000.0,2658410422.0,72528700.0,646.5775111904874,1000.0,1584.0,4676022.0,1.4723016491927332
782,0.0,36.0,0.0,0.0,442548.0,0.0,779.6539054903657,1000.0,1584.0,24.47222222222222,1.4723016491927332,230000.0,216254.0,5900.0,2827390000.0,2658410422.0,72528700.0,646.5775111904874,1000.0,1584.0,4676022.0,1.4723016491927332
783,325.0,0.0,0.0,3995225.0,0.0,0.0,0.0,1000.0,1584.0,0.0,1.4723016491927332,230650.0,216254.0,5900.0,2835380450.0,2658410422.0,72528700.0,646.5775111904874,1000.0,1584.0,4676022.0,1.4723016491927332
784,500.0,210.0,0.0,6146500.0,2581530.0,0.0,625.797164546848,1000.0,1584.0,20.447619047619046,1.4703833348122934,231000.0,216674.0,5900.0,2839683000.0,2663573482.0,72528700.0,646.5382984091643,1000.0,1584.0,4684610.0,1.468465020431854
785,406.5,433.5,0.0,4997104.5,5329015.5,0.0,637.1554922383541,1000.0,1584.0,20.726643598615915,1.4723957621203136,231463.0,217121.0,5900.0,2845374659.0,2669068453.0,72528700.0,646.540882844138,1000.0,1584.0,4693992.0,1.4763265038087732
786,405.0,450.5,0.0,4978665.0,5537996.5,0.0,631.5688384643659,1000.0,1584.0,20.63041065482797,1.4763265038087732,231810.0,217575.0,5900.0,2849640330.0,2674649475.0,72528700.0,646.4779449762975,1000.0,1584.0,4703198.0,1.4763265038087732
787,268.5,445.0,0.0,3300670.5,5470385.0,0.0,629.7284592528772,1000.0,1584.0,20.501123595505618,1.4725838402918736,232000.0,218011.0,5900.0,2851976000.0,2680009223.0,72528700.0,646.4740569311822,1000.0,1584.0,4712238.0,1.4688411767749743
788,95.0,218.0,0.0,1167835.0,2679874.0,0.0,644.4812108707432,1000.0,1584.0,20.73394495412844,1.4688411767749743,232000.0,218011.0,5900.0,2851976000.0,2680009223.0,72528700.0,646.4740569311822,1000.0,1584.0,4712238.0,1.4688411767749743
789,0.0,0.0,0.0,0.0,0.0,0.0,0.0,1000.0,1584.0,0.0,1.4688411767749743,232000.0,218011.0,5900.0,2851976000.0,2680009223.0,72528700.0,646.4740569311822,1000.0,1584.0,4712238.0,1.4688411767749743
790,119.5,238.0,0.0,1469013.5,2925734.0,0.0,609.2274123935146,1000.0,1584.0,19.70798319327731,1.4688411767749743,232239.0,218487.0,5900.0,2854914027.0,2685860691.0,72528700.0,646.3950443199357,1000.0,1584.0,4721619.0,1.4688411767749743
791,439.0,444.5,0.0,5396627.0,5464238.5,0.0,616.4018470015722,1000.0,1584.0,19.717660292463442,1.4688411767749743,232878.0,218900.0,5900.0,2862769254.0,2690937700.0,72528700.0,646.3551325778571,1000.0,1584.0,4729767.0,1.4688411767749743
792,380.5,409.0,0.0,4677486.5,5027837.0,0.0,622.5248479531338,1000.0,1584.0,20.682151589242054,1.4597256758237485,233000.0,219305.0,5900.0,2864269000.0,2695916365.0,72528700.0,646.3083418904673,1000.0,1584.0,4738537.0,1.4506101748725226
793,399.5,332.0,0.0,4911053.5,4081276.0,0.0,616.6195852100875,1000.0,1584.0,21.75,1.4506101748725226,233677.0,219564.0,5900.0,2872591361.0,2699100252.0,72528700.0,646.26756026719,1000.0,1584.0,4744209.0,1.4506101748725226
794,500.0,364.0,0.0,6146500.0,4474652.0,0.0,629.1018790604589,1000.0,1584.0,21.168956043956044,1.4510407530083755,234000.0,220033.0,5900.0,2876562000.0,2704865669.0,72528700.0,646.2528993259019,1000.0,1584.0,4753948.0,1.4514713311442287
795,161.5,234.5,0.0,1985319.5,2882708.5,0.0,639.2048940663,1000.0,1584.0,20.76545842217484,1.4549332356787756,234000.0,220033.0,5900.0,2876562000.0,2704865669.0,72528700.0,646.2528993259019,1000.0,1584.0,4753948.0,1.4583951402133224
796,0.0,0.0,0.0,0.0,0.0,0.0,0.0,1000.0,1584.0,0.0,1.4583951402133224,234000.0,220033.0,5900.0,2876562000.0,2704865669.0,72528700.0,646.2528993259019,1000.0,1584.0,4753948.0,1.4583951402133224
797,51.0,211.5,0.0,626943.0,2599969.5,0.0,622.130475451453,1000.0,1584.0,20.40189125295508,1.4583951402133224,234102.0,220456.0,5900.0,2877815886.0,2710065608.0,72528700.0,646.2078208420138,1000.0,1584.0,4762578.0,1.4583951402133224
798,500.0,406.5,0.0,6146500.0,4997104.5,0.0,622.2476019943956,1000.0,1584.0,20.60270602706027,1.4597921635356135,235000.0,220846.0,5900.0,2888855000.0,2714859878.0,72528700.0,646.1668280976087,1000.0,1584.0,4770698.0,1.4611891868579046
799,449.0,195.0,0.0,5519557.0,2397135.0,0.0,622.3746392448179,1000.0,1584.0,20.82051282051282,1.473826049208118,235000.0,220846.0,5900.0,2888855000.0,2714859878.0,72528700.0,646.1668280976087,1000.0,1584.0,4770698.0,1.4864629115583317
800,462.5,0.0,73.0,5685512.5,0.0,897389.0,999.0,1000.0,1584.0,0.0,1.4864629115583317,235925.0,220846.0,6046.0,2900226025.0,2714859878.0,74323478.0,646.3938684652627,1000.0,1584.0,4770698.0,1.4864629115583317
801,500.0,223.0,73.0,6146500.0,2741339.0,897389.0,744.6376609149305,1000.0,1584.0,23.219730941704036,1.4873118389608875,236000.0,221292.0,6046.0,2901148000.0,2720342556.0,74323478.0,646.423251278194,1000.0,1584.0,4781054.0,1.488160766363443
802,344.5,549.5,0.0,4234938.5,6755003.5,0.0,637.1554866570325,1000.0,1584.0,21.342129208371247,1.484675229407558,236614.0,221945.0,6046.0,2908695902.0,2728369885.0,74323478.0,646.3493360863208,1000.0,1584.0,4794153.0,1.4811896924516728
803,500.0,711.5,0.0,6146500.0,8746469.5,0.0,652.3856812491529,1000.0,1584.0,21.781447645818695,1.4788114484577908,237000.0,222715.0,6046.0,2913441000.0,2737835495.0,74323478.0,646.4603403705148,1000.0,1584.0,4812049.0,1.4764332044639086
804,193.0,489.0,0.0,2372549.0,6011277.0,0.0,651.8925932174054,1000.0,1584.0,21.759713701431494,1.4810557309054944,237000.0,222923.0,6046.0,2913441000.0,2740392439.0,74323478.0,646.373013114539,1000.0,1584.0,4815434.0,1.48567825734708
805,0.0,104.0,0.0,0.0,1278472.0,0.0,550.3294054015274,1000.0,1584.0,16.27403846153846,1.48567825734708,237000.0,222923.0,6046.0,2913441000.0,2740392439.0,74323478.0,646.373013114539,1000.0,1584.0,4815434.0,1.48567825734708
806,34.0,0.0,0.0,417962.0,0.0,0.0,0.0,1000.0,1584.0,0.0,1.48567825734708,237068.0,222923.0,6046.0,2914276924.0,2740392439.0,74323478.0,646.373013114539,1000.0,1584.0,4815434.0,1.48567825734708
807,363.0,243.5,0.0,4462359.0,2993345.5,0.0,644.2382469135134,1000.0,1584.0,21.00205338809035,1.48567825734708,237726.0,223410.0,6046.0,2922365718.0,2746379130.0,74323478.0,646.3684822626999,1000.0,1584.0,4825662.0,1.48567825734708
808,466.0,504.0,0.0,5728538.0,6195672.0,0.0,654.2166870607549,1000.0,1584.0,21.52281746031746,1.485258888400992,238000.0,223931.0,6046.0,2925734000.0,2752783783.0,74323478.0,646.4073923061022,1000.0,1584.0,4837129.0,1.4848395194549042
809,455.0,453.5,0.0,5593315.0,5574875.5,0.0,637.4187263373416,1000.0,1584.0,20.982359426681366,1.4866427113862422,238636.0,224317.0,6046.0,2933552348.0,2757528881.0,74323478.0,646.33324470882,1000.0,1584.0,4844693.0,1.4884459033175803
810,500.0,348.5,0.0,6146500.0,4284110.5,0.0,601.5006033972858,1000.0,1584.0,20.235294117647058,1.4806857262488853,239000.0,224628.0,6046.0,2938027000.0,2761352004.0,74323478.0,646.2717028401484,1000.0,1584.0,4851233.0,1.47292554918019
811,182.0,391.5,0.0,2237326.0,4812709.5,0.0,648.4222871107974,1000.0,1584.0,21.62324393358876,1.4742177191679293,239000.0,225100.0,6046.0,2938027000.0,2767154300.0,74323478.0,646.3403212760147,1000.0,1584.0,4861624.0,1.4755098891556686
812,0.0,236.0,0.0,0.0,2901148.0,0.0,679.87525575732,1000.0,1584.0,22.014830508474578,1.4755098891556686,239000.0,225100.0,6046.0,2938027000.0,2767154300.0,74323478.0,646.3403212760147,1000.0,1584.0,4861624.0,1.4755098891556686
813,212.5,199.0,0.0,2612262.5,2446307.0,0.0,591.1775812644036,1000.0,1584.0,19.407035175879397,1.4755098891556686,239425.0,225498.0,6046.0,2943251525.0,2772046914.0,74323478.0,646.2455022760639,1000.0,1584.0,4869348.0,1.4755098891556686
814,575.0,412.5,0.0,7068475.0,5070862.5,0.0,621.7638047182884,1000.0,1584.0,20.774545454545454,1.4782830427892852,240150.0,225925.0,6046.0,2952163950.0,2777296025.0,74323478.0,646.252915409936,1000.0,1584.0,4878763.0,1.4810561964229019
815,730.5,635.0,0.0,8980036.5,7806055.0,0.0,637.999121527952,1000.0,1584.0,21.408661417322836,1.4810561964229019,240886.0,226768.0,6046.0,2961211598.0,2787659024.0,74323478.0,646.2005182821882,1000.0,1584.0,4896537.0,1.4810561964229019
816,425.0,621.5,0.0,5224525.0,7640099.5,0.0,627.86188639351,1000.0,1584.0,21.016894609814965,1.4788331096518215,241000.0,227168.0,6046.0,2962613000.0,2792576224.0,74323478.0,646.1548936399414,1000.0,1584.0,4904887.0,1.476610022880741
817,57.0,200.0,0.0,700701.0,2458600.0,0.0,619.5997549899733,1000.0,1584.0,20.875,1.476610022880741,241000.0,227168.0,6046.0,2962613000.0,2792576224.0,74323478.0,646.1548936399414,1000.0,1584.0,4904887.0,1.476610022880741
818,214.5,0.0,0.0,2636848.5,0.0,0.0,0.0,1000.0,1584.0,0.0,1.476610022880741,241429.0,227168.0,6046.0,2967886697.0,2792576224.0,74323478.0,646.1548936399414,1000.0,1584.0,4904887.0,1.476610022880741
819,500.0,219.5,0.0,6146500.0,2698313.5,0.0,630.3541651994414,1000.0,1584.0,21.232346241457858,1.4759500692646093,242000.0,227607.0,6046.0,2974906000.0,2797972851.0,74323478.0,646.1252063695644,1000.0,1584.0,4914208.0,1.4752901156484777
820,285.5,430.0,0.0,3509651.5,5285990.0,0.0,633.8172307188626,1000.0,1584.0,21.49186046511628,1.477348429569864,242000.0,228028.0,6046.0,2974906000.0,2803148204.0,74323478.0,646.109564427332,1000.0,1584.0,4923370.0,1.4794067434912503
821,0.0,210.5,0.0,0.0,2587676.5,0.0,637.4283607973088,1000.0,1584.0,21.762470308788597,1.4794067434912503,242000.0,228028.0,6046.0,2974906000.0,2803148204.0,74323478.0,646.109564427332,1000.0,1584.0,4923370.0,1.4794067434912503
822,194.0,192.0,0.0,2384842.0,2360256.0,0.0,628.6349056857966,1000.0,1584.0,20.0859375,1.4794067434912503,242388.0,228412.0,6046.0,2979675684.0,2807868716.0,74323478.0,646.0809440818693,1000.0,1584.0,4931083.0,1.4794067434912503
823,518.5,412.0,0.0,6373920.5,5064716.0,0.0,634.3701350791877,1000.0,1584.0,21.145631067961165,1.4681876088051031,243037.0,228852.0,6046.0,2987653841.0,2813277636.0,74323478.0,646.0683836178634,1000.0,1584.0,4940794.0,1.4569684741189557
824,518.0,646.5,0.0,6367774.0,7947424.5,0.0,640.7050311039026,1000.0,1584.0,21.646558391337972,1.4569684741189557,243424.0,229705.0,6046.0,2992411232.0,2823763565.0,74323478.0,646.0514593480575,1000.0,1584.0,4959072.0,1.4569684741189557
825,481.5,632.0,0.0,5919079.5,7769176.0,0.0,646.9618980782429,1000.0,1584.0,21.742879746835442,1.4570083701837158,244000.0,230116.0,6046.0,2999492000.0,2828815988.0,74323478.0,646.0731659379557,1000.0,1584.0,4968277.0,1.4570482662484756
826,288.0,205.5,0.0,3540384.0,2526211.5,0.0,658.5241398429632,1000.0,1584.0,22.39659367396594,1.4570482662484756,244000.0,230116.0,6046.0,2999492000.0,2828815988.0,74323478.0,646.0731659379557,1000.0,1584.0,4968277.0,1.4570482662484756
827,29.0,0.0,0.0,356497.0,0.0,0.0,0.0,1000.0,1584.0,0.0,1.4570482662484756,244058.0,230116.0,6046.0,3000204994.0,2828815988.0,74323478.0,646.0731659379557,1000.0,1584.0,4968277.0,1.4570482662484756
828,500.0,388.0,0.0,6146500.0,4769684.0,0.0,646.8849343915042,1000.0,1584.0,21.836340206185568,1.4567602353320037,245000.0,230892.0,6046.0,3011785000.0,2838355356.0,74323478.0,646.0758245757415,1000.0,1584.0,4985222.0,1.4564722044155316
829,600.5,581.5,0.0,7381946.5,7148379.5,0.0,650.3890102152814,1000.0,1584.0,21.99226139294927,1.4631858865844842,245259.0,231279.0,6046.0,3014968887.0,2843112747.0,74323478.0,646.0943155298403,1000.0,1584.0,4993854.0,1.4698995687534366
830,500.0,409.0,0.0,6146500.0,5027837.0,0.0,652.313254669733,1000.0,1584.0,22.04889975550122,1.4623643142912484,246000.0,231710.0,6046.0,3024078000.0,2848411030.0,74323478.0,646.0972844666221,1000.0,1584.0,5003258.0,1.45482905982906
831,370.5,407.0,0.0,4554556.5,5003251.0,0.0,645.0138537858227,1000.0,1584.0,21.576167076167078,1.4560885166796336,246000.0,232093.0,6046.0,3024078000.0,2853119249.0,74323478.0,646.0906223260391,1000.0,1584.0,5011417.0,1.4573479735302073
832,0.0,191.5,0.0,0.0,2354109.5,0.0,641.9549463560915,1000.0,1584.0,21.302872062663184,1.4573479735302073,246000.0,232093.0,6046.0,3024078000.0,2853119249.0,74323478.0,646.0906223260391,1000.0,1584.0,5011417.0,1.4573479735302073
833,227.5,210.0,0.0,2796657.5,2581530.0,0.0,643.0726923083497,1000.0,1584.0,21.626190476190477,1.4573479735302073,246455.0,232513.0,6046.0,3029671315.0,2858282309.0,74323478.0,646.0853090466921,1000.0,1584.0,5020500.0,1.4573479735302073
834,511.5,403.0,0.0,6287869.5,4954079.0,0.0,625.2134917902159,1000.0,1584.0,21.032258064516128,1.4633497468532213,247023.0,232899.0,6046.0,3036653739.0,2863027407.0,74323478.0,646.0202003996038,1000.0,1584.0,5028369.0,1.4693515201762353
835,619.5,638.5,0.0,7615513.5,7849080.5,0.0,637.4645636957404,1000.0,1584.0,21.53876272513704,1.4693515201762353,247694.0,233790.0,6046.0,3044902342.0,2873980470.0,74323478.0,646.0394081318469,1000.0,1584.0,5048005.0,1.4693515201762353
836,488.5,646.0,0.0,6005130.5,7941278.0,0.0,651.7303857541131,1000.0,1584.0,22.398606811145513,1.464395577307935,248000.0,234191.0,6046.0,3048664000.0,2878909963.0,74323478.0,646.0509099051267,1000.0,1584.0,5057308.0,1.4594396344396348
837,153.0,200.5,0.0,1880829.0,2464746.5,0.0,652.9300602699768,1000.0,1584.0,23.199501246882793,1.4594396344396348,248000.0,234191.0,6046.0,3048664000.0,2878909963.0,74323478.0,646.0509099051267,1000.0,1584.0,5057308.0,1.4594396344396348
838,152.0,0.0,0.0,1868536.0,0.0,0.0,0.0,1000.0,1584.0,0.0,1.4594396344396348,248304.0,234191.0,6046.0,3052401072.0,2878909963.0,74323478.0,646.0509099051267,1000.0,1584.0,5057308.0,1.4594396344396348
839,500.0,430.5,0.0,6146500.0,5292136.5,0.0,627.95841915631,1000.0,1584.0,21.628339140534262,1.4603854341526668,249000.0,235052.0,6046.0,3060957000.0,2889494236.0,74323478.0,645.9862986908698,1000.0,1584.0,5075930.0,1.4613312338656985
840,629.5,582.0,0.0,7738443.5,7154526.0,0.0,632.5322801175619,1000.0,1584.0,21.917525773195877,1.4668723865943862,249563.0,235355.0,6046.0,3067877959.0,2893219015.0,74323478.0,645.985725067147,1000.0,1584.0,5082820.0,1.4724135393230737
841,500.0,583.0,0.0,6146500.0,7166819.0,0.0,645.4196723984286,1000.0,1584.0,22.302744425385935,1.4648535458971454,250000.0,236218.0,6046.0,3073250000.0,2903827874.0,74323478.0,645.9835715574251,1000.0,1584.0,5101935.0,1.4572935524712174
842,218.5,431.5,0.0,2686020.5,5304429.5,0.0,645.3811852297898,1000.0,1584.0,22.149478563151796,1.458181081098076,250000.0,236218.0,6046.0,3073250000.0,2903827874.0,74323478.0,645.9835715574251,1000.0,1584.0,5101935.0,1.4590686097249344
843,0.0,0.0,0.0,0.0,0.0,0.0,0.0,1000.0,1584.0,0.0,1.4590686097249344,250000.0,236218.0,6046.0,3073250000.0,2903827874.0,74323478.0,645.9835715574251,1000.0,1584.0,5101935.0,1.4590686097249344
844,500.0,193.0,0.0,6146500.0,2372549.0,0.0,640.9674736440929,1000.0,1584.0,21.145077720207254,1.459733314829689,251000.0,236604.0,6046.0,3085543000.0,2908572972.0,74323478.0,645.9755921063854,1000.0,1584.0,5110097.0,1.4603980199344435
845,535.5,393.0,0.0,6582901.5,4831149.0,0.0,642.228343410936,1000.0,1584.0,21.58269720101781,1.4637648056357717,251071.0,237004.0,6046.0,3086415803.0,2913490172.0,74323478.0,645.9714275157746,1000.0,1584.0,5118899.0,1.4671315913370997
846,392.5,588.5,0.0,4825002.5,7234430.5,0.0,633.2273120210987,1000.0,1584.0,21.338147833474935,1.4671315913370997,251785.0,237781.0,6046.0,3095193005.0,2923041833.0,74323478.0,645.914053697348,1000.0,1584.0,5135212.0,1.4671315913370997
847,464.5,586.5,0.0,5710098.5,7209844.5,0.0,633.4280894528993,1000.0,1584.0,21.32992327365729,1.459520838865478,252000.0,238177.0,6046.0,3097836000.0,2927909861.0,74323478.0,645.9111820206822,1000.0,1584.0,5143919.0,1.4519100863938563
848,107.5,198.0,0.0,1321497.5,2434014.0,0.0,644.143019630792,1000.0,1584.0,21.987373737373737,1.4519100863938563,252000.0,238177.0,6046.0,3097836000.0,2927909861.0,74323478.0,645.9111820206822,1000.0,1584.0,5143919.0,1.4519100863938563
849,143.5,0.0,0.0,1764045.5,0.0,0.0,0.0,1000.0,1584.0,0.0,1.4519100863938563,252287.0,238177.0,6046.0,3101364091.0,2927909861.0,74323478.0,645.9111820206822,1000.0,1584.0,5143919.0,1.4519100863938563
850,500.0,401.0,0.0,6146500.0,4929493.0,0.0,639.2184307610743,1000.0,1584.0,21.930174563591024,1.4516859425992468,253000.0,238979.0,6046.0,3110129000.0,2937768847.0,74323478.0,645.8892757396476,1000.0,1584.0,5161507.0,1.4514617988046372
851,761.5,401.0,68.5,9361119.5,4929493.0,842070.5,691.7105233976374,1000.0,1584.0,21.930174563591024,1.4627658491963356,253810.0,238979.0,6183.0,3120086330.0,2937768847.0,76007619.0,646.0865990165978,1000.0,1584.0,5161507.0,1.4740698995880341
852,500.0,689.0,68.5,6146500.0,8469877.0,842070.5,704.0139071483442,1000.0,1584.0,23.722786647314948,1.4732472959729557,254000.0,240357.0,6183.0,3122422000.0,2954708601.0,76007619.0,646.2464543580624,1000.0,1584.0,5194197.0,1.4724246923578772
853,95.0,689.0,0.0,1167835.0,8469877.0,0.0,674.686552488927,1000.0,1584.0,23.722786647314948,1.4717128978247715,254000.0,240357.0,6183.0,3122422000.0,2954708601.0,76007619.0,646.2464543580624,1000.0,1584.0,5194197.0,1.4710011032916657
854,0.0,0.0,0.0,0.0,0.0,0.0,0.0,1000.0,1584.0,0.0,1.4710011032916657,254000.0,240357.0,6183.0,3122422000.0,2954708601.0,76007619.0,646.2464543580624,1000.0,1584.0,5194197.0,1.4710011032916657
855,338.5,61.0,0.0,4161180.5,749873.0,0.0,554.4369581887106,1000.0,1584.0,15.87704918032787,1.4710011032916657,254677.0,240479.0,6183.0,3130744361.0,2956208347.0,76007619.0,646.2010450184284,1000.0,1584.0,5196134.0,1.4710011032916657
856,591.5,307.0,0.0,7271309.5,3773951.0,0.0,636.2178362487067,1000.0,1584.0,20.965798045602607,1.473736267625951,255183.0,240971.0,6183.0,3136964619.0,2962256503.0,76007619.0,646.2215404520796,1000.0,1584.0,5207070.0,1.476471431960236
857,486.0,685.5,0.0,5974398.0,8426851.5,0.0,649.5797563843089,1000.0,1584.0,21.911743253099928,1.476471431960236,255649.0,241850.0,6183.0,3142693157.0,2973062050.0,76007619.0,646.2197208127072,1000.0,1584.0,5226175.0,1.476471431960236
858,562.0,506.5,0.0,6908666.0,6226404.5,0.0,621.9600040567987,1000.0,1584.0,20.39782823297137,1.47066343923802,256307.0,241984.0,6183.0,3150781951.0,2974709312.0,76007619.0,646.1225065903305,1000.0,1584.0,5227733.0,1.4648554465158041
859,675.5,504.5,0.0,8303921.5,6201818.5,0.0,629.5506898647701,1000.0,1584.0,20.697720515361745,1.4658273630259284,257000.0,242859.0,6183.0,3159301000.0,2985465687.0,76007619.0,646.1521858096687,1000.0,1584.0,5247059.0,1.466799279536053
860,346.5,627.0,0.0,4259524.5,7707711.0,0.0,646.473529959794,1000.0,1584.0,22.23524720893142,1.4706442844055143,257000.0,243238.0,6183.0,3159301000.0,2990124734.0,76007619.0,646.1242714108754,1000.0,1584.0,5255616.0,1.4744892892749757
861,0.0,189.5,0.0,0.0,2329523.5,0.0,627.7816389455445,1000.0,1584.0,22.5778364116095,1.4744892892749757,257000.0,243238.0,6183.0,3159301000.0,2990124734.0,76007619.0,646.1242714108754,1000.0,1584.0,5255616.0,1.4744892892749757
862,386.0,0.0,0.0,4745098.0,0.0,0.0,0.0,1000.0,1584.0,0.0,1.4744892892749757,257772.0,243238.0,6183.0,3168791196.0,2990124734.0,76007619.0,646.1242714108754,1000.0,1584.0,5255616.0,1.4744892892749757
863,500.0,415.5,0.0,6146500.0,5107741.5,0.0,644.2224037486637,1000.0,1584.0,22.12274368231047,1.4717568920130502,258000.0,244069.0,6183.0,3171594000.0,3000340217.0,76007619.0,646.1179559687323,1000.0,1584.0,5274000.0,1.4690244947511248
864,114.0,415.5,0.0,1401402.0,5107741.5,0.0,644.2224037486637,1000.0,1584.0,22.12274368231047,1.4716205226842192,258000.0,244069.0,6183.0,3171594000.0,3000340217.0,76007619.0,646.1179559687323,1000.0,1584.0,5274000.0,1.4742165506173133
865,0.0,0.0,0.0,0.0,0.0,0.0,0.0,1000.0,1584.0,0.0,1.4742165506173133,258000.0,244069.0,6183.0,3171594000.0,3000340217.0,76007619.0,646.1179559687323,1000.0,1584.0,5274000.0,1.4742165506173133
866,472.0,179.0,0.0,5802296.0,2200447.0,0.0,639.6595128651575,1000.0,1584.0,21.92737430167598,1.4742165506173133,258944.0,244427.0,6183.0,3183198592.0,3004741111.0,76007619.0,646.1087299895981,1000.0,1584.0,5281850.0,1.4742165506173133
867,585.0,600.0,0.0,7191405.0,7375800.0,0.0,652.3675565163761,1000.0,1584.0,22.426666666666666,1.4736640155408676,259170.0,245269.0,6183.0,3185976810.0,3015091817.0,76007619.0,646.1477808285748,1000.0,1584.0,5300912.0,1.4731114804644216
868,528.0,627.0,0.0,6490704.0,7707711.0,0.0,653.7290621058962,1000.0,1584.0,22.188197767145134,1.4665920543823576,260000.0,245681.0,6183.0,3196180000.0,3020156533.0,76007619.0,646.1466706896322,1000.0,1584.0,5309674.0,1.4600726283002936
869,415.0,413.5,0.0,5101595.0,5083155.5,0.0,651.244500211629,1000.0,1584.0,22.343409915356713,1.4591140669626976,260000.0,246096.0,6183.0,3196180000.0,3025258128.0,76007619.0,646.1644884694393,1000.0,1584.0,5319390.0,1.4581555056251014
870,0.0,207.5,0.0,0.0,2550797.5,0.0,656.978120501562,1000.0,1584.0,23.412048192771085,1.4581555056251014,260000.0,246096.0,6183.0,3196180000.0,3025258128.0,76007619.0,646.1644884694393,1000.0,1584.0,5319390.0,1.4581555056251014
871,94.5,156.5,0.0,1161688.5,1923854.5,0.0,667.995494466589,1000.0,1584.0,23.17891373801917,1.4581555056251014,260189.0,246409.0,6183.0,3198503377.0,3029105837.0,76007619.0,646.1915404143815,1000.0,1584.0,5326645.0,1.4581555056251014
872,500.0,360.5,0.0,6146500.0,4431626.5,0.0,638.0139376348433,1000.0,1584.0,21.728155339805824,1.4610775269366876,261000.0,246817.0,6183.0,3208473000.0,3034121381.0,76007619.0,646.1412610103396,1000.0,1584.0,5335056.0,1.4639995482482735
873,781.0,419.0,0.0,9600833.0,5150767.0,0.0,641.1520874611072,1000.0,1584.0,21.752983293556085,1.4633883992790806,261751.0,247247.0,6183.0,3217705043.0,3039407371.0,76007619.0,646.1748767929676,1000.0,1584.0,5344874.0,1.4627772503098875
874,500.0,605.0,0.0,6146500.0,7437265.0,0.0,647.1086738461963,1000.0,1584.0,22.401652892561984,1.4601280923659137,262000.0,248027.0,6183.0,3220766000.0,3048995911.0,76007619.0,646.1458657447394,1000.0,1584.0,5362162.0,1.4574789344219397
875,124.5,389.5,0.0,1530478.5,4788123.5,0.0,636.2159430903793,1000.0,1584.0,22.145057766367138,1.4594117514453027,262000.0,248027.0,6183.0,3220766000.0,3048995911.0,76007619.0,646.1458657447394,1000.0,1584.0,5362162.0,1.461344568468666
876,0.0,0.0,0.0,0.0,0.0,0.0,0.0,1000.0,1584.0,0.0,1.461344568468666,262000.0,248027.0,6183.0,3220766000.0,3048995911.0,76007619.0,646.1458657447394,1000.0,1584.0,5362162.0,1.461344568468666
877,500.0,182.0,0.0,6146500.0,2237326.0,0.0,667.3929891253318,1000.0,1584.0,22.89010989010989,1.4618396668248126,263000.0,248391.0,6183.0,3233059000.0,3053470563.0,76007619.0,646.1762457242775,1000.0,1584.0,5370494.0,1.4623347651809593
878,550.0,582.0,0.0,6761150.0,7154526.0,0.0,652.2900456835631,1000.0,1584.0,22.269759450171822,1.4662800151926518,263100.0,249191.0,6183.0,3234288300.0,3063304963.0,76007619.0,646.1738710446087,1000.0,1584.0,5388084.0,1.4702252652043446
879,500.0,613.0,0.0,6146500.0,7535609.0,0.0,648.7723502758752,1000.0,1584.0,21.92251223491028,1.4673170795597619,264000.0,249617.0,6183.0,3245352000.0,3068541781.0,76007619.0,646.1886883520332,1000.0,1584.0,5397371.0,1.464408893915179
880,620.5,520.5,0.0,7627806.5,6398506.5,0.0,635.8693882945411,1000.0,1584.0,21.632084534101825,1.4603654689421408,264341.0,250232.0,6183.0,3249543913.0,3076101976.0,76007619.0,646.1320366490288,1000.0,1584.0,5410603.0,1.4563220439691027
881,500.0,590.0,0.0,6146500.0,7252870.0,0.0,649.1535094032037,1000.0,1584.0,22.435593220338983,1.4540413408526751,265000.0,250797.0,6183.0,3257645000.0,3083047521.0,76007619.0,646.2023022085224,1000.0,1584.0,5423845.0,1.4517606377362477
882,329.5,494.5,0.0,4050543.5,6078888.5,0.0,667.5336502410347,1000.0,1584.0,23.051567239635997,1.4539220054315103,265000.0,251221.0,6183.0,3257645000.0,3088259753.0,76007619.0,646.2142661242611,1000.0,1584.0,5433401.0,1.456083373126773
883,0.0,212.0,0.0,0.0,2606116.0,0.0,653.46541486567,1000.0,1584.0,22.537735849056602,1.456083373126773,265000.0,251221.0,6183.0,3257645000.0,3088259753.0,76007619.0,646.2142661242611,1000.0,1584.0,5433401.0,1.456083373126773
884,421.0,0.0,0.0,5175353.0,0.0,0.0,0.0,1000.0,1584.0,0.0,1.456083373126773,265842.0,251221.0,6183.0,3267995706.0,3088259753.0,76007619.0,646.2142661242611,1000.0,1584.0,5433401.0,1.456083373126773
885,500.0,415.5,0.0,6146500.0,5107741.5,0.0,658.4934901859775,1000.0,1584.0,22.67870036101083,1.4610792648514865,266000.0,252052.0,6183.0,3269938000.0,3098475236.0,76007619.0,646.2537806563554,1000.0,1584.0,5452247.0,1.4660751565762
886,79.0,415.5,0.0,971147.0,5107741.5,0.0,658.4934901859775,1000.0,1584.0,22.67870036101083,1.4651304159234684,266000.0,252052.0,6183.0,3269938000.0,3098475236.0,76007619.0,646.2537806563554,1000.0,1584.0,5452247.0,1.4641856752707367
887,0.0,0.0,0.0,0.0,0.0,0.0,0.0,1000.0,1584.0,0.0,1.4641856752707367,266000.0,252052.0,6183.0,3269938000.0,3098475236.0,76007619.0,646.2537806563554,1000.0,1584.0,5452247.0,1.4641856752707367
888,463.0,186.0,0.0,5691659.0,2286498.0,0.0,652.7006277869439,1000.0,1584.0,22.182795698924732,1.4641856752707367,266926.0,252424.0,6183.0,3281321318.0,3103048232.0,76007619.0,646.2630542921528,1000.0,1584.0,5460499.0,1.4641856752707367
889,604.0,584.0,0.0,7424972.0,7179112.0,0.0,636.7199563704571,1000.0,1584.0,21.79708904109589,1.4644270392008454,267208.0,253220.0,6183.0,3284787944.0,3112833460.0,76007619.0,646.2108532161724,1000.0,1584.0,5477706.0,1.4646684031309543
890,537.0,564.0,0.0,6601341.0,6933252.0,0.0,628.8312884305244,1000.0,1584.0,21.64095744680851,1.4638120993552564,268000.0,253552.0,6183.0,3294524000.0,3116914736.0,76007619.0,646.1873500863599,1000.0,1584.0,5484910.0,1.4629557955795582
891,500.0,399.5,0.0,6146500.0,4911053.5,0.0,642.330596597548,1000.0,1584.0,21.94743429286608,1.4564130602249414,268208.0,254019.0,6183.0,3297080944.0,3122655567.0,76007619.0,646.1989381461964,1000.0,1584.0,5495242.0,1.4498703248703249
892,500.0,590.5,0.0,6146500.0,7259016.5,0.0,642.8430605028915,1000.0,1584.0,21.972057578323454,1.4492750989844012,269000.0,254733.0,6183.0,3306817000.0,3131432769.0,76007619.0,646.1722126245019,1000.0,1584.0,5510859.0,1.4486798730984773
893,396.0,540.0,0.0,4868028.0,6638220.0,0.0,633.1040276818306,1000.0,1584.0,21.543518518518518,1.4558222858150929,269000.0,255099.0,6183.0,3306817000.0,3135932007.0,76007619.0,646.1448107922206,1000.0,1584.0,5518509.0,1.4629646985317086
894,0.0,183.0,0.0,0.0,2249619.0,0.0,626.6104488476019,1000.0,1584.0,20.901639344262296,1.4629646985317086,269000.0,255099.0,6183.0,3306817000.0,3135932007.0,76007619.0,646.1448107922206,1000.0,1584.0,5518509.0,1.4629646985317086
895,397.0,0.0,0.0,4880321.0,0.0,0.0,0.0,1000.0,1584.0,0.0,1.4629646985317086,269794.0,255099.0,6183.0,3316577642.0,3135932007.0,76007619.0,646.1448107922206,1000.0,1584.0,5518509.0,1.4629646985317086
896,500.0,411.0,0.0,6146500.0,5052423.0,0.0,651.461106737731,1000.0,1584.0,22.613138686131386,1.4641373845858645,270000.0,255921.0,6183.0,3319110000.0,3146036853.0,76007619.0,646.1614835452774,1000.0,1584.0,5537097.0,1.4653100706400202
897,536.5,587.0,0.0,6595194.5,7215991.0,0.0,647.1198251689771,1000.0,1584.0,22.51192504258944,1.470172252950864,270867.0,256273.0,6183.0,3329768031.0,3150363989.0,76007619.0,646.149172158996,1000.0,1584.0,5544938.0,1.4750344352617077
898,500.0,388.5,0.0,6146500.0,4775830.5,0.0,638.7951345917049,1000.0,1584.0,22.16988416988417,1.4678143752535928,271000.0,256698.0,6183.0,3331403000.0,3155588514.0,76007619.0,646.1397107540253,1000.0,1584.0,5554323.0,1.460594315245478
899,66.5,212.5,0.0,817484.5,2612262.5,0.0,640.2968813359777,1000.0,1584.0,22.08235294117647,1.460594315245478,271000.0,256698.0,6183.0,3331403000.0,3155588514.0,76007619.0,646.1397107540253,1000.0,1584.0,5554323.0,1.460594315245478
900,41.0,189.5,0.0,504013.0,2329523.5,0.0,624.1019728564984,1000.0,1584.0,20.696569920844325,1.460594315245478,271082.0,257077.0,6183.0,3332411026.0,3160247561.0,76007619.0,646.1079843137641,1000.0,1584.0,5562167.0,1.460594315245478
901,500.0,397.5,0.0,6146500.0,4886467.5,0.0,645.9819445795633,1000.0,1584.0,22.168553459119497,1.45665913808308,272000.0,257493.0,6183.0,3343696000.0,3165361449.0,76007619.0,646.1392350789214,1000.0,1584.0,5571947.0,1.4527239609206821
902,542.0,398.5,0.0,6662806.0,4898760.5,0.0,659.3308313900426,1000.0,1584.0,23.07904642409034,1.4485168545253544,272166.0,257874.0,6183.0,3345736638.0,3170045082.0,76007619.0,646.1478946706935,1000.0,1584.0,5580561.0,1.4443097481300267
903,500.0,407.5,0.0,6146500.0,5009397.5,0.0,659.9640018678368,1000.0,1584.0,23.132515337423314,1.4420029272464,273000.0,258308.0,6183.0,3355989000.0,3175380244.0,76007619.0,646.1818345811081,1000.0,1584.0,5590800.0,1.4396961063627731
904,417.0,416.5,61.5,5126181.0,5120034.5,756019.5,708.4614572139424,1000.0,1584.0,23.647058823529413,1.4468253383483267,273000.0,258708.0,6306.0,3355989000.0,3180297444.0,77519658.0,646.3730659775025,1000.0,1584.0,5600274.0,1.4539545703338805
905,0.0,200.0,61.5,0.0,2458600.0,756019.5,743.0824030019406,1000.0,1584.0,23.685,1.4539545703338805,273000.0,258708.0,6306.0,3355989000.0,3180297444.0,77519658.0,646.3730659775025,1000.0,1584.0,5600274.0,1.4539545703338805
906,383.0,0.0,0.0,4708219.0,0.0,0.0,0.0,1000.0,1584.0,0.0,1.4539545703338805,273766.0,258708.0,6306.0,3365405438.0,3180297444.0,77519658.0,646.3730659775025,1000.0,1584.0,5600274.0,1.4539545703338805
907,500.0,479.5,0.0,6146500.0,5894493.5,0.0,638.9811161868058,1000.0,1584.0,22.477580813347238,1.4611869752257445,274000.0,259667.0,6306.0,3368282000.0,3192086431.0,77519658.0,646.346413347914,1000.0,1584.0,5621830.0,1.4684193801176084
908,437.5,647.0,0.0,5378187.5,7953571.0,0.0,648.7305619139214,1000.0,1584.0,23.06568778979907,1.4740866379053916,274641.0,260002.0,6306.0,3376161813.0,3196204586.0,77519658.0,646.3845211337177,1000.0,1584.0,5630121.0,1.4797538956931748
909,500.0,512.0,0.0,6146500.0,6294016.0,0.0,663.6936306085794,1000.0,1584.0,23.525390625,1.473970475475436,275000.0,260691.0,6306.0,3380575000.0,3204674463.0,77519658.0,646.4129442470436,1000.0,1584.0,5645920.0,1.468187055257697
910,179.5,344.5,0.0,2206593.5,4234938.5,0.0,657.3988694480665,1000.0,1584.0,22.93033381712627,1.46723003500533,275000.0,260691.0,6306.0,3380575000.0,3204674463.0,77519658.0,646.4129442470436,1000.0,1584.0,5645920.0,1.466273014752963
911,131.5,0.0,0.0,1616529.5,0.0,0.0,0.0,1000.0,1584.0,0.0,1.466273014752963,275263.0,260691.0,6306.0,3383808059.0,3204674463.0,77519658.0,646.4129442470436,1000.0,1584.0,5645920.0,1.466273014752963
912,355.5,314.5,0.0,4370161.5,3866148.5,0.0,671.1719335146967,1000.0,1584.0,24.65182829888712,1.466273014752963,275711.0,261320.0,6306.0,3389315323.0,3212406760.0,77519658.0,646.4711351711296,1000.0,1584.0,5661426.0,1.466273014752963
913,368.5,536.0,0.0,4529970.5,6589048.0,0.0,668.4655591191321,1000.0,1584.0,23.994402985074625,1.4536206483703311,276000.0,261763.0,6306.0,3392868000.0,3217852559.0,77519658.0,646.5011320014765,1000.0,1584.0,5671642.0,1.4409682819876992
914,644.5,292.5,0.0,7922838.5,3595702.5,0.0,605.2779717896976,1000.0,1584.0,20.258119658119657,1.4392774068165046,277000.0,261905.0,6306.0,3405161000.0,3219598165.0,77519658.0,646.3812879964121,1000.0,1584.0,5673277.0,1.4375865316453103
915,500.0,493.0,0.0,6146500.0,6060449.0,0.0,610.9459581698916,1000.0,1584.0,21.31947261663286,1.4351759961622905,277000.0,262749.0,6306.0,3405161000.0,3229973457.0,77519658.0,646.370833730127,1000.0,1584.0,5692663.0,1.4327654606792706
916,0.0,422.0,0.0,0.0,5187646.0,0.0,643.0486190207412,1000.0,1584.0,22.96919431279621,1.4327654606792706,277000.0,262749.0,6306.0,3405161000.0,3229973457.0,77519658.0,646.370833730127,1000.0,1584.0,5692663.0,1.4327654606792706
917,0.0,0.0,0.0,0.0,0.0,0.0,0.0,1000.0,1584.0,0.0,1.4327654606792706,277000.0,262749.0,6306.0,3405161000.0,3229973457.0,77519658.0,646.370833730127,1000.0,1584.0,5692663.0,1.4327654606792706
918,500.0,210.0,0.0,6146500.0,2581530.0,0.0,662.899064697255,1000.0,1584.0,23.545238095238094,1.4334318083158655,278000.0,263169.0,6306.0,3417454000.0,3235136517.0,77519658.0,646.3965944018261,1000.0,1584.0,5702552.0,1.4340981559524606
919,802.5,431.0,0.0,9865132.5,5298283.0,0.0,647.9725766860589,1000.0,1584.0,23.05568445475638,1.4480576935436693,278605.0,263611.0,6306.0,3424891265.0,3240570023.0,77519658.0,646.3759490152988,1000.0,1584.0,5712537.0,1.462017231134878
920,500.0,637.5,0.0,6146500.0,7836787.5,0.0,638.2255662772111,1000.0,1584.0,22.778039215686274,1.4633076434266972,279000.0,264444.0,6306.0,3429747000.0,3250810092.0,77519658.0,646.358115876031,1000.0,1584.0,5731594.0,1.4645980557185165
921,197.5,416.5,0.0,2427867.5,5120034.5,0.0,640.5796435449081,1000.0,1584.0,22.877551020408163,1.4667711207042164,279000.0,264444.0,6306.0,3429747000.0,3250810092.0,77519658.0,646.358115876031,1000.0,1584.0,5731594.0,1.4689441856899164
922,0.0,0.0,0.0,0.0,0.0,0.0,0.0,1000.0,1584.0,0.0,1.4689441856899164,279000.0,264444.0,6306.0,3429747000.0,3250810092.0,77519658.0,646.358115876031,1000.0,1584.0,5731594.0,1.4689441856899164
923,203.0,205.5,0.0,2495479.0,2526211.5,0.0,651.2105778541597,1000.0,1584.0,23.21167883211679,1.4689441856899164,279406.0,264855.0,6306.0,3434737958.0,3255862515.0,77519658.0,646.3654707754191,1000.0,1584.0,5741134.0,1.4689441856899164
924,577.0,420.5,0.0,7093061.0,5169206.5,0.0,646.1058456414612,1000.0,1584.0,22.763376932223544,1.4559925753084122,280154.0,265285.0,6306.0,3443933122.0,3261148505.0,77519658.0,646.3573347040948,1000.0,1584.0,5750738.0,1.4430409649269078
925,529.0,628.0,0.0,6502997.0,7720004.0,0.0,631.8485200565498,1000.0,1584.0,22.1656050955414,1.4430409649269078,280465.0,266111.0,6306.0,3447756245.0,3271302523.0,77519658.0,646.2985392325899,1000.0,1584.0,5768974.0,1.4430409649269078
926,423.0,641.5,0.0,5199939.0,7885959.5,0.0,628.5805399301896,1000.0,1584.0,22.117692907248635,1.4365706975448722,281000.0,266568.0,6306.0,3454333000.0,3276920424.0,77519658.0,646.2737517035342,1000.0,1584.0,5779115.0,1.4301004301628368
927,267.5,228.5,0.0,3288377.5,2808950.5,0.0,631.497943601348,1000.0,1584.0,22.190371991247265,1.4298516499532758,281000.0,266568.0,6306.0,3454333000.0,3276920424.0,77519658.0,646.2737517035342,1000.0,1584.0,5779115.0,1.429602869743715
928,77.0,0.0,0.0,946561.0,0.0,0.0,0.0,1000.0,1584.0,0.0,1.429602869743715,281154.0,266568.0,6306.0,3456226122.0,3276920424.0,77519658.0,646.2737517035342,1000.0,1584.0,5779115.0,1.429602869743715
929,500.0,429.5,0.0,6146500.0,5279843.5,0.0,629.6392552394499,1000.0,1584.0,22.334109429569267,1.4294029305739069,282000.0,267427.0,6306.0,3466626000.0,3287480111.0,77519658.0,646.2215510829924,1000.0,1584.0,5798300.0,1.4292029914040987
930,423.0,644.0,0.0,5199939.0,7916692.0,0.0,640.2696597822857,1000.0,1584.0,22.559006211180126,1.4342321631066892,282000.0,267856.0,6306.0,3466626000.0,3292753808.0,77519658.0,646.2455447660491,1000.0,1584.0,5808171.0,1.43926133480928
931,500.0,380.0,0.0,6146500.0,4671340.0,0.0,606.3195408911337,1000.0,1584.0,21.46842105263158,1.436562800368629,283000.0,268187.0,6306.0,3478919000.0,3296822791.0,77519658.0,646.1110727547796,1000.0,1584.0,5814616.0,1.4338642659279779
932,500.0,357.5,0.0,6146500.0,4394747.5,0.0,583.8315042360341,1000.0,1584.0,20.95104895104895,1.439821906835636,283000.0,268571.0,6306.0,3478919000.0,3301543303.0,77519658.0,646.0831956463367,1000.0,1584.0,5823151.0,1.445779547743294
933,0.0,192.0,0.0,0.0,2360256.0,0.0,626.1559270843733,1000.0,1584.0,22.2265625,1.445779547743294,283000.0,268571.0,6306.0,3478919000.0,3301543303.0,77519658.0,646.0831956463367,1000.0,1584.0,5823151.0,1.445779547743294
934,198.5,177.0,0.0,2440160.5,2175861.0,0.0,579.6093638586782,1000.0,1584.0,20.508474576271187,1.445779547743294,283397.0,268925.0,6306.0,3483799321.0,3305895025.0,77519658.0,645.9976975140288,1000.0,1584.0,5830411.0,1.445779547743294
935,500.0,390.0,0.0,6146500.0,4794270.0,0.0,598.0504446924876,1000.0,1584.0,21.18076923076923,1.4505203655022387,284000.0,269351.0,6306.0,3491212000.0,3311131843.0,77519658.0,645.947282008213,1000.0,1584.0,5839672.0,1.4552611832611837
936,625.5,420.0,0.0,7689271.5,5163060.0,0.0,623.5559777835715,1000.0,1584.0,22.027380952380952,1.4537402982312178,284648.0,269765.0,6306.0,3499177864.0,3316221145.0,77519658.0,645.9294141935304,1000.0,1584.0,5848914.0,1.4522194132012518
937,500.0,656.0,0.0,6146500.0,8064208.0,0.0,635.7528801188837,1000.0,1584.0,22.134146341463413,1.4428549754020303,285000.0,270663.0,6306.0,3503505000.0,3327260259.0,77519658.0,645.8989912057081,1000.0,1584.0,5868712.0,1.433490537602809
938,176.0,449.0,0.0,2163568.0,5519557.0,0.0,636.5460906814516,1000.0,1584.0,22.046770601336302,1.4339098725857267,285000.0,270663.0,6306.0,3503505000.0,3327260259.0,77519658.0,645.8989912057081,1000.0,1584.0,5868712.0,1.4343292075686442
939,0.0,0.0,0.0,0.0,0.0,0.0,0.0,1000.0,1584.0,0.0,1.4343292075686442,285000.0,270663.0,6306.0,3503505000.0,3327260259.0,77519658.0,645.8989912057081,1000.0,1584.0,5868712.0,1.4343292075686442
940,500.0,213.5,0.0,6146500.0,2624555.5,0.0,652.9593068412271,1000.0,1584.0,22.625292740046838,1.4324951053726571,286000.0,271090.0,6306.0,3515798000.0,3332509370.0,77519658.0,645.9098592599569,1000.0,1584.0,5878373.0,1.4306610031766702
941,502.0,647.0,0.0,6171086.0,7953571.0,0.0,642.5596973330086,1000.0,1584.0,22.378670788253476,1.4368794532377505,286004.0,271957.0,6306.0,3515847172.0,3343167401.0,77519658.0,645.883462564561,1000.0,1584.0,5897670.0,1.4430979032988307
942,371.0,641.5,0.0,4560703.0,7885959.5,0.0,636.4899521232463,1000.0,1584.0,22.25253312548714,1.4430979032988307,286742.0,272373.0,6306.0,3524919406.0,3348281289.0,77519658.0,645.866491295896,1000.0,1584.0,5906923.0,1.4430979032988307
943,498.0,424.5,0.0,6121914.0,5218378.5,0.0,641.8726573852019,1000.0,1584.0,22.35924617196702,1.4415640401317424,287000.0,272806.0,6306.0,3528091000.0,3353604158.0,77519658.0,645.871262538775,1000.0,1584.0,5916653.0,1.4400301769646542
944,129.0,216.5,0.0,1585797.0,2661434.5,0.0,648.9420366596319,1000.0,1584.0,22.471131639722863,1.4400301769646542,287000.0,272806.0,6306.0,3528091000.0,3353604158.0,77519658.0,645.871262538775,1000.0,1584.0,5916653.0,1.4400301769646542
945,189.0,0.0,0.0,2323377.0,0.0,0.0,0.0,1000.0,1584.0,0.0,1.4400301769646542,287378.0,272806.0,6306.0,3532737754.0,3353604158.0,77519658.0,645.871262538775,1000.0,1584.0,5916653.0,1.4400301769646542
946,500.0,418.0,0.0,6146500.0,5138474.0,0.0,633.190782394068,1000.0,1584.0,21.92105263157895,1.4396032790817097,288000.0,273642.0,6306.0,3540384000.0,3363881106.0,77519658.0,645.8333952155541,1000.0,1584.0,5934979.0,1.4391763811987655
947,647.0,628.5,0.0,7953571.0,7726150.5,0.0,627.153623081069,1000.0,1584.0,21.796340493237867,1.4426618668430877,288672.0,274063.0,6306.0,3548644896.0,3369056459.0,77519658.0,645.7873442996023,1000.0,1584.0,5944051.0,1.44614735248741
948,500.0,430.0,0.0,6146500.0,5285990.0,0.0,639.2086977236492,1000.0,1584.0,22.13720930232558,1.4371823556301622,289000.0,274502.0,6306.0,3552677000.0,3374453086.0,77519658.0,645.8131064778995,1000.0,1584.0,5954017.0,1.4282173587729146
949,164.0,437.5,0.0,2016052.0,5378187.5,0.0,645.2974138597006,1000.0,1584.0,22.328,1.4300148425150265,289000.0,274938.0,6306.0,3552677000.0,3379812834.0,77519658.0,645.7858200390499,1000.0,1584.0,5963588.0,1.4318123262571387
950,0.0,218.0,0.0,0.0,2679874.0,0.0,628.2118514136756,1000.0,1584.0,21.951834862385322,1.4318123262571387,289000.0,274938.0,6306.0,3552677000.0,3379812834.0,77519658.0,645.7858200390499,1000.0,1584.0,5963588.0,1.4318123262571387
951,303.5,207.0,0.0,3730925.5,2544651.0,0.0,634.559523558164,1000.0,1584.0,21.379227053140095,1.4318123262571387,289607.0,275352.0,6306.0,3560138851.0,3384902136.0,77519658.0,645.7693188683281,1000.0,1584.0,5972439.0,1.4318123262571387
952,536.5,406.0,0.0,6595194.5,4990958.0,0.0,620.871108486964,1000.0,1584.0,21.39039408866995,1.4351499231468885,290073.0,275750.0,6306.0,3565867389.0,3389794750.0,77519658.0,645.7140940492452,1000.0,1584.0,5980957.0,1.4384875200366383
953,550.5,518.5,257.0,6767296.5,6373920.5,3159301.0,724.1134001404508,1000.0,1584.0,20.248794599807137,1.4384875200366383,290708.0,276389.0,6820.0,3573673444.0,3397649977.0,83838260.0,646.1983718647118,1000.0,1584.0,5993437.0,1.4384875200366383
954,463.5,319.5,520.0,5697805.5,3927613.5,6392360.0,838.0787291718312,1000.0,1584.0,19.530516431924884,1.4364738537728032,291000.0,276389.0,7346.0,3577263000.0,3397649977.0,90304378.0,646.8524105148578,1000.0,1584.0,5993437.0,1.4344601875089682
955,146.0,0.0,263.0,1794778.0,0.0,3233059.0,999.0,1000.0,1584.0,0.0,1.4344601875089682,291000.0,276389.0,7346.0,3577263000.0,3397649977.0,90304378.0,646.8524105148578,1000.0,1584.0,5993437.0,1.4344601875089682
956,162.5,0.0,0.0,1997612.5,0.0,0.0,0.0,1000.0,1584.0,0.0,1.4344601875089682,291325.0,276389.0,7346.0,3581258225.0,3397649977.0,90304378.0,646.8524105148578,1000.0,1584.0,5993437.0,1.4344601875089682
957,500.0,0.0,540.0,6146500.0,0.0,6638220.0,999.0,1000.0,1584.0,0.0,1.4354048823254184,292000.0,276389.0,8426.0,3589556000.0,3397649977.0,103580818.0,648.1877313253627,1000.0,1584.0,5993437.0,1.4363495771418686
958,668.0,0.0,685.0,8211724.0,0.0,8420705.0,999.0,1000.0,1584.0,0.0,1.4363014772614129,292661.0,276389.0,8716.0,3597681673.0,3397649977.0,107145788.0,648.5445667295669,1000.0,1584.0,5993437.0,1.4362533773809574
959,500.0,219.0,145.0,6146500.0,2692167.0,1782485.0,789.2462125482698,1000.0,1584.0,22.21917808219178,1.4330946803580846,293000.0,276827.0,8716.0,3601849000.0,3403034311.0,107145788.0,648.5473639352687,1000.0,1584.0,6003169.0,1.4299359833352117
960,635.5,349.5,0.0,7812201.5,4296403.5,0.0,670.6235230601307,1000.0,1584.0,23.879828326180256,1.4349976144929022,293932.0,277088.0,8716.0,3613306076.0,3406242784.0,107145788.0,648.5985659404773,1000.0,1584.0,6010129.0,1.4400592456505927
961,523.0,591.5,0.0,6429239.0,7271309.5,0.0,627.4982038053853,1000.0,1584.0,21.64835164835165,1.4416663230698383,294046.0,278010.0,8716.0,3614707478.0,3417576930.0,107145788.0,648.4605174112921,1000.0,1584.0,6028779.0,1.443273400489084
962,533.5,675.0,0.0,6558315.5,8297775.0,0.0,622.1742422242693,1000.0,1584.0,21.12148148148148,1.4428906444419134,295000.0,278438.0,8716.0,3626435000.0,3422838334.0,107145788.0,648.4743370005468,1000.0,1584.0,6038643.0,1.4425078883947426
963,477.0,374.5,0.0,5863761.0,4603728.5,0.0,629.9964530766163,1000.0,1584.0,21.353805073431243,1.4385641429591831,295000.0,278759.0,8716.0,3626435000.0,3426784387.0,107145788.0,648.4124103265481,1000.0,1584.0,6044773.0,1.4346203975236234
964,0.0,160.5,0.0,0.0,1973026.5,0.0,593.0152385342737,1000.0,1584.0,19.09657320872274,1.4346203975236234,295000.0,278759.0,8716.0,3626435000.0,3426784387.0,107145788.0,648.4124103265481,1000.0,1584.0,6044773.0,1.4346203975236234
965,149.5,145.5,0.0,1837803.5,1788631.5,0.0,689.336991247563,1000.0,1584.0,24.879725085910653,1.4346203975236234,295299.0,279050.0,8716.0,3630110607.0,3430361650.0,107145788.0,648.4537948300962,1000.0,1584.0,6052013.0,1.4346203975236234
966,500.0,360.5,0.0,6146500.0,4431626.5,0.0,663.2750733822365,1000.0,1584.0,23.17614424410541,1.439572291606409,296000.0,279480.0,8716.0,3638728000.0,3435647640.0,107145788.0,648.4495932855872,1000.0,1584.0,6061483.0,1.4445241856891948
967,703.5,531.5,0.0,8648125.5,6533729.5,0.0,602.6146524926531,1000.0,1584.0,20.47695202257761,1.4447569121439279,296706.0,280113.0,8716.0,3647406858.0,3443429109.0,107145788.0,648.2850894428096,1000.0,1584.0,6073780.0,1.4449896385986611
968,500.0,522.0,0.0,6146500.0,6416946.0,0.0,603.9260342010787,1000.0,1584.0,21.1772030651341,1.4426590283217737,297000.0,280524.0,8716.0,3651021000.0,3448481532.0,107145788.0,648.2888873124018,1000.0,1584.0,6083592.0,1.4403284180448865
969,147.0,205.5,0.0,1807071.0,2526211.5,0.0,650.957828617488,1000.0,1584.0,23.873479318734795,1.441285215985744,297000.0,280524.0,8716.0,3651021000.0,3448481532.0,107145788.0,648.2888873124018,1000.0,1584.0,6083592.0,1.442242013926602
970,81.0,0.0,0.0,995733.0,0.0,0.0,0.0,1000.0,1584.0,0.0,1.442242013926602,297162.0,280524.0,8716.0,3653012466.0,3448481532.0,107145788.0,648.2888873124018,1000.0,1584.0,6083592.0,1.442242013926602
971,500.0,405.0,0.0,6146500.0,4978665.0,0.0,633.450148491232,1000.0,1584.0,21.276543209876543,1.4422953415500441,298000.0,281334.0,8716.0,3663314000.0,3458438862.0,107145788.0,648.2474483244853,1000.0,1584.0,6100826.0,1.4423486691734864
972,429.0,636.0,306.0,5273697.0,7818348.0,3761658.0,753.2777023512649,1000.0,1584.0,22.00550314465409,1.4434505940498503,298020.0,281796.0,9328.0,3663559860.0,3464118228.0,114669104.0,648.9683191954935,1000.0,1584.0,6111583.0,1.4445525189262143
973,500.0,470.5,412.0,6146500.0,5783856.5,5064716.0,797.2470161132854,1000.0,1584.0,22.368756641870352,1.4374875832270626,299000.0,282275.0,9540.0,3675607000.0,3470006575.0,117275220.0,649.1486502405869,1000.0,1584.0,6121875.0,1.4304226475279112
974,490.0,239.5,252.5,6023570.0,2944173.5,3103982.5,806.6741996829915,1000.0,1584.0,21.48643006263048,1.4257642211589583,299000.0,282275.0,9833.0,3675607000.0,3470006575.0,120877069.0,649.4995699191971,1000.0,1584.0,6121875.0,1.4211057947900052
975,0.0,0.0,146.5,0.0,0.0,1800924.5,999.0,1000.0,1584.0,0.0,1.4211057947900052,299000.0,282275.0,9833.0,3675607000.0,3470006575.0,120877069.0,649.4995699191971,1000.0,1584.0,6121875.0,1.4211057947900052
976,188.0,155.0,132.0,2311084.0,1905415.0,1622676.0,822.3173933167527,1000.0,1584.0,26.519354838709678,1.4211057947900052,299376.0,282585.0,10097.0,3680229168.0,3473817405.0,124122421.0,649.8384955471157,1000.0,1584.0,6130096.0,1.4211057947900052
977,533.0,226.5,292.5,6552169.0,2784364.5,3595702.5,849.528625195504,1000.0,1584.0,25.333333333333332,1.4376756781870892,300066.0,282728.0,10418.0,3688711338.0,3475575304.0,128068474.0,650.2078523428945,1000.0,1584.0,6133351.0,1.454245561584173
978,634.0,334.5,163.0,7793762.0,4112008.5,2003759.0,741.3709285465346,1000.0,1584.0,22.49476831091181,1.454245561584173,300644.0,283254.0,10423.0,3695816692.0,3482041422.0,128129939.0,650.1486143880002,1000.0,1584.0,6145145.0,1.454245561584173
979,467.0,518.5,2.5,5740831.0,6373920.5,30732.5,650.140343872898,1000.0,1584.0,22.712632594021215,1.4449013658320404,301000.0,283765.0,10423.0,3700193000.0,3488323145.0,128129939.0,650.2076132310817,1000.0,1584.0,6156904.0,1.4355571700799077
980,678.0,422.5,0.0,8334654.0,5193792.5,0.0,658.433592111068,1000.0,1584.0,22.202366863905326,1.431174734449547,302000.0,284099.0,10423.0,3712486000.0,3492429007.0,128129939.0,650.1723844499171,1000.0,1584.0,6163906.0,1.4267922988191863
981,500.0,599.0,0.0,6146500.0,7363507.0,0.0,637.891703788325,1000.0,1584.0,21.085976627712856,1.4225713585848023,302000.0,284963.0,10423.0,3712486000.0,3503050159.0,128129939.0,650.1576634720807,1000.0,1584.0,6182165.0,1.418350418350418
982,0.0,432.0,0.0,0.0,5310576.0,0.0,645.1395479229578,1000.0,1584.0,21.13310185185185,1.418350418350418,302000.0,284963.0,10423.0,3712486000.0,3503050159.0,128129939.0,650.1576634720807,1000.0,1584.0,6182165.0,1.418350418350418
983,499.5,0.0,0.0,6140353.5,0.0,0.0,0.0,1000.0,1584.0,0.0,1.418350418350418,302999.0,284963.0,10423.0,3724766707.0,3503050159.0,128129939.0,650.1576634720807,1000.0,1584.0,6182165.0,1.418350418350418
984,500.0,93.0,0.0,6146500.0,1143249.0,0.0,546.7395363485725,1000.0,1584.0,19.741935483870968,1.4286721550979244,303000.0,285149.0,10423.0,3724779000.0,3505336657.0,128129939.0,650.0925836551669,1000.0,1584.0,6185837.0,1.4389938918454308
985,500.5,443.0,0.0,6152646.5,5445799.0,0.0,603.0532603490639,1000.0,1584.0,19.96162528216704,1.4456020880017086,304000.0,285849.0,10423.0,3737072000.0,3513941757.0,128129939.0,650.0167979796714,1000.0,1584.0,6199851.0,1.4522102841579867
986,621.5,531.5,0.0,7640099.5,6533729.5,0.0,607.336247629929,1000.0,1584.0,19.684854186265287,1.4578129853612873,304243.0,286212.0,10423.0,3740059199.0,3518404116.0,128129939.0,649.9393651030916,1000.0,1584.0,6206762.0,1.4634156865645882
987,500.0,382.5,0.0,6146500.0,4702072.5,0.0,606.9432654510633,1000.0,1584.0,19.647058823529413,1.4528622693259334,305000.0,286614.0,10423.0,3749365000.0,3523345902.0,128129939.0,649.9058648219021,1000.0,1584.0,6214881.0,1.4423088520872787
988,378.5,392.5,0.0,4652900.5,4825002.5,0.0,620.1376970116823,1000.0,1584.0,20.538853503184715,1.4439878184629134,305000.0,286997.0,10423.0,3749365000.0,3528054121.0,128129939.0,649.8607076172068,1000.0,1584.0,6222885.0,1.4456667848385478
989,0.0,191.5,0.0,0.0,2354109.5,0.0,614.8388783453929,1000.0,1584.0,20.89817232375979,1.4456667848385478,305000.0,286997.0,10423.0,3749365000.0,3528054121.0,128129939.0,649.8607076172068,1000.0,1584.0,6222885.0,1.4456667848385478
990,146.0,182.0,0.0,1794778.0,2237326.0,0.0,590.7686166647019,1000.0,1584.0,18.857142857142858,1.4456667848385478,305292.0,287361.0,10423.0,3752954556.0,3532528773.0,128129939.0,649.7884756601278,1000.0,1584.0,6229749.0,1.4456667848385478
991,500.0,390.5,0.0,6146500.0,4800416.5,0.0,607.4056521682483,1000.0,1584.0,19.728553137003843,1.4437255248488605,306000.0,287778.0,10423.0,3761658000.0,3537654954.0,128129939.0,649.7495161781922,1000.0,1584.0,6238293.0,1.4417842648591734
992,776.5,395.5,0.0,9545514.5,4861881.5,0.0,624.6118003559158,1000.0,1584.0,20.262958280657397,1.4485359349706997,306845.0,288152.0,10423.0,3772045585.0,3542252536.0,128129939.0,649.7217763377956,1000.0,1584.0,6245777.0,1.4552876050822257
993,500.0,578.5,0.0,6146500.0,7111500.5,0.0,633.9574228543354,1000.0,1584.0,20.960242005185826,1.457196524000309,307000.0,288935.0,10423.0,3773951000.0,3551877955.0,128129939.0,649.688480722397,1000.0,1584.0,6262544.0,1.4591054429183923
994,77.5,391.5,0.0,952707.5,4812709.5,0.0,636.9921354257816,1000.0,1584.0,21.413793103448278,1.4601921709905772,307000.0,288935.0,10423.0,3773951000.0,3551877955.0,128129939.0,649.688480722397,1000.0,1584.0,6262544.0,1.461278899062762
995,0.0,0.0,0.0,0.0,0.0,0.0,0.0,1000.0,1584.0,0.0,1.461278899062762,307000.0,288935.0,10423.0,3773951000.0,3551877955.0,128129939.0,649.688480722397,1000.0,1584.0,6262544.0,1.461278899062762
996,444.0,175.5,0.0,5458092.0,2157421.5,0.0,602.4845730567953,1000.0,1584.0,19.415954415954417,1.461278899062762,307888.0,289286.0,10423.0,3784867184.0,3556192798.0,128129939.0,649.6331985266995,1000.0,1584.0,6269359.0,1.461278899062762
997,656.5,563.0,0.0,8070354.5,6920959.0,0.0,629.5521491276338,1000.0,1584.0,20.645648312611012,1.4672632058919794,308313.0,290061.0,10423.0,3790091709.0,3565719873.0,128129939.0,649.6130240945046,1000.0,1584.0,6285791.0,1.473247512721197
998,433.0,576.5,0.0,5322869.0,7086914.5,0.0,638.6734413938015,1000.0,1584.0,21.028620988725066,1.473247512721197,308755.0,290439.0,10423.0,3795525215.0,3570366627.0,128129939.0,649.5911972105662,1000.0,1584.0,6293605.0,1.473247512721197
999,343.5,412.0,0.0,4222645.5,5064716.0,0.0,635.3812450804633,1000.0,1584.0,21.12621359223301,1.461905318075563,309000.0,290885.0,10423.0,3798537000.0,3575849305.0,128129939.0,649.5741038338155,1000.0,1584.0,6303199.0,1.450563123429929
